symptom_text,risk_tier
enga appaku nethu rathiri irundhu nenju vali romba irukku udane vanga,ER_NOW
en pondatiku sudden ah moochu vida mudiyala,ER_NOW
severe nenju vali,ER_NOW
en veetukararukku mayakkam pottu vizhunthutanga,ER_NOW
en ammaku romba vanthi varuthu continuous ah,ER_NOW
nenju vali romba kashdum,ER_NOW
enga appaku moochu thinaral,ER_NOW
sudden mayakkam,ER_NOW
en ponnu nenju vali romba,ER_NOW
moochu vida mudiyala,ER_NOW
en husband nethu rathiri irundhu nenju vali romba udane hospital,ER_NOW
en payyan ippo sudden ah vanthi blood varuthu,ER_NOW
breathing kashdum romba,ER_NOW
mayakkam twice today,ER_NOW
en daughter nenju vali severe,ER_NOW
thudarchiya vanthi since morning,ER_NOW
enga thathaku moochu vida mudiyala,ER_NOW
sudden ah mayakkam pottu,ER_NOW
nenju vali romba irukku,ER_NOW
en wife vanthi nonstop,ER_NOW
chestpain bad,ER_NOW
moochu kashdum,ER_NOW
enga appa sudden mayakkam,ER_NOW
vanthi blood,ER_NOW
en veetukarar nenju vali,ER_NOW
mayakkam pottu,ER_NOW
severe nenju vali udane vanga,ER_NOW
moochu romba kashdum,ER_NOW
en amma continuous vanthi,ER_NOW
en payyan nenju vali plus moochu thinaral,ER_NOW
en husband mayakkam romba,ER_NOW
nenju vali nethu rathiri irundhu,ER_NOW
mayakkam repeat ah,ER_NOW
en ponnu blood vanthi,ER_NOW
enga thatha nenju vali severe,ER_NOW
sudden vizhunthutaru,ER_NOW
thudarchiya vanthi,ER_NOW
nenju vali romba,ER_NOW
enga appaku nethu rathiri irundhu nenju vali romba irukku udane hospital poga num,ER_NOW
en pondatiku sudden ah moochu thinaral mayakkam varuthu romba bayama irukku,ER_NOW
en veetukararukku nenju vali odu vanthi continuous ah,ER_NOW
en amma sudden ah mayakkam pottu moochu sari illa,ER_NOW
en payyan heavy nenju vali moochu muduthe,ER_NOW
en paati blood vanthi romba weak,ER_NOW
ippo dhaan sudden ah mayakkam pottu vizhunthen,ER_NOW
en ponnu sudden nenju vali mayakkam,ER_NOW
moochu kashdum nenju vali severe,ER_NOW
en husband nenju vali nethu irundhu mayakkam,ER_NOW
continuous vanthi weak ah irukku,ER_NOW
en akka moochu thinaral romba mosama,ER_NOW
nenju vali then sudden mayakkam,ER_NOW
enga thatha dizzy pottu mayakkam,ER_NOW
vanthi control aagala,ER_NOW
moochu romba hard,ER_NOW
vayiru vali blood vanthi,ER_NOW
en wife nenju vali mayakkam,ER_NOW
mayakkam thirumb thirumb,ER_NOW
nenju vali severe ippo,ER_NOW
moochu thinaral romba,ER_NOW
en amma continuous vanthi weak,ER_NOW
sudden mayakkam attack,ER_NOW
en payyan nenju vali moochu kashdum,ER_NOW
en husband serious mayakkam,ER_NOW
nenju vali nethu rathiri,ER_NOW
mayakkam repeat,ER_NOW
thudarchiya vanthi udane vanga,ER_NOW
enga appaku nenju vali romba,ER_NOW
sudden moochu problem,ER_NOW
en pondati mayakkam pottu vizhunthuta,ER_NOW
blood vanthi,ER_NOW
en amma sudden nenju vali,ER_NOW
payyan moochu thinaral,ER_NOW
en paati repeat mayakkam,ER_NOW
nenju vali mayakkam,ER_NOW
en veetukarar nenju vali nethu irundhu,ER_NOW
nenju vali severe,ER_NOW
en payyan moochu kashdum,ER_NOW
mayakkam romba,ER_NOW
continuous vanthi,ER_NOW
en akka nenju vali,ER_NOW
sudden vizhunthen,ER_NOW
moochu thinaral severe,ER_NOW
enga appa mayakkam,ER_NOW
vayiru vali vanthi,ER_NOW
en pondati sudden mayakkam,ER_NOW
nenju vali udane vanga,ER_NOW
moochu hard,ER_NOW
en amma vanthi romba,ER_NOW
en payyan nenju vali,ER_NOW
mayakkam again,ER_NOW
husband moochu thinaral,ER_NOW
enga thatha nenju vali,ER_NOW
nenju vali hospital now,ER_NOW
sudden moochu kashdum,ER_NOW
en pondati continuous vanthi mayakkam,ER_NOW
en husband nenju vali romba mosam,ER_NOW
enga appa mayakkam nethu rathiri,ER_NOW
nenju vali doctor udane,ER_NOW
en payyan moochu trouble mayakkam,ER_NOW
sudden blood vanthi weak,ER_NOW
en ponnu sudden nenju vali,ER_NOW
moochu vida mudiyala udane vanga,ER_NOW
en amma sudden mayakkam,ER_NOW
vayiru vali continuous vanthi,ER_NOW
en husband nenju vali moochu issue,ER_NOW
mayakkam varuthu repeat,ER_NOW
enga thatha blood vanthi,ER_NOW
en payyan nenju vali mayakkam,ER_NOW
husband moochu vida mudiyala,ER_NOW
repeat mayakkam,ER_NOW
enga appa continuous vanthi,ER_NOW
sudden nenju vali,ER_NOW
en wife moochu thinaral,ER_NOW
en amma sudden vizhunthanga,ER_NOW
payyan continuous vanthi,ER_NOW
moochu kashdum severe,ER_NOW
en paati nenju vali,ER_NOW
blood vanthi romba,ER_NOW
en ponnu moochu thinaral,ER_NOW
husband nenju vali,ER_NOW
sudden vanthi,ER_NOW
sudden mayakkam pottu vizhunthen,ER_NOW
enga appaku moochu muduthe,ER_NOW
vayiru vali mayakkam,ER_NOW
en akka sudden nenju vali,ER_NOW
vanthi nonstop,ER_NOW
moochu kashdum mayakkam,ER_NOW
enga thatha sudden mayakkam,ER_NOW
en pondati continuous vanthi,ER_NOW
mayakkam varuthu,ER_NOW
moochu kashdum romba,ER_NOW
enga appa nethu irundhu vali,ER_NOW
en ponnu nenju vali,ER_NOW
vanthi romba,ER_NOW
en husband mayakkam pottu,ER_NOW
en ponnu repeat mayakkam,ER_NOW
sudden moochu thinaral,ER_NOW
en paati blood vanthi,ER_NOW
mayakkam again again,ER_NOW
en payyan severe nenju vali,ER_NOW
enga appaku sudden moochu kashdum,ER_NOW
en pondati mayakkam,ER_NOW
nenju vali udane,ER_NOW
moochu muduthe,ER_NOW
en payyan continuous vanthi,ER_NOW
sudden vizhunthutanga,ER_NOW
blood vanthi varuthu,ER_NOW
moochu vida mudiyala romba,ER_NOW
enga appa nenju vali mayakkam,ER_NOW
en pondati repeat mayakkam,ER_NOW
moochu thinaral,ER_NOW
husband romba vali,ER_NOW
nenju vali nethu irundhu,ER_NOW
en amma blood vanthi,ER_NOW
en payyan sudden nenju vali,ER_NOW
baby ku nethu rathiri irundhu romba kaichal varuthu moochu kashdum udane vanga,ER_NOW
en pregnant pondati ku sudden ah romba vali varuthu rathiri full ah,ER_NOW
chinnu paiyan ku continuous ah vomiting varuthu neram poga poga mayakkam,ER_NOW
magal ku moochu vida mudiyala ippo dhaan sudden ah,ER_NOW
baby ku high fever and body stiff aaguthu,ER_NOW
en pondati pregnant la severe bleeding varuthu udane,ER_NOW
2 years paiyan ku juram romba high ah irukku konjam kooda moochu illa,ER_NOW
wife ku pregnancy la chest pain romba severe,ER_NOW
baby ku nethu irundhu vomiting stop aagala,ER_NOW
en chinnu ponnu ku mayakkam pottu vizhundhuta,ER_NOW
pregnant sister ku sudden ah thala suthuthu fainting,ER_NOW
baby ku moochu kashtam romba heavy,ER_NOW
severe chest pain en veetu pillai ku,ER_NOW
en pondati ku rathiri full ah vomiting and stomach vali,ER_NOW
baby ku kaichal vara vara body blue aaguthu,ER_NOW
3 years magan ku continuous fits vanthuchu,ER_NOW
pregnant wife ku nenju vali romba irukku moochu kashtam,ER_NOW
en baby ku ippo dhaan sudden ah unconscious aana,ER_NOW
ponnu ku high fever and continuous crying nonstop,ER_NOW
pregnant pondati ku severe abdominal pain nethu irundhu,ER_NOW
chinnu baby ku vomiting blood varuthu udane,ER_NOW
en wife ku pregnancy complication la bleeding,ER_NOW
baby ku moochu romba fast ah poguthu,ER_NOW
magal ku mayakkam and vomiting nonstop,ER_NOW
pregnant la irukura ponnuku chest tight aaguthu,ER_NOW
en baby ku high juram and body shivering,ER_NOW
3 days ah en paiyan ku severe diarrhea and dehydration,ER_NOW
pondati ku sudden ah labor pain varuthu early ah,ER_NOW
baby ku breathing difficulty romba,ER_NOW
en chinnu ku fits vanthuchu fever oda,ER_NOW
pregnant wife ku thala vali and vision blur,ER_NOW
baby ku romba high kaichal and lethargic,ER_NOW
ponnu ku continuous vomiting and weak,ER_NOW
en wife ku pregnancy la severe back pain and bleeding spot,ER_NOW
baby ku moochu vida mudiyala ippo,ER_NOW
1 year paiyan ku sudden unconscious,ER_NOW
pregnant pondati ku romba mayakkam,ER_NOW
en magan ku chest pain and breathing issue,ER_NOW
baby ku fever illa aana moochu kashdum romba,ER_NOW
pondati ku rathiri sudden ah severe pain,ER_NOW
chinnu baby ku vomiting and loose motion heavy,ER_NOW
en pregnant sister ku fits vanthuthu,ER_NOW
baby ku body full ah rash and high fever,ER_NOW
wife ku pregnancy la heavy bleeding,ER_NOW
paiyan ku moochu romba kashtam,ER_NOW
en baby ku nethu irundhu continuous cry and fever,ER_NOW
pondati ku mayakkam pottu vizhundhanga,ER_NOW
chinnu ku severe dehydration,ER_NOW
pregnant ponnu ku stomach vali romba,ER_NOW
en baby ku breathing stop aagum pola irukku,ER_NOW
magal ku high juram and neck stiff,ER_NOW
wife ku sudden ah labor signs,ER_NOW
baby ku vomiting blood,ER_NOW
en pondati pregnant la chest heavy,ER_NOW
paiyan ku fits and high kaichal,ER_NOW
baby ku ippo sudden ah moochu illa,ER_NOW
pregnant wife ku severe headache and vomiting,ER_NOW
en chinnu ponnu ku unconscious aana,ER_NOW
baby ku romba high fever and not responding,ER_NOW
pondati ku bleeding and pain,ER_NOW
magan ku severe chest pain,ER_NOW
en baby ku continuous seizure,ER_NOW
pregnant la irukura ku sudden fainting,ER_NOW
paiyan ku moochu kashdum heavy,ER_NOW
baby ku fever oda vomiting nonstop,ER_NOW
en wife ku pregnancy complication,ER_NOW
chinnu ku body full blue and breathing issue,ER_NOW
pondati ku romba vali stomach la,ER_NOW
baby ku mayakkam and high juram,ER_NOW
en pregnant sister ku severe nenju vali,ER_NOW
baby ku nethu rathiri irundhu moochu kashtam,ER_NOW
ponnu ku continuous fits,ER_NOW
wife ku pregnancy la heavy vomiting blood,ER_NOW
en baby ku sudden ah unconscious,ER_NOW
chinnu paiyan ku severe diarrhea dehydration,ER_NOW
pregnant pondati ku thala suthuthu and pain,ER_NOW
baby ku romba cry and breathing fast,ER_NOW
en magal ku high fever and lethargic,ER_NOW
wife ku sudden bleeding,ER_NOW
baby ku moochu vida mudiyala,ER_NOW
pondati ku mayakkam pottu,ER_NOW
en paiyan ku chest pain severe,ER_NOW
baby ku fits vanthuchu,ER_NOW
pregnant wife ku abdominal vali heavy,ER_NOW
chinnu ku vomiting continuous,ER_NOW
en baby ku high kaichal body stiff,ER_NOW
pondati ku rathiri irundhu severe pain,ER_NOW
magan ku moochu kashtam,ER_NOW
baby ku sudden mayakkam,ER_NOW
en pregnant ponnu ku vision blur and headache,ER_NOW
baby ku fever illa aana moochu romba fast,ER_NOW
wife ku pregnancy la fainting,ER_NOW
chinnu ku dehydration severe,ER_NOW
en baby ku continuous cry and fever,ER_NOW
pondati ku nenju vali romba,ER_NOW
paiyan ku fits and unconscious,ER_NOW
baby ku ippo dhaan breathing difficulty,ER_NOW
en pregnant la irukura ku bleeding spot,ER_NOW
baby ku high juram and not waking,ER_NOW
wife ku severe stomach vali,ER_NOW
chinnu ponnu ku moochu kashdum,ER_NOW
en baby ku vomiting and mayakkam,ER_NOW
pondati ku labor pain early,ER_NOW
magal ku severe chest issue,ER_NOW
baby ku nethu irundhu fits,ER_NOW
en pregnant wife ku heavy headache,ER_NOW
baby ku body shivering and fever,ER_NOW
chinnu ku unconscious pola,ER_NOW
pondati ku sudden ah mayakkam,ER_NOW
en baby ku romba high kaichal,ER_NOW
wife ku pregnancy complication vali,ER_NOW
paiyan ku moochu illa,ER_NOW
baby ku continuous vomiting,ER_NOW
en pregnant ponnu ku nenju tight,ER_NOW
chinnu ku severe fever,ER_NOW
baby ku sudden fits,ER_NOW
pondati ku bleeding heavy,ER_NOW
en magan ku chest pain,ER_NOW
baby ku breathing stop pola,ER_NOW
wife ku rathiri irundhu vomiting,ER_NOW
baby ku mayakkam pottu,ER_NOW
en pregnant wife ku severe pain,ER_NOW
chinnu ku dehydration,ER_NOW
baby ku high juram,ER_NOW
pondati ku fainting,ER_NOW
en paiyan ku moochu kashtam,ER_NOW
pregnant la irukura ku abdominal vali,ER_NOW
baby ku fits vanthu,ER_NOW
en wife ku heavy bleeding,ER_NOW
chinnu ku body blue,ER_NOW
baby ku romba lethargic,ER_NOW
pondati ku chest vali,ER_NOW
en magal ku high fever,ER_NOW
baby ku sudden unconscious,ER_NOW
pregnant pondati ku mayakkam,ER_NOW
baby ku moochu heavy,ER_NOW
en wife ku labor signs,ER_NOW
chinnu ku vomiting blood,ER_NOW
baby ku severe diarrhea,ER_NOW
pondati ku thala vali severe,ER_NOW
en baby ku nethu rathiri kaichal,ER_NOW
pregnant wife ku fainting,ER_NOW
paiyan ku chest heavy,ER_NOW
baby ku continuous seizure,ER_NOW
en pondati ku stomach vali romba,ER_NOW
baby ku breathing difficulty,ER_NOW
chinnu ku high juram,ER_NOW
pregnant ponnu ku bleeding,ER_NOW
en baby ku mayakkam,ER_NOW
wife ku nenju vali,ER_NOW
magan ku fits,ER_NOW
baby ku vomiting nonstop,ER_NOW
en pondati ku sudden pain,ER_NOW
baby ku moochu kashdum,ER_NOW
pregnant wife ku severe headache,ER_NOW
chinnu ku unconscious,ER_NOW
en baby ku body stiff,ER_NOW
wife ku pregnancy la vali,ER_NOW
baby ku high kaichal,ER_NOW
pondati ku mayakkam pottu vizhundhu,ER_NOW
en paiyan ku severe chest pain,ER_NOW
baby ku sudden ah moochu illa,ER_NOW
pregnant la irukura ku heavy vomiting,ER_NOW
chinnu ku dehydration heavy,ER_NOW
en baby ku fits and fever,ER_NOW
wife ku bleeding spot,ER_NOW
baby ku romba cry and weak,ER_NOW
pondati ku labor early,ER_NOW
en magal ku moochu kashtam,ER_NOW
baby ku high fever and not responding,ER_NOW
pregnant wife ku thala suthuthu,ER_NOW
en chinnu ku severe kaichal,ER_NOW
pondati ku chest pain,ER_NOW
baby ku sudden fainting,ER_NOW
wife ku severe abdominal pain,ER_NOW
en baby ku moochu vida mudiyala,ER_NOW
pregnant ponnu ku fits,ER_NOW
paiyan ku high juram,ER_NOW
baby ku body blue aaguthu,ER_NOW
en pondati ku mayakkam,ER_NOW
chinnu ku breathing issue,ER_NOW
baby ku nethu irundhu unconscious,ER_NOW
wife ku heavy bleeding,ER_NOW
en baby ku severe chest pain,ER_NOW
pregnant wife ku sudden vali,ER_NOW
magan ku continuous fits,ER_NOW
baby ku romba high kaichal,ER_NOW
en pondati ku vomiting blood,ER_NOW
chinnu ku mayakkam,ER_NOW
wife ku pregnancy complication,ER_NOW
en baby ku sudden seizure,ER_NOW
pregnant la irukura ku severe pain,ER_NOW
baby ku fever oda moochu illa,ER_NOW
enga thathaku sudden ah moochu vida mudiyala udane vanga,ER_NOW
en paati ku nethu rathiri irundhu severe nenju vali,ER_NOW
appaku mayakkam pottu vizhunthutaru ippo dhaan,ER_NOW
fever illa aana en paati ku nenju romba valikithu,ER_NOW
enga thathaku 2 days ah heavy breathing difficulty,ER_NOW
en veetu paati ku sudden ah chest pain romba,ER_NOW
appaku continuous vomiting and mayakkam,ER_NOW
enga thathaku sugar level crash aagi unconscious,ER_NOW
paati ku moochu kashdum heavy nethu irundhu,ER_NOW
severe nenju vali en thathaku udane vanga,ER_NOW
appaku ippo dhaan sudden ah mayakkam pottu,ER_NOW
paati ku rathiri full ah vomiting blood,ER_NOW
enga thathaku BP high aagi thala vali romba,ER_NOW
en veetukararukku fits vanthuchu sugar problem oda,ER_NOW
paati ku moochu vida mudiyala sudden ah,ER_NOW
enga thathaku 3 days severe joint pain aana ippo chest tight,ER_NOW
appaku vomiting nonstop and weakness,ER_NOW
en paati ku mayakkam and body shivering nethu irundhu,ER_NOW
enga thathaku breathing kashtam romba heavy,ER_NOW
severe chestpain en paati ku,ER_NOW
appaku sudden ah unconscious aana,ER_NOW
en paati ku nenju vali romba irukku moochu kashtam,ER_NOW
enga thathaku high BP and vomiting,ER_NOW
veetu thathaku fits vanthuthu,ER_NOW
paati ku moochu fast ah poguthu and pain,ER_NOW
enga appaku nethu rathiri irundhu chest heaviness,ER_NOW
thathaku continuous vomiting blood varuthu,ER_NOW
paati ku sudden fainting ippo dhaan,ER_NOW
enga thathaku sugar level problem and mayakkam,ER_NOW
en appaku moochu kashdum romba,ER_NOW
severe nenju vali 2 days en paati ku,ER_NOW
thathaku ippo sudden ah breathing illa,ER_NOW
paati ku vomiting and mayakkam nonstop,ER_NOW
enga appaku chest pain sudden ah,ER_NOW
paati ku high BP oda moochu difficulty,ER_NOW
enga thathaku unconscious pola irukku,ER_NOW
veetukararukku severe joint pain aagi fainted,ER_NOW
en paati ku rathiri irundhu vomiting,ER_NOW
enga thathaku moochu vida mudiyala udane,ER_NOW
appaku mayakkam pottu vizhundharu,ER_NOW
paati ku nenju vali romba nethu irundhu,ER_NOW
severe breathing problem en thathaku,ER_NOW
enga paati ku sudden ah sugar crash,ER_NOW
appaku fits and high BP,ER_NOW
paati ku chest tight aaguthu,ER_NOW
enga thathaku continuous vomiting,ER_NOW
veetu paati ku moochu kashtam heavy,ER_NOW
appaku mayakkam and vomiting,ER_NOW
paati ku sudden unconscious,ER_NOW
enga thathaku nenju vali 3 days ah,ER_NOW
paati ku breathing difficulty romba,ER_NOW
appaku ippo dhaan fainting,ER_NOW
enga thathaku sugar problem oda chest pain,ER_NOW
en paati ku moochu kashdum,ER_NOW
severe chest pain en thathaku udane vanga,ER_NOW
appaku vomiting blood,ER_NOW
paati ku mayakkam pottu,ER_NOW
enga thathaku high BP sudden,ER_NOW
paati ku moochu illa pola,ER_NOW
appaku fits vanthuchu,ER_NOW
paati ku nenju vali and dizziness,ER_NOW
enga thathaku continuous seizure,ER_NOW
veetukararukku breathing stop pola,ER_NOW
paati ku rathiri irundhu vomiting,ER_NOW
enga appaku sudden mayakkam,ER_NOW
en thathaku chest pain heavy,ER_NOW
paati ku moochu kashtam nethu irundhu,ER_NOW
enga thathaku unconscious aana,ER_NOW
appaku severe nenju vali,ER_NOW
en paati ku sugar crash and fainting,ER_NOW
paati ku vomiting nonstop,ER_NOW
appaku chest heaviness,ER_NOW
enga thathaku fits with BP,ER_NOW
paati ku sudden breathing issue,ER_NOW
veetu thathaku mayakkam pottu vizhuntharu,ER_NOW
appaku nenju vali romba,ER_NOW
en paati ku moochu kashdum heavy,ER_NOW
enga thathaku vomiting blood,ER_NOW
paati ku high BP and pain,ER_NOW
appaku sudden fainting,ER_NOW
paati ku chest pain sudden ah,ER_NOW
thathaku moochu difficulty,ER_NOW
appaku mayakkam and weakness,ER_NOW
en paati ku nenju vali nethu rathiri,ER_NOW
enga thathaku breathing kashtam,ER_NOW
paati ku unconscious pola,ER_NOW
appaku severe chest pain,ER_NOW
enga paati ku sugar level problem,ER_NOW
thathaku moochu vida mudiyala,ER_NOW
paati ku vomiting and mayakkam,ER_NOW
enga appaku fits vanthu,ER_NOW
en paati ku sudden ah moochu illa,ER_NOW
thathaku nenju vali heavy,ER_NOW
appaku fainting episode,ER_NOW
paati ku breathing fast and pain,ER_NOW
enga thathaku vomiting continuous,ER_NOW
paati ku chest tight,ER_NOW
appaku mayakkam pottu,ER_NOW
enga thathaku high sugar crash,ER_NOW
severe nenju vali en thathaku,ER_NOW
appaku sudden unconscious,ER_NOW
paati ku rathiri vomiting,ER_NOW
enga thathaku breathing difficulty,ER_NOW
paati ku mayakkam,ER_NOW
appaku chest pain romba,ER_NOW
enga paati ku fits,ER_NOW
en thathaku moochu illa,ER_NOW
paati ku vomiting blood,ER_NOW
enga appaku nenju vali,ER_NOW
paati ku sudden fainting,ER_NOW
en thathaku sugar problem,ER_NOW
appaku moochu kashtam,ER_NOW
enga paati ku chest heaviness,ER_NOW
thathaku continuous vomiting,ER_NOW
en paati ku mayakkam pottu vizhuntha,ER_NOW
enga appaku breathing stop pola,ER_NOW
paati ku high BP sudden,ER_NOW
thathaku nenju vali,ER_NOW
en appaku unconscious,ER_NOW
enga paati ku moochu kashdum,ER_NOW
thathaku vomiting nonstop,ER_NOW
paati ku chest pain,ER_NOW
enga appaku fits vanthuchu,ER_NOW
paati ku sudden mayakkam,ER_NOW
thathaku breathing difficulty,ER_NOW
appaku nenju vali heavy,ER_NOW
enga paati ku sugar crash,ER_NOW
paati ku vomiting,ER_NOW
enga appaku fainting,ER_NOW
en paati ku chest tight aaguthu,ER_NOW
thathaku continuous seizure,ER_NOW
enga paati ku mayakkam,ER_NOW
en thathaku nenju vali romba,ER_NOW
paati ku breathing heavy,ER_NOW
enga appaku vomiting blood,ER_NOW
en thathaku high BP,ER_NOW
appaku chest pain,ER_NOW
thathaku moochu illa,ER_NOW
en paati ku mayakkam pottu,ER_NOW
thathaku breathing kashtam,ER_NOW
en appaku sudden fainting,ER_NOW
enga paati ku sugar problem,ER_NOW
thathaku chest heaviness,ER_NOW
paati ku moochu kashdum,ER_NOW
enga appaku vomiting,ER_NOW
paati ku unconscious,ER_NOW
thathaku nenju vali sudden,ER_NOW
appaku fits vanthu,ER_NOW
enga paati ku breathing difficulty,ER_NOW
thathaku mayakkam,ER_NOW
paati ku chest pain heavy,ER_NOW
enga appaku moochu vida mudiyala,ER_NOW
en paati ku vomiting blood,ER_NOW
thathaku high sugar,ER_NOW
appaku fainting,ER_NOW
enga paati ku nenju vali,ER_NOW
en thathaku continuous vomiting,ER_NOW
paati ku sudden ah moochu illa,ER_NOW
enga appaku chest tight,ER_NOW
en thathaku breathing kashtam,ER_NOW
thathaku unconscious pola,ER_NOW
en paati ku vomiting nonstop,ER_NOW
enga appaku moochu kashdum,ER_NOW
thathaku sugar crash,ER_NOW
en appaku chest pain,ER_NOW
enga paati ku breathing heavy,ER_NOW
thathaku mayakkam pottu,ER_NOW
paati ku nenju vali,ER_NOW
paati ku moochu vida mudiyala,ER_NOW
thathaku high BP sudden,ER_NOW
appaku unconscious,ER_NOW
thathaku fits vanthuchu,ER_NOW
thathaku moochu kashtam,ER_NOW
appaku mayakkam,ER_NOW
enga paati ku fainting,ER_NOW
en thathaku chest pain,ER_NOW
paati ku continuous vomiting,ER_NOW
enga appaku breathing difficulty,ER_NOW
paati ku sugar level problem,ER_NOW
en thathaku sudden unconscious,ER_NOW
appaku moochu illa,ER_NOW
enga paati ku nenju vali heavy,ER_NOW
enga appaku nethu rathiri irundhu sudden ah moochu vida mudiyala udane vanga,ER_NOW
pondatiku dengue juram vanthu romba kaichal um bleeding um,ER_NOW
veetukararukku paambu kadichiduchu kaalu perusu aagi mayakkam,ER_NOW
severe nenju vali ippo dhaan vanthuchu,ER_NOW
fever illa aana en appaku moochu kashdum romba,ER_NOW
3 days ah malaria juram udane hospital,ER_NOW
pesticide oosi pottu vanthi continuous ah varuthu,ER_NOW
magan working in rain snake bite aagi vizhunthan,ER_NOW
kaichal um body full ah thadippu um mayakkam,ER_NOW
pondati nenju romba valikuthu moochu sari illa,ER_NOW
sudden ah chestpain vanthu mhoochu vida mudiyala,ER_NOW
enga ammaku pesticide exposure aagi vomiting nonstop,ER_NOW
dengue symptoms romba severe platelet count low,ER_NOW
veetukarar farm la rain la velai senju juram vanthu fainting,ER_NOW
paambu kadippu kaal la bleeding um swelling um,ER_NOW
nethu irundhu severe breathing difficulty,ER_NOW
mayakkam pottu vizhunthutanga udane vanga,ER_NOW
appaku continuous vanthi um stomach pain um,ER_NOW
kachal romba high ah malaria pola irukku,ER_NOW
magalukku snake bite aagi leg full ah perusu,ER_NOW
fever illa ana moochu romba kashtam,ER_NOW
pesticide visham pottu body la rashes um mayakkam,ER_NOW
dengue juram vanthu bleeding gums um,ER_NOW
pondatiku nenju vali sudden ah vanthuchu,ER_NOW
working in heavy rain la cold aagi severe cough um breathing issue,ER_NOW
enga appa paambu kadichu hospital urgent,ER_NOW
romba mayakkam varuthu faint aagiruvom pola,ER_NOW
severe chestpain um moochu sari illa,ER_NOW
en veetukararukku malaria fever 4 days ah,ER_NOW
visham oosi pottu vanthi vanthu vizhura alavuku,ER_NOW
ponnu rain la velai senju dengue symptoms,ER_NOW
nethu rathiri irundhu moochu vida mudiyala,ER_NOW
paambu kadippu romba vali um swelling,ER_NOW
fever kachall um body pain um severe,ER_NOW
ammaku pesticide exposure aagi unconscious,ER_NOW
sudden ah mayakkam pottu ground la vizhunthan,ER_NOW
dengue la platelet drop aagi bleeding,ER_NOW
veetukarar farm la work panni juram high,ER_NOW
mhoochu kashdum romba varuthu chest tight,ER_NOW
snake bite aagi leg full ah black aagi,ER_NOW
en pondati continuous vomiting um weakness,ER_NOW
juram illa aana severe nenju vali,ER_NOW
pesticide spray panni vanthi um dizziness,ER_NOW
malaria symptoms romba severe alternate day,ER_NOW
enga appaku rain la nanainju fever vanthu breathing problem,ER_NOW
paambu kadichiduchu udane hospital poganum,ER_NOW
mayakkam varuthu pottu vizhuvom pola,ER_NOW
severe chest pain nethu irundhu,ER_NOW
en maganukku dengue high fever bleeding nose,ER_NOW
visham touch aagi body la reaction romba,ER_NOW
moochu sari illa sudden ah vanthuchu,ER_NOW
pondatiku farm accident snake bite,ER_NOW
kachal um vomiting um nonstop,ER_NOW
fever illa ana moochu kashtam romba,ER_NOW
appa pesticide la work panni ill aana,ER_NOW
dengue pola irukku severe body pain,ER_NOW
sudden ah faint aagi vizhunthanga,ER_NOW
paambu kadippu kaal vali romba,ER_NOW
veetukararukku chest tight aagi moochu problem,ER_NOW
malaria juram vanthu unconscious aana alavu,ER_NOW
working in rain la cold aagi severe symptoms,ER_NOW
ammaku vanthi continuous ah varuthu,ER_NOW
snake bite aagi full body swelling,ER_NOW
nethu rathiri irundhu juram high,ER_NOW
pesticide exposure aagi dizziness um vomiting,ER_NOW
severe nenju vali um breathing difficulty,ER_NOW
ponnukku mayakkam pottu vizhura,ER_NOW
dengue fever um bleeding gums,ER_NOW
enga appaku moochu vida mudiyala ippo,ER_NOW
farm la rain la velai senju paambu bite,ER_NOW
kachall romba varuthu malaria symptoms,ER_NOW
pondati nenju vali romba severe,ER_NOW
visham pottu body full ah rashes,ER_NOW
sudden chestpain vanthu hospital urgent,ER_NOW
maganukku breathing issue romba,ER_NOW
paambu kadichu leg perusu aagi,ER_NOW
fever illa aana moochu kashdum,ER_NOW
continuous vomiting um mayakkam,ER_NOW
dengue la severe weakness vanthuchu,ER_NOW
veetukarar rain la nanainju juram,ER_NOW
snake bite symptoms romba dangerous,ER_NOW
pesticide oosi aagi vanthi nonstop,ER_NOW
mayakkam varuthu pottu vizhunthutaru,ER_NOW
enga ammaku severe chest pain,ER_NOW
malaria fever high ah irukku,ER_NOW
moochu sari illa nethu irundhu,ER_NOW
appa farm la work panni snake kadippu,ER_NOW
juram um body pain um severe,ER_NOW
en pondatiku pesticide reaction romba,ER_NOW
sudden ah faint aana situation,ER_NOW
dengue symptoms bleeding um high fever,ER_NOW
kachal illa aana moochu problem,ER_NOW
paambu bite aagi full swelling,ER_NOW
magalukku vanthi continuous,ER_NOW
severe nenju vali um mayakkam,ER_NOW
working rain la cold severe aagi,ER_NOW
en veetukararukku breathing difficulty,ER_NOW
visham touch panni reaction,ER_NOW
nethu rathiri moochu kashtam,ER_NOW
enga appaku malaria pola severe,ER_NOW
snake bite kaal la romba vali,ER_NOW
fever vanthu vomiting nonstop,ER_NOW
pondati chest pain sudden,ER_NOW
pesticide la ill aagi dizziness,ER_NOW
dengue high fever um bleeding,ER_NOW
mayakkam pottu vizhura alavu,ER_NOW
amma moochu vida mudiyala,ER_NOW
farm accident paambu kadichiduchu,ER_NOW
severe chestpain romba varuthu,ER_NOW
juram illa ana breathing issue,ER_NOW
appa pesticide exposure,ER_NOW
continuous vanthi um weakness,ER_NOW
malaria symptoms romba high,ER_NOW
snake bite full body reaction,ER_NOW
nethu irundhu moochu problem,ER_NOW
ponnu mayakkam sudden ah,ER_NOW
dengue la platelet issue severe,ER_NOW
kachal romba um vomiting,ER_NOW
enga veetukarar rain la work senju,ER_NOW
paambu kadippu urgent hospital,ER_NOW
fever illa aana nenju vali,ER_NOW
pesticide visham romba effect,ER_NOW
sudden breathing difficulty vanthuchu,ER_NOW
maganukku chest tight aagi,ER_NOW
mayakkam varuthu vizhunthan,ER_NOW
severe dengue symptoms,ER_NOW
pondatiku moochu kashdum,ER_NOW
snake bite aagi swelling romba,ER_NOW
continuous vomiting ippo dhaan,ER_NOW
juram high ah malaria,ER_NOW
working in rain la severe cold,ER_NOW
appaku faint aagiruchu,ER_NOW
pesticide reaction body la,ER_NOW
nenju vali romba severe,ER_NOW
dengue fever bleeding nose,ER_NOW
moochu vida mudiyala nethu,ER_NOW
en ammaku paambu bite,ER_NOW
mayakkam pottu ground la,ER_NOW
severe chest pain um,ER_NOW
fever illa ana moochu,ER_NOW
visham pottu vanthi,ER_NOW
veetukarar malaria severe,ER_NOW
snake kadichu leg black,ER_NOW
breathing difficulty romba,ER_NOW
en ponnukku sudden mayakkam,ER_NOW
dengue symptoms vanthuchu,ER_NOW
kachal um body pain,ER_NOW
pesticide exposure aagi,ER_NOW
enga appa nenju vali,ER_NOW
continuous vanthi varuthu,ER_NOW
rain la work panni juram,ER_NOW
paambu bite romba vali,ER_NOW
moochu sari illa,ER_NOW
pondati faint pottu,ER_NOW
severe breathing issue,ER_NOW
malaria fever high,ER_NOW
visham reaction sudden,ER_NOW
magan chestpain,ER_NOW
dengue bleeding gums,ER_NOW
juram illa aana moochu,ER_NOW
snake bite swelling,ER_NOW
nethu rathiri vanthi,ER_NOW
amma mayakkam,ER_NOW
pesticide ill aana,ER_NOW
enga appaku breathing,ER_NOW
farm rain la snake,ER_NOW
fever high vomiting,ER_NOW
en veetukarar moochu,ER_NOW
mayakkam vizhunthan,ER_NOW
dengue severe,ER_NOW
paambu kadippu,ER_NOW
chest pain sudden,ER_NOW
visham pottu,ER_NOW
malaria symptoms,ER_NOW
pondati juram,ER_NOW
snake bite urgent,ER_NOW
continuous vomiting,ER_NOW
nethu irundhu mayakkam,ER_NOW
severe chestpain,ER_NOW
dengue bleeding,ER_NOW
fever illa moochu,ER_NOW
en appa faint,ER_NOW
rain la work issue,ER_NOW
paambu swelling,ER_NOW
breathing difficulty,ER_NOW
en magal vomiting,ER_NOW
juram romba,ER_NOW
எங்க அப்பாக்கு நேத்து ராத்திரி இருந்து நெஞ்சு வலி ரொம்ப அதிகமா இருக்கு உடனே வாங்க,ER_NOW
என் பொண்டாட்டிக்கு திடீர்னு மூச்சு விட முடியல மயக்கம் வருது,ER_NOW
வீட்டுக்காரர் நெஞ்சு வலியோட வாந்தி பண்றாரு ரொம்ப,ER_NOW
எங்க அம்மாவுக்கு திடீரா மயக்கம் போட்டு விழுந்துட்டாங்க,ER_NOW
நெஞ்சு வலி ரொம்ப கஷ்டமா இருக்கு,ER_NOW
என் பையனுக்கு மூச்சு திணறல் அதிகமா இருக்கு உடனே வாங்க,ER_NOW
எங்க தாத்தாவுக்கு ரத்தம் வாந்தி வருது நேத்து இருந்து,ER_NOW
திடீர்னு மயக்கம் வந்து விழுந்துட்டேன்,ER_NOW
என் பொண்ணுக்கு நெஞ்சு வலி மயக்கம்,ER_NOW
மூச்சு விட ரொம்ப கஷ்டமா இருக்கு டாக்டர்,ER_NOW
எங்க அப்பாக்கு நெஞ்சு வலி அதிகமா இருக்கு உடனே கூட்டிட்டு போ,ER_NOW
வீட்டுக்காரருக்கு திடீர்னு வயிறு வலி வாந்தி தொடர்ச்சியா,ER_NOW
என் அக்காவுக்கு மூச்சு திணறல் ரொம்ப மோசமா இருக்கு,ER_NOW
நெஞ்சு வலி வந்து மயக்கம்,ER_NOW
எங்க பாட்டிக்கு தலை சுற்றி மயக்கம் போட்டுடுச்சு,ER_NOW
ரொம்ப வாந்தி வருது நிற்கவே மாட்டேங்குது,ER_NOW
என் மகனுக்கு நெஞ்சு வலி திடீர்னு,ER_NOW
மூச்சு முட்டுது கஷ்டமா இருக்கு,ER_NOW
எங்க வீட்டுக்காரருக்கு நேத்து ராத்திரி மயக்கம் வந்து விழுந்தாரு,ER_NOW
தொடர்ச்சியா வாந்தி பண்ணி பலவீனமா இருக்கு,ER_NOW
நெஞ்சு வலி அதிகமா,ER_NOW
மூச்சு திணறல்,ER_NOW
எங்க அப்பா திடீர்னு மயக்கம்,ER_NOW
வயிறு வலி ரத்த வாந்தி,ER_NOW
என் பொண்டாட்டி நெஞ்சு வலி,ER_NOW
மயக்கம் போட்டு விழுந்துட்டாங்க,ER_NOW
நெஞ்சு வலியா இருக்கு உடனே வாங்க,ER_NOW
மூச்சு கஷ்டம் ரொம்ப,ER_NOW
எங்க அம்மா தொடர்ச்சி வாந்தி,ER_NOW
திடீரா மயக்கம்,ER_NOW
எங்க பையனுக்கு நெஞ்சு வலி மூச்சு திணறல்,ER_NOW
வீட்டுக்காரர் ரொம்ப மோசமா மயக்கம்,ER_NOW
நெஞ்சு வலி ராத்திரி இருந்து,ER_NOW
மயக்கம் வருது திரும்ப திரும்ப,ER_NOW
என் பொண்ணு வாந்தி ரத்தம்,ER_NOW
மூச்சு விட முடியல,ER_NOW
எங்க தாத்தா நெஞ்சு வலி அதிகம்,ER_NOW
திடீர்னு விழுந்துட்டாரு,ER_NOW
ரொம்ப வாந்தி வருது,ER_NOW
நெஞ்சு வலி கஷ்டம்,ER_NOW
எங்க அப்பாக்கு நேத்து ராத்திரி இருந்து நெஞ்சு வலி ரொம்ப அதிகமா இருக்கு உடனே ஆஸ்பத்திரிக்கு கூட்டணும்,ER_NOW
என் பொண்டாட்டிக்கு திடீர்னு மூச்சு திணறி மயக்கம் வருது ரொம்ப பயமா இருக்கு,ER_NOW
வீட்டுக்காரர் நெஞ்சு வலியோட தொடர்ச்சியா வாந்தி பண்றாரு உடனே வாங்க,ER_NOW
எங்க அம்மாவுக்கு திடீரா மயக்கம் போட்டு விழுந்துட்டாங்க மூச்சு சரியில்ல,ER_NOW
என் பையனுக்கு நெஞ்சு வலி அதிகமா இருக்கு மூச்சு முட்டுது,ER_NOW
எங்க பாட்டிக்கு ரத்தம் வந்து வாந்தி வருது ரொம்ப பலவீனம்,ER_NOW
திடீர்னு மயக்கம் வந்து தரையில விழுந்துட்டேன் யாரும் இல்ல,ER_NOW
என் மகளுக்கு நெஞ்சு வலி திடீர்னு வந்து மயக்கம்,ER_NOW
மூச்சு விட ரொம்ப கஷ்டமா இருக்கு நெஞ்சுல வலி,ER_NOW
எங்க வீட்டுக்காரருக்கு நேத்து இருந்து நெஞ்சு வலி மயக்கம் வருது,ER_NOW
தொடர்ச்சியா வாந்தி பண்ணி உடம்பு தள்ளாடுது,ER_NOW
எங்க அக்காவுக்கு மூச்சு திணறல் ரொம்ப மோசமா,ER_NOW
நெஞ்சு வலி வந்து திடீரா மயக்கம் போட்டேன்,ER_NOW
எங்க தாத்தாவுக்கு தலை சுற்றி மயக்கம் வந்து விழுந்துட்டாரு,ER_NOW
ரொம்ப வாந்தி வருது நிறுத்த முடியல,ER_NOW
என் பொண்ணுக்கு நெஞ்சு வலி ரொம்ப,ER_NOW
மூச்சு முட்டி கஷ்டப்படுது,ER_NOW
எங்க அப்பா திடீர்னு மயக்கம் போட்டாரு,ER_NOW
வயிறு வலி ரத்த வாந்தி வருது,ER_NOW
என் பொண்டாட்டி நெஞ்சு வலியோட மயக்கம்,ER_NOW
மயக்கம் திரும்ப திரும்ப வருது,ER_NOW
நெஞ்சு வலி அதிகமா இருக்கு உடனே,ER_NOW
மூச்சு திணறல் ரொம்ப கஷ்டம்,ER_NOW
எங்க அம்மா தொடர்ச்சி வாந்தி பண்ணி பலவீனம்,ER_NOW
திடீரா மயக்கம் வந்துடுச்சு,ER_NOW
வீட்டுக்காரர் ரொம்ப மோசமா இருக்கு மயக்கம்,ER_NOW
நெஞ்சு வலி நேத்து ராத்திரி இருந்து,ER_NOW
மயக்கம் வருது தொடர்ச்சியா,ER_NOW
என் பொண்ணு ரத்தம் வாந்தி பண்றா,ER_NOW
மூச்சு விட முடியல ரொம்ப,ER_NOW
எங்க தாத்தா நெஞ்சு வலி அதிகமா இருக்கு,ER_NOW
திடீர்னு விழுந்துட்டாரு மயக்கம்,ER_NOW
ரொம்ப வாந்தி வருது உடனே வாங்க,ER_NOW
நெஞ்சு வலி கஷ்டமா இருக்கு,ER_NOW
எங்க அப்பாக்கு நெஞ்சு வலி ரொம்ப அதிகமா,ER_NOW
மூச்சு கஷ்டம் திடீர்னு,ER_NOW
என் பொண்டாட்டிக்கு மயக்கம் போட்டு விழுந்துட்டா,ER_NOW
வீட்டுக்காரருக்கு வாந்தி ரத்தம்,ER_NOW
எங்க அம்மா திடீரா நெஞ்சு வலி,ER_NOW
பையனுக்கு மூச்சு திணறல்,ER_NOW
எங்க பாட்டி மயக்கம் தொடர்ச்சி,ER_NOW
நெஞ்சு வலி மயக்கம்,ER_NOW
எங்க வீட்டுக்காரர் நேத்து இருந்து வலி,ER_NOW
திடீர்னு மயக்கம் வந்து,ER_NOW
ரத்த வாந்தி வருது,ER_NOW
நெஞ்சு வலியா இருக்கு,ER_NOW
என் மகன் மூச்சு கஷ்டம்,ER_NOW
மயக்கம் போட்டுடுச்சு,ER_NOW
வாந்தி தொடர்ச்சியா,ER_NOW
எங்க அக்கா நெஞ்சு வலி,ER_NOW
திடீரா விழுந்துட்டேன்,ER_NOW
நெஞ்சு வலி ரொம்ப,ER_NOW
மூச்சு திணறல் அதிகம்,ER_NOW
எங்க அப்பா மயக்கம்,ER_NOW
என் பொண்டாட்டி திடீர்னு மயக்கம்,ER_NOW
நெஞ்சு வலி உடனே வாங்க,ER_NOW
மூச்சு முட்டுது,ER_NOW
எங்க அம்மாவுக்கு வாந்தி ரொம்ப,ER_NOW
எங்க பையன் நெஞ்சு வலி,ER_NOW
மயக்கம் வந்துடுச்சு,ER_NOW
வீட்டுக்காரர் மூச்சு திணறல்,ER_NOW
ரத்தம் வாந்தி,ER_NOW
எங்க தாத்தா நெஞ்சு வலி,ER_NOW
திடீர்னு விழுந்தாரு,ER_NOW
நெஞ்சு வலி அதிகமா இருக்கு உடனே ஆஸ்பத்திரி போகணும்,ER_NOW
மூச்சு விட ரொம்ப கஷ்டம் திடீர்னு வந்துச்சு,ER_NOW
என் பொண்டாட்டிக்கு தொடர்ச்சியா வாந்தி மயக்கம்,ER_NOW
வீட்டுக்காரருக்கு நெஞ்சுல வலி ரொம்ப மோசம்,ER_NOW
எங்க அப்பாக்கு மயக்கம் போட்டு விழுந்துட்டாரு நேத்து ராத்திரி,ER_NOW
நெஞ்சு வலி ரொம்ப அதிகமா இருக்கு டாக்டர் உடனே,ER_NOW
எங்க பையனுக்கு மூச்சு திணறி மயக்கம் வருது,ER_NOW
திடீரா ரத்த வாந்தி பண்ணி பலவீனமா இருக்கு,ER_NOW
என் பொண்ணுக்கு நெஞ்சு வலி திடீர்னு வந்து,ER_NOW
மூச்சு முட்டி கஷ்டப்படுது உடனே வாங்க,ER_NOW
எங்க அம்மா திடீர்னு மயக்கம் போட்டாங்க,ER_NOW
வயிறு வலி வந்து தொடர்ச்சி வாந்தி,ER_NOW
எங்க வீட்டுக்காரர் நெஞ்சு வலியோட மூச்சு கஷ்டம்,ER_NOW
ரொம்ப மயக்கம் வருது திரும்ப திரும்ப,ER_NOW
நெஞ்சு வலி கஷ்டமா,ER_NOW
மூச்சு திணறல் ரொம்ப,ER_NOW
எங்க தாத்தா வாந்தி ரத்தம்,ER_NOW
திடீர்னு மயக்கம்,ER_NOW
என் மகனுக்கு நெஞ்சு வலி மயக்கம்,ER_NOW
வீட்டுக்காரருக்கு மூச்சு விட முடியல,ER_NOW
நெஞ்சு வலி அதிகம் இருக்கு,ER_NOW
மயக்கம் தொடர்ச்சியா வருது,ER_NOW
எங்க அப்பா ரொம்ப வாந்தி,ER_NOW
திடீரா நெஞ்சு வலி,ER_NOW
என் பொண்டாட்டி மூச்சு திணறல்,ER_NOW
எங்க அம்மாவுக்கு திடீர்னு விழுந்துட்டாங்க,ER_NOW
பையனுக்கு வாந்தி தொடர்ச்சி,ER_NOW
மூச்சு கஷ்டம் அதிகமா,ER_NOW
எங்க பாட்டிக்கு நெஞ்சு வலி,ER_NOW
ரத்த வாந்தி ரொம்ப,ER_NOW
என் பொண்ணு மூச்சு திணறல்,ER_NOW
வீட்டுக்காரர் நெஞ்சு வலி,ER_NOW
திடீரா வாந்தி,ER_NOW
நெஞ்சு வலி ரொம்ப கஷ்டம்,ER_NOW
மயக்கம் போட்டு விழுந்துட்டேன்,ER_NOW
எங்க அப்பாக்கு மூச்சு முட்டுது,ER_NOW
வயிறு வலி வந்து மயக்கம்,ER_NOW
என் அக்கா திடீர்னு நெஞ்சு வலி,ER_NOW
மூச்சு திணறல் மயக்கம்,ER_NOW
எங்க தாத்தா திடீரா மயக்கம்,ER_NOW
வாந்தி ரத்தம் வருது,ER_NOW
என் பையன் நெஞ்சு வலி,ER_NOW
மூச்சு விட கஷ்டம்,ER_NOW
எங்க பொண்டாட்டிக்கு வாந்தி தொடர்ச்சி,ER_NOW
மயக்கம் வருது,ER_NOW
எங்க அம்மா திடீர்னு விழுந்துட்டாங்க,ER_NOW
ரத்த வாந்தி,ER_NOW
மூச்சு முட்டுது ரொம்ப,ER_NOW
எங்க அப்பா நேத்து இருந்து வலி,ER_NOW
என் மகளுக்கு நெஞ்சு வலி,ER_NOW
வாந்தி ரொம்ப,ER_NOW
எங்க வீட்டுக்காரருக்கு மயக்கம் போட்டு,ER_NOW
ரத்தம் வந்து வாந்தி,ER_NOW
நெஞ்சு வலி ரொம்ப அதிகமா இருக்கு,ER_NOW
என் பொண்ணுக்கு தொடர்ச்சி மயக்கம்,ER_NOW
எங்க அக்காவுக்கு நெஞ்சு வலி,ER_NOW
திடீர்னு மூச்சு திணறல்,ER_NOW
எங்க பாட்டி வாந்தி ரத்தம்,ER_NOW
மயக்கம் திரும்ப வருது,ER_NOW
என் பையனுக்கு நெஞ்சு வலி அதிகம்,ER_NOW
எங்க அப்பாக்கு திடீர்னு மூச்சு கஷ்டம்,ER_NOW
என் பொண்டாட்டி மயக்கம்,ER_NOW
தொடர்ச்சியா வாந்தி,ER_NOW
நெஞ்சு வலி உடனே,ER_NOW
எங்க அம்மாவுக்கு திடீரா மயக்கம்,ER_NOW
ரத்த வாந்தி பண்றா,ER_NOW
திடீர்னு நெஞ்சு வலி,ER_NOW
என் மகன் வாந்தி தொடர்ச்சி,ER_NOW
எங்க பொண்ணுக்கு மூச்சு திணறல்,ER_NOW
விழுந்துட்டாரு திடீரா,ER_NOW
ரத்தம் வாந்தி வருது,ER_NOW
மூச்சு விட ரொம்ப கஷ்டமா இருக்கு,ER_NOW
எங்க அப்பா நெஞ்சு வலி மயக்கம்,ER_NOW
திடீர்னு வாந்தி,ER_NOW
என் பொண்டாட்டிக்கு மயக்கம் தொடர்ச்சி,ER_NOW
வீட்டுக்காரர் ரொம்ப வலி,ER_NOW
எங்க அம்மா வாந்தி ரத்தம்,ER_NOW
மயக்கம் போட்டு,ER_NOW
மூச்சு கஷ்டம் அதிகம்,ER_NOW
எங்க பையன் திடீர்னு நெஞ்சு வலி,ER_NOW
விழுந்துட்டேன் மயக்கம்,ER_NOW
ரொம்ப வாந்தி,ER_NOW
என் பேபிக்கு நேத்து ராத்திரி இருந்து ரொம்ப ஜுரம் வருது மூச்சு திணறுது உடனே வாங்க,ER_NOW
என் கர்ப்பிணி மனைவிக்கு திடீர்னு நெஞ்சு வலி ரொம்ப அதிகமா இருக்கு,ER_NOW
சின்ன பையனுக்கு தொடர்ச்சியா வாந்தி வருது மயக்கம் வருது,ER_NOW
பொண்ணுக்கு மூச்சு விட முடியல திடீர்னு,ER_NOW
பேபிக்கு உயர் ஜுரம் உடம்பு விறைக்குது,ER_NOW
என் கர்ப்பிணி பொண்டாட்டிக்கு ரத்தப்போக்கு அதிகமா வருது உடனே,ER_NOW
2 வயசு பையனுக்கு ஜுரம் ரொம்ப ஹை ஆகுது மூச்சு சரியில்ல,ER_NOW
மனைவிக்கு கர்ப்பத்தில் நெஞ்சு வலி செவியர்,ER_NOW
பேபிக்கு நேத்து இருந்து வாந்தி நிற்கல,ER_NOW
என் சின்ன பொண்ணு மயக்கம் போட்டு விழுந்துட்டா,ER_NOW
கர்ப்பிணி சிஸ்டருக்கு திடீர்னு தலை சுத்துது மயக்கம்,ER_NOW
பேபிக்கு மூச்சு கஷ்டம் ரொம்ப ஹெவி,ER_NOW
நெஞ்சு வலி என் பிள்ளைக்கு,ER_NOW
என் பொண்டாட்டிக்கு ராத்திரி முழுக்க வாந்தி வயிறு வலி,ER_NOW
பேபிக்கு ஜுரம் வர வர உடம்பு நீலமா ஆகுது,ER_NOW
3 வயசு மகனுக்கு தொடர்ச்சியா பிடிப்பு வந்துச்சு,ER_NOW
கர்ப்பிணி மனைவிக்கு நெஞ்சு வலி ரொம்ப இருக்கு மூச்சு கஷ்டம்,ER_NOW
என் பேபி திடீர்னு அசைவில்லாம போனான்,ER_NOW
பொண்ணுக்கு ஹை ஜுரம் தொடர்ச்சியா அழுகை,ER_NOW
கர்ப்பிணி பொண்டாட்டிக்கு வயிறு வலி நேத்து இருந்து,ER_NOW
சின்ன பேபிக்கு வாந்தியில ரத்தம் வருது உடனே,ER_NOW
என் மனைவிக்கு கர்ப்பத்தில் பிரச்சனை ரத்தப்போக்கு,ER_NOW
பேபிக்கு மூச்சு ரொம்ப வேகமா போகுது,ER_NOW
மகளுக்கு மயக்கம் வாந்தி நிற்கல,ER_NOW
கர்ப்பத்தில் இருக்குற பொண்ணுக்கு நெஞ்சு இறுக்கம்,ER_NOW
என் பேபிக்கு ஹை ஜுரம் உடம்பு நடுங்குது,ER_NOW
3 நாளா என் பையனுக்கு செவியர் டயரியா டீஹைட்ரேஷன்,ER_NOW
பொண்டாட்டிக்கு திடீர்னு லேபர் பெயின் எர்லி,ER_NOW
பேபிக்கு ப்ரீதிங் டிஃபிகல்டி ரொம்ப,ER_NOW
என் சின்னு பையனுக்கு ஜுரத்தோட பிடிப்பு,ER_NOW
கர்ப்பிணி மனைவிக்கு தலைவலி விஷன் ப்ளர்,ER_NOW
பேபிக்கு ரொம்ப ஹை காய்ச்சல் லெதர்ஜிக்,ER_NOW
பொண்ணுக்கு தொடர்ச்சியா வாந்தி பலவீனம்,ER_NOW
என் மனைவிக்கு கர்ப்பத்தில் செவியர் பேக் பெயின் ரத்தம்,ER_NOW
பேபிக்கு மூச்சு விட முடியல இப்போ,ER_NOW
1 வயசு பையனுக்கு திடீர் மயக்கம்,ER_NOW
கர்ப்பிணி பொண்டாட்டிக்கு ரொம்ப மயக்கம்,ER_NOW
என் மகனுக்கு நெஞ்சு வலி மூச்சு பிரச்சனை,ER_NOW
பேபிக்கு காய்ச்சல் இல்ல ஆனா மூச்சு கஷ்டம் ரொம்ப,ER_NOW
பொண்டாட்டிக்கு ராத்திரி திடீர்னு செவியர் வலி,ER_NOW
சின்ன பேபிக்கு வாந்தி லூஸ் மோஷன் ஹெவி,ER_NOW
என் கர்ப்பிணி சிஸ்டருக்கு பிடிப்பு வந்துச்சு,ER_NOW
பேபிக்கு உடம்பு முழுக்க ரேஷ் ஹை ஜுரம்,ER_NOW
மனைவிக்கு கர்ப்பத்தில் ஹெவி ரத்தப்போக்கு,ER_NOW
பையனுக்கு மூச்சு ரொம்ப கஷ்டம்,ER_NOW
என் பேபிக்கு நேத்து இருந்து தொடர்ச்சியா அழுகை ஜுரம்,ER_NOW
பொண்டாட்டி மயக்கம் போட்டு விழுந்தாங்க,ER_NOW
சின்னு செவியர் டீஹைட்ரேஷன்,ER_NOW
கர்ப்பிணி பொண்ணுக்கு வயிறு வலி ரொம்ப,ER_NOW
பேபிக்கு மூச்சு நிற்கும் போல இருக்கு,ER_NOW
மகளுக்கு ஹை ஜுரம் கழுத்து விறைப்பு,ER_NOW
மனைவிக்கு திடீர்னு லேபர் சைன்ஸ்,ER_NOW
பேபிக்கு வாந்தியில ரத்தம்,ER_NOW
கர்ப்பிணி பொண்டாட்டிக்கு நெஞ்சு ஹெவி,ER_NOW
பையனுக்கு பிடிப்பு ஹை காய்ச்சல்,ER_NOW
பேபி இப்போ திடீர்னு மூச்சு இல்ல,ER_NOW
கர்ப்பிணி மனைவிக்கு செவியர் தலைவலி வாந்தி,ER_NOW
என் சின்ன பொண்ணு அசைவில்லாம போனா,ER_NOW
பேபிக்கு ரொம்ப ஹை ஜுரம் ரெஸ்பான்ஸ் இல்ல,ER_NOW
பொண்டாட்டிக்கு ரத்தப்போக்கு வலி,ER_NOW
மகனுக்கு செவியர் நெஞ்சு வலி,ER_NOW
பேபிக்கு தொடர்ச்சியா சீஸர்,ER_NOW
கர்ப்பத்தில் இருக்குறவுக்கு திடீர் மயக்கம்,ER_NOW
பையனுக்கு மூச்சு கஷ்டம் ஹெவி,ER_NOW
பேபிக்கு ஜுரத்தோட வாந்தி நிற்கல,ER_NOW
என் மனைவிக்கு கர்ப்ப பிரச்சனை,ER_NOW
சின்னு உடம்பு நீலம் மூச்சு பிரச்சனை,ER_NOW
பொண்டாட்டிக்கு ரொம்ப வயிறு வலி,ER_NOW
பேபிக்கு மயக்கம் ஹை ஜுரம்,ER_NOW
கர்ப்பிணி சிஸ்டருக்கு செவியர் நெஞ்சு வலி,ER_NOW
பேபிக்கு நேத்து ராத்திரி இருந்து மூச்சு கஷ்டம்,ER_NOW
பொண்ணுக்கு தொடர்ச்சியா பிடிப்பு,ER_NOW
மனைவிக்கு கர்ப்பத்தில் ஹெவி வாந்தி ரத்தம்,ER_NOW
பேபி திடீர்னு அசைவில்ல,ER_NOW
சின்ன பையனுக்கு செவியர் டீஹைட்ரேஷன்,ER_NOW
கர்ப்பிணி பொண்டாட்டிக்கு தலை சுத்துது வலி,ER_NOW
பேபிக்கு ரொம்ப அழுகை மூச்சு வேகம்,ER_NOW
என் மகளுக்கு ஹை ஜுரம் லெதர்ஜிக்,ER_NOW
மனைவிக்கு திடீர் ரத்தப்போக்கு,ER_NOW
பேபிக்கு மூச்சு விட முடியல,ER_NOW
பொண்டாட்டி மயக்கம் போட்டு,ER_NOW
என் பையனுக்கு நெஞ்சு வலி செவியர்,ER_NOW
பேபிக்கு பிடிப்பு வந்துச்சு,ER_NOW
கர்ப்பிணி மனைவிக்கு வயிறு வலி ஹெவி,ER_NOW
சின்னு தொடர்ச்சியா வாந்தி,ER_NOW
பேபிக்கு ஹை காய்ச்சல் உடம்பு விறைப்பு,ER_NOW
பொண்டாட்டிக்கு ராத்திரி இருந்து செவியர் வலி,ER_NOW
மகனுக்கு மூச்சு கஷ்டம்,ER_NOW
பேபி திடீர்னு மயக்கம்,ER_NOW
கர்ப்பிணி பொண்ணுக்கு விஷன் ப்ளர் தலைவலி,ER_NOW
பேபிக்கு காய்ச்சல் இல்ல ஆனா மூச்சு ரொம்ப வேகம்,ER_NOW
மனைவிக்கு கர்ப்பத்தில் மயக்கம்,ER_NOW
சின்னு டீஹைட்ரேஷன் செவியர்,ER_NOW
பேபிக்கு தொடர்ச்சியா அழுகை ஜுரம்,ER_NOW
பொண்டாட்டிக்கு நெஞ்சு வலி ரொம்ப,ER_NOW
பையனுக்கு பிடிப்பு மயக்கம்,ER_NOW
பேபி இப்போ தான் ப்ரீதிங் டிஃபிகல்டி,ER_NOW
கர்ப்பத்தில் இருக்குறவுக்கு ரத்தம்,ER_NOW
பேபிக்கு ஹை ஜுரம் எழுப்ப முடியல,ER_NOW
மனைவிக்கு செவியர் வயிறு வலி,ER_NOW
சின்ன பொண்ணுக்கு மூச்சு கஷ்டம்,ER_NOW
பேபிக்கு வாந்தி மயக்கம்,ER_NOW
பொண்டாட்டிக்கு லேபர் பெயின் எர்லி,ER_NOW
மகளுக்கு செவியர் நெஞ்சு பிரச்சனை,ER_NOW
பேபிக்கு நேத்து இருந்து பிடிப்பு,ER_NOW
கர்ப்பிணி மனைவிக்கு ஹெவி தலைவலி,ER_NOW
பேபிக்கு உடம்பு நடுங்குது ஜுரம்,ER_NOW
சின்னு அசைவில்லாம போல,ER_NOW
பொண்டாட்டி திடீர்னு மயக்கம்,ER_NOW
பேபிக்கு ரொம்ப ஹை காய்ச்சல்,ER_NOW
மனைவிக்கு கர்ப்ப பிரச்சனை வலி,ER_NOW
பையனுக்கு மூச்சு இல்ல,ER_NOW
பேபிக்கு தொடர்ச்சியா வாந்தி,ER_NOW
கர்ப்பிணி பொண்ணுக்கு நெஞ்சு இறுக்கம்,ER_NOW
சின்னு செவியர் ஜுரம்,ER_NOW
பேபி திடீர்னு பிடிப்பு,ER_NOW
பொண்டாட்டிக்கு ரத்தப்போக்கு ஹெவி,ER_NOW
என் மகனுக்கு நெஞ்சு வலி,ER_NOW
பேபிக்கு மூச்சு நிற்கும் போல,ER_NOW
மனைவிக்கு ராத்திரி இருந்து வாந்தி,ER_NOW
பேபி மயக்கம் போட்டு,ER_NOW
கர்ப்பிணி மனைவிக்கு செவியர் வலி,ER_NOW
சின்னு டீஹைட்ரேஷன்,ER_NOW
பேபிக்கு ஹை ஜுரம்,ER_NOW
பொண்டாட்டி மயக்கம்,ER_NOW
என் பையனுக்கு மூச்சு கஷ்டம்,ER_NOW
பேபிக்கு தொடர்ச்சியா அழுகை,ER_NOW
கர்ப்பத்தில் இருக்குறவுக்கு வயிறு வலி,ER_NOW
பேபிக்கு பிடிப்பு வந்து,ER_NOW
என் மனைவிக்கு ஹெவி ரத்தப்போக்கு,ER_NOW
சின்னு உடம்பு நீலம்,ER_NOW
பேபி ரொம்ப லெதர்ஜிக்,ER_NOW
பொண்டாட்டிக்கு நெஞ்சு வலி,ER_NOW
என் மகளுக்கு ஹை ஜுரம்,ER_NOW
கர்ப்பிணி பொண்டாட்டிக்கு மயக்கம்,ER_NOW
பேபிக்கு மூச்சு ஹெவி,ER_NOW
என் மனைவிக்கு லேபர் சைன்ஸ்,ER_NOW
சின்னு வாந்தியில ரத்தம்,ER_NOW
பேபிக்கு செவியர் டயரியா,ER_NOW
பொண்டாட்டிக்கு தலைவலி செவியர்,ER_NOW
பேபிக்கு நேத்து ராத்திரி காய்ச்சல்,ER_NOW
கர்ப்பிணி மனைவிக்கு மயக்கம்,ER_NOW
பையனுக்கு நெஞ்சு ஹெவி,ER_NOW
என் பொண்டாட்டிக்கு வயிறு வலி ரொம்ப,ER_NOW
பேபிக்கு ப்ரீதிங் டிஃபிகல்டி,ER_NOW
சின்னு ஹை ஜுரம்,ER_NOW
கர்ப்பிணி பொண்ணுக்கு ரத்தப்போக்கு,ER_NOW
பேபி மயக்கம்,ER_NOW
மனைவிக்கு நெஞ்சு வலி,ER_NOW
மகனுக்கு பிடிப்பு,ER_NOW
பேபிக்கு வாந்தி நிற்கல,ER_NOW
என் பொண்டாட்டி திடீர் வலி,ER_NOW
பேபிக்கு மூச்சு கஷ்டம்,ER_NOW
கர்ப்பிணி மனைவிக்கு செவியர் தலைவலி,ER_NOW
சின்னு மயக்கம்,ER_NOW
பேபிக்கு உடம்பு விறைப்பு,ER_NOW
மனைவிக்கு கர்ப்பத்தில் வலி,ER_NOW
பேபிக்கு ஹை காய்ச்சல்,ER_NOW
பொண்டாட்டி மயக்கம் போட்டு விழுந்து,ER_NOW
என் பையனுக்கு செவியர் நெஞ்சு வலி,ER_NOW
பேபி திடீர்னு மூச்சு இல்ல,ER_NOW
கர்ப்பத்தில் இருக்குறவுக்கு ஹெவி வாந்தி,ER_NOW
சின்னு டீஹைட்ரேஷன் ஹெவி,ER_NOW
பேபிக்கு பிடிப்பு ஜுரம்,ER_NOW
மனைவிக்கு ரத்தம்,ER_NOW
பேபி ரொம்ப அழுகை பலவீனம்,ER_NOW
பொண்டாட்டிக்கு லேபர் எர்லி,ER_NOW
என் மகளுக்கு மூச்சு கஷ்டம்,ER_NOW
பேபிக்கு ஹை ஜுரம் ரெஸ்பான்ஸ் இல்ல,ER_NOW
கர்ப்பிணி மனைவிக்கு தலை சுத்துது,ER_NOW
என் சின்னு செவியர் காய்ச்சல்,ER_NOW
கர்ப்பிணி பொண்ணுக்கு பிடிப்பு,ER_NOW
பையனுக்கு ஹை ஜுரம்,ER_NOW
பேபி உடம்பு நீலமா ஆகுது,ER_NOW
சின்னு மூச்சு பிரச்சனை,ER_NOW
பேபிக்கு நேத்து இருந்து அசைவில்ல,ER_NOW
மனைவிக்கு ஹெவி ரத்தப்போக்கு,ER_NOW
பேபிக்கு செவியர் நெஞ்சு வலி,ER_NOW
கர்ப்பிணி மனைவிக்கு திடீர் வலி,ER_NOW
மகனுக்கு தொடர்ச்சியா பிடிப்பு,ER_NOW
என் பொண்டாட்டிக்கு வாந்தியில ரத்தம்,ER_NOW
மனைவிக்கு கர்ப்ப பிரச்சனை,ER_NOW
பேபி திடீர்னு சீஸர்,ER_NOW
கர்ப்பத்தில் இருக்குறவுக்கு செவியர் வலி,ER_NOW
பேபிக்கு ஜுரத்தோட மூச்சு இல்ல,ER_NOW
எங்க தாத்தாக்கு நேத்து ராத்திரி இருந்து மூச்சு விட ரொம்ப கஷ்டமா இருக்கு உடனே வாங்க,ER_NOW
பாட்டி திடீர்னு நெஞ்சு வலி வந்து மயக்கம் போட்டாங்க,ER_NOW
என் பாட்டிக்கு வாந்தி நிக்காம வருது ரத்தம் கலந்து,ER_NOW
தாத்தா மூச்சு திணறல் அதிகமா இருக்கு,ER_NOW
எங்க அப்பாக்கு திடீர்னு வலது கை வலிக்குது முகம் திரும்புது,ER_NOW
நெஞ்சு வலி,ER_NOW
பாட்டி மயக்கம் போய் விழுந்துட்டாங்க உடனே வாங்க,ER_NOW
எங்க தாத்தா சர்க்கரை அதிகமா போய் மயக்கம்,ER_NOW
வீட்டுக்காரர் நேத்து முதல் வயிறு வலி வந்து வாந்தி வருது,ER_NOW
என் பாட்டி நெஞ்சு வலி ரொம்ப கடுமையா இருக்கு,ER_NOW
தாத்தாவுக்கு திடீர் மயக்கம்,ER_NOW
எங்க தாத்தாக்கு பிபி ரொம்ப ஏறி மயக்கம் போட்டாரு,ER_NOW
பாட்டிக்கு தொடர்ச்சியா வாந்தி வருது,ER_NOW
என் அப்பாக்கு கால் வலி இல்ல ஆனா மூச்சு திணறுது,ER_NOW
தாத்தா திடீர்னு விழுந்துட்டாரு,ER_NOW
மயக்கம்,ER_NOW
எங்க பாட்டிக்கு நெஞ்சு வலி வந்து உடம்பு நடுங்குது,ER_NOW
தாத்தா மூச்சு கஷ்டம்,ER_NOW
வயித்து வலி வந்து வாந்தி நிக்கல,ER_NOW
பாட்டி மயக்கம் போட்டு கீழ விழுந்தாங்க,ER_NOW
தாத்தாவுக்கு திடீர் மயக்கம் வந்து விழுந்தாரு,ER_NOW
பாட்டிக்கு வாந்தி ரத்தம் கலந்து வருது,ER_NOW
நெஞ்சு வலி வந்துடுச்சு,ER_NOW
என் வீட்டு பாட்டி மூச்சு விட முடியல,ER_NOW
தாத்தா பிபி ஏறி தலை சுத்துது மயக்கம்,ER_NOW
எங்க அப்பாக்கு நெஞ்சு வலி அதிகமா,ER_NOW
பாட்டி தொடர்ச்சி வாந்தி,ER_NOW
தாத்தா மூச்சு திணறல்,ER_NOW
வலி நெஞ்சுல,ER_NOW
எங்க தாத்தாக்கு திடீர்னு மயக்கம்,ER_NOW
பாட்டிக்கு மூச்சு கஷ்டம் ரொம்ப,ER_NOW
நெஞ்சு வலி வந்து உட்கார முடியல,ER_NOW
தாத்தா வாந்தி நிக்காம,ER_NOW
மயக்கம் திரும்ப திரும்ப,ER_NOW
என் பாட்டி நெஞ்சு வலி,ER_NOW
மூச்சு விட ரொம்ப கஷ்டம்,ER_NOW
தாத்தாவுக்கு தலைவலி மயக்கம்,ER_NOW
பாட்டி வயிறு வலி வந்து வாந்தி,ER_NOW
எங்க தாத்தா உடனே ஆஸ்பத்திரி கூட்டுங்க மூச்சு வரல,ER_NOW
தாத்தா மயக்கம் போட்டாரு,ER_NOW
பாட்டிக்கு திடீர் மூச்சு திணறல்,ER_NOW
வாந்தி வருது ரத்தம்,ER_NOW
என் தாத்தாக்கு பிபி அதிகம் மயக்கம்,ER_NOW
தாத்தா நெஞ்சு வலி வந்து அழுதாரு,ER_NOW
பாட்டி மூச்சு இல்ல,ER_NOW
எங்க பாட்டிக்கு வலி நெஞ்சுல ரொம்ப,ER_NOW
தாத்தா திடீர்னு விழுந்து மயக்கம்,ER_NOW
என் அப்பாக்கு வாந்தி தொடர்ந்து,ER_NOW
பாட்டி மயக்கம்,ER_NOW
தாத்தாவுக்கு மூச்சு கஷ்டம் நேத்து ராத்திரியில இருந்து,ER_NOW
எங்க தாத்தா தலை சுத்தி மயக்கம்,ER_NOW
பாட்டிக்கு நெஞ்சு வலி,ER_NOW
மூச்சு விட முடியல தாத்தாக்கு,ER_NOW
வாந்தி நிக்கல,ER_NOW
தாத்தா திடீர் நெஞ்சு வலி,ER_NOW
பாட்டி மயக்கம் போட்டாங்க,ER_NOW
எங்க பாட்டிக்கு மூச்சு திணறல் ரொம்ப,ER_NOW
நெஞ்சு வலி அதிகமா இருக்கு,ER_NOW
தாத்தா வயிறு வலி வந்து வாந்தி,ER_NOW
மயக்கம் வந்து விழுந்துட்டாரு,ER_NOW
என் தாத்தாக்கு பிபி ஏறி உடம்பு நடுங்குது,ER_NOW
பாட்டி தொடர்ச்சியா வாந்தி,ER_NOW
மூச்சு வரல,ER_NOW
தாத்தா நெஞ்சு வலி,ER_NOW
எங்க அப்பாக்கு மயக்கம் திடீர்னு,ER_NOW
பாட்டிக்கு மூச்சு கஷ்டம்,ER_NOW
நெஞ்சு வலி வந்துடுச்சு உடனே,ER_NOW
தாத்தா வாந்தி ரத்தம்,ER_NOW
மயக்கம் போட்டு கீழே,ER_NOW
எங்க தாத்தாக்கு மூச்சு திணறல்,ER_NOW
பாட்டி நெஞ்சு வலி ரொம்ப கடுமை,ER_NOW
தாத்தா திடீர் மயக்கம்,ER_NOW
வாந்தி வருது நிக்கல,ER_NOW
என் பாட்டிக்கு மூச்சு விட முடியல,ER_NOW
தாத்தாவுக்கு தலை சுத்தி மயக்கம்,ER_NOW
பாட்டி உடனே வாங்க மூச்சு கஷ்டம்,ER_NOW
எங்க தாத்தா நெஞ்சு வலி வந்து,ER_NOW
பாட்டிக்கு வாந்தி தொடர்ந்து,ER_NOW
தாத்தா மூச்சு திணறுது,ER_NOW
நெஞ்சு வலி அதிகம்,ER_NOW
என் வீட்டு தாத்தாக்கு மயக்கம் போட்டாரு,ER_NOW
பாட்டி மூச்சு வரல,ER_NOW
தாத்தா வலி ரொம்ப,ER_NOW
மயக்கம் விழுந்துட்டாங்க,ER_NOW
தாத்தா திடீர்னு வாந்தி,ER_NOW
மூச்சு கஷ்டம்,ER_NOW
பாட்டி மயக்கம் திரும்ப திரும்ப,ER_NOW
எங்க தாத்தாக்கு பிபி ஏறி மயக்கம்,ER_NOW
வாந்தி ரத்தம் கலந்து,ER_NOW
என் அப்பாக்கு திடீர் மயக்கம்,ER_NOW
மூச்சு விட ரொம்ப கஷ்டமா,ER_NOW
பாட்டி மயக்கம் போட்டு விழுந்தாங்க,ER_NOW
எங்க தாத்தா மூச்சு வரல,ER_NOW
தாத்தாவுக்கு திடீர் வலி நெஞ்சுல,ER_NOW
பாட்டிக்கு வாந்தி தொடர்ச்சி,ER_NOW
என் பாட்டிக்கு மூச்சு திணறல்,ER_NOW
வாந்தி வருது,ER_NOW
பாட்டி திடீர்னு மயக்கம்,ER_NOW
எங்க தாத்தாக்கு மூச்சு கஷ்டம் நேத்து இருந்து,ER_NOW
பாட்டிக்கு வயிறு வலி வந்து வாந்தி,ER_NOW
எங்க பாட்டி நெஞ்சு வலி,ER_NOW
தாத்தா திடீர் மயக்கம் விழுந்தாரு,ER_NOW
வாந்தி ரத்தம்,ER_NOW
பாட்டி மூச்சு விட முடியல,ER_NOW
என் தாத்தாக்கு பிபி அதிகம்,ER_NOW
தாத்தா மயக்கம்,ER_NOW
பாட்டிக்கு திடீர் நெஞ்சு வலி,ER_NOW
எங்க தாத்தா வாந்தி நிக்கல,ER_NOW
தாத்தாவுக்கு மூச்சு திணறுது,ER_NOW
என் பாட்டிக்கு தலை சுத்தி மயக்கம்,ER_NOW
தாத்தா வாந்தி தொடர்ந்து,ER_NOW
பாட்டி நெஞ்சு வலி ரொம்ப,ER_NOW
எங்க தாத்தாக்கு மயக்கம் திடீர்னு,ER_NOW
என் அப்பாக்கு திடீர் வலி,ER_NOW
பாட்டி வாந்தி ரத்தம்,ER_NOW
எங்க தாத்தா மயக்கம்,ER_NOW
பாட்டிக்கு மூச்சு வரல,ER_NOW
தாத்தா நெஞ்சு வலி வந்து,ER_NOW
வாந்தி நிக்காம,ER_NOW
என் பாட்டிக்கு திடீர் மயக்கம்,ER_NOW
எங்க தாத்தாக்கு வாந்தி தொடர்ச்சி,ER_NOW
பாட்டிக்கு தலைவலி மயக்கம்,ER_NOW
என் தாத்தா நெஞ்சு வலி ரொம்ப,ER_NOW
பாட்டி மூச்சு திணறல்,ER_NOW
தாத்தா வாந்தி,ER_NOW
நெஞ்சு வலி வந்து,ER_NOW
எங்க பாட்டிக்கு மயக்கம் திடீர்னு,ER_NOW
தாத்தா மூச்சு வரல,ER_NOW
பாட்டி நெஞ்சு வலி,ER_NOW
என் தாத்தாக்கு திடீர் மூச்சு திணறல்,ER_NOW
பாட்டிக்கு வலி நெஞ்சுல,ER_NOW
எங்க அப்பாக்கு வாந்தி நிக்கல,ER_NOW
பாட்டி மூச்சு கஷ்டம்,ER_NOW
எங்க தாத்தா வாந்தி தொடர்ந்து,ER_NOW
என் பாட்டிக்கு திடீர் வலி,ER_NOW
என் தாத்தா திடீர் மயக்கம்,ER_NOW
எங்க பாட்டிக்கு மயக்கம்,ER_NOW
பாட்டி திடீர் நெஞ்சு வலி,ER_NOW
மயக்கம் போட்டாரு,ER_NOW
என் தாத்தாக்கு வாந்தி தொடர்ச்சி,ER_NOW
பாட்டிக்கு மூச்சு திணறல்,ER_NOW
எங்க அப்பாக்கு நெஞ்சு வலி,ER_NOW
என் பாட்டிக்கு வாந்தி ரத்தம்,ER_NOW
எங்க தாத்தாக்கு நெஞ்சு வலி அதிகம்,ER_NOW
தாத்தா வாந்தி நிக்கல,ER_NOW
பாட்டிக்கு திடீர் மயக்கம்,ER_NOW
என் தாத்தா மூச்சு கஷ்டம்,ER_NOW
தாத்தாவுக்கு வாந்தி தொடர்ந்து,ER_NOW
எங்க பாட்டிக்கு மயக்கம் வந்துடுச்சு,ER_NOW
தாத்தா திடீர் வலி,ER_NOW
பாட்டி வாந்தி,ER_NOW
மயக்கம் போட்டு விழுந்துட்டாரு,ER_NOW
என் தாத்தாக்கு மூச்சு திணறுது,ER_NOW
பாட்டிக்கு தொடர்ச்சி வாந்தி,ER_NOW
எங்க அப்பாக்கு நேத்து ராத்திரி இருந்து திடீர்னு மூச்சு விட முடியல உடனே வாங்க,ER_NOW
என் பொண்டாட்டிக்கு டெங்கு ஜுரம் வந்து ரத்தம் வருது,ER_NOW
வீட்டுக்காரருக்கு பாம்பு கடிச்சுடுச்சு கால் பெருசா ஆயி மயக்கம்,ER_NOW
நெஞ்சு வலி திடீர்னு வந்துச்சு,ER_NOW
காய்ச்சல் இல்ல ஆனா மூச்சு ரொம்ப கஷ்டம்,ER_NOW
மலேரியா ஜுரம் 3 நாளா இருக்கு உடனே ஆஸ்பத்திரி,ER_NOW
பூச்சி மருந்து தெளிச்சு வாந்தி தொடர்ச்சியா வருது,ER_NOW
மழையில வேலை செஞ்ச என் மகன் பாம்பு கடிச்சு விழுந்தான்,ER_NOW
காய்ச்சல் உடம்பு முழுக்க வீக்கம் மயக்கம்,ER_NOW
என் பொண்டாட்டி நெஞ்சு ரொம்ப வலிக்குது மூச்சு சரி இல்ல,ER_NOW
திடீர்னு நெஞ்சு வலி வந்து மூச்சு விட முடியல,ER_NOW
எங்க அம்மாக்கு பூச்சி மருந்து பட்டு வாந்தி நிற்கல,ER_NOW
டெங்கு ஜுரம் ரொம்ப செவியர் பிளேட்லெட் குறைஞ்சு,ER_NOW
மழையில ஃபார்ம் வேலையில ஜுரம் வந்து மயக்கம்,ER_NOW
பாம்பு கடிப்பு கால்ல ரத்தம் வீக்கம்,ER_NOW
நேத்து இருந்து மூச்சு திணறல் ரொம்ப,ER_NOW
மயக்கம் போட்டு விழுந்துட்டாங்க உடனே வாங்க,ER_NOW
என் அப்பாக்கு தொடர்ச்சி வாந்தி வயிறு வலி,ER_NOW
காய்ச்சல் ரொம்ப அதிகம் மலேரியா மாதிரி,ER_NOW
என் மகளுக்கு பாம்பு கடிச்சு கால் பெருசா ஆச்சு,ER_NOW
காய்ச்சல் இல்ல ஆனா மூச்சு கஷ்டம் ரொம்ப,ER_NOW
பூச்சி மருந்து விஷம் பட்டு உடம்புல ரேஷ் மயக்கம்,ER_NOW
டெங்கு ஜுரம் வந்து ஈறு ரத்தம்,ER_NOW
என் பொண்டாட்டிக்கு நெஞ்சு வலி திடீர்னு,ER_NOW
மழையில வேலை செஞ்சு குளிர் பட்டு மூச்சு பிரச்சனை,ER_NOW
எங்க அப்பா பாம்பு கடிச்சு உடனே ஆஸ்பத்திரி,ER_NOW
ரொம்ப மயக்கம் வருது விழுந்துடுவோம் போல,ER_NOW
செவியர் நெஞ்சு வலி மூச்சு சரி இல்ல,ER_NOW
என் வீட்டுக்காரருக்கு மலேரியா ஜுரம் 4 நாளா,ER_NOW
விஷம் பட்டு வாந்தி வந்து விழுற அளவுக்கு,ER_NOW
என் பொண்ணு மழையில வேலை செஞ்சு டெங்கு,ER_NOW
நேத்து ராத்திரி இருந்து மூச்சு விட முடியல,ER_NOW
பாம்பு கடிப்பு ரொம்ப வலி வீக்கம்,ER_NOW
காய்ச்சல் உடம்பு வலி செவியர்,ER_NOW
எங்க அம்மாக்கு பூச்சி மருந்து பட்டு நினைவு இல்ல,ER_NOW
திடீர்னு மயக்கம் போட்டு தரையில விழுந்தான்,ER_NOW
டெங்குல பிளேட்லெட் ட்ராப் ரத்தம்,ER_NOW
என் வீட்டுக்காரர் ஃபார்ம்ல மழையில ஜுரம் அதிகம்,ER_NOW
மூச்சு கஷ்டம் நெஞ்சு இறுக்கம்,ER_NOW
பாம்பு கடிச்சு கால் கருப்பா ஆச்சு,ER_NOW
என் பொண்டாட்டி தொடர்ச்சி வாந்தி பலவீனம்,ER_NOW
ஜுரம் இல்ல ஆனா செவியர் நெஞ்சு வலி,ER_NOW
பூச்சி மருந்து தெளிச்சு வாந்தி மயக்கம்,ER_NOW
மலேரியா செம்ம செவியர்,ER_NOW
எங்க அப்பாக்கு மழையில நனைஞ்சு ஜுரம் மூச்சு பிரச்சனை,ER_NOW
பாம்பு கடிச்சுடுச்சு உடனே ஆஸ்பத்திரி போகணும்,ER_NOW
மயக்கம் வருது விழுந்துடுவோம் போல,ER_NOW
செவியர் நெஞ்சு வலி நேத்து இருந்து,ER_NOW
என் மகனுக்கு டெங்கு உயர் ஜுரம் மூக்கு ரத்தம்,ER_NOW
விஷம் தொட்டு உடம்புல ரியாக்ஷன் ரொம்ப,ER_NOW
மூச்சு சரி இல்ல திடீர்னு வந்துச்சு,ER_NOW
என் பொண்டாட்டிக்கு ஃபார்ம் ஆக்சிடெண்ட் பாம்பு கடி,ER_NOW
காய்ச்சல் வாந்தி நிற்கல,ER_NOW
ஜுரம் இல்ல ஆனா மூச்சு கஷ்டம்,ER_NOW
என் அப்பா பூச்சி மருந்துல வேலை செஞ்சு,ER_NOW
டெங்கு மாதிரி உடம்பு வலி செவியர்,ER_NOW
திடீர்னு மயக்கம் போட்டு விழுந்தாங்க,ER_NOW
பாம்பு கடிப்பு கால் ரொம்ப வலி,ER_NOW
என் வீட்டுக்காரருக்கு நெஞ்சு இறுக்கம் மூச்சு பிரச்சனை,ER_NOW
மலேரியா ஜுரம் வந்து நினைவு போன அளவு,ER_NOW
மழையில வேலை செஞ்சு செவியர் குளிர்,ER_NOW
எங்க அம்மாக்கு வாந்தி தொடர்ச்சியா,ER_NOW
பாம்பு கடிச்சு உடம்பு முழுக்க வீக்கம்,ER_NOW
நேத்து ராத்திரி இருந்து ஜுரம் அதிகம்,ER_NOW
பூச்சி மருந்து பட்டு மயக்கம் வாந்தி,ER_NOW
செவியர் நெஞ்சு வலி மூச்சு திணறல்,ER_NOW
என் பொண்ணுக்கு மயக்கம் போட்டு விழுறா,ER_NOW
டெங்கு ஜுரம் ஈறு ரத்தம்,ER_NOW
எங்க அப்பாக்கு மூச்சு விட முடியல இப்ப,ER_NOW
ஃபார்ம்ல மழையில பாம்பு கடி,ER_NOW
காய்ச்சல் ரொம்ப மலேரியா லாச்சி,ER_NOW
என் பொண்டாட்டி நெஞ்சு வலி செவியர்,ER_NOW
விஷம் பட்டு உடம்பு முழுக்க ரேஷ்,ER_NOW
திடீர்னு நெஞ்சு வலி ஆஸ்பத்திரி உடனே,ER_NOW
என் மகனுக்கு மூச்சு பிரச்சனை ரொம்ப,ER_NOW
பாம்பு கடிச்சு கால் பெருசா,ER_NOW
காய்ச்சல் இல்ல ஆனா மூச்சு கஷ்டம்,ER_NOW
தொடர்ச்சி வாந்தி மயக்கம்,ER_NOW
டெங்கு செவியர் பலவீனம் வந்துச்சு,ER_NOW
என் வீட்டுக்காரர் மழையில நனைஞ்சு ஜுரம்,ER_NOW
பாம்பு கடி செம்ம டேஞ்சரஸ்,ER_NOW
பூச்சி மருந்து பட்டு வாந்தி நிற்கல,ER_NOW
எங்க அம்மாக்கு செவியர் நெஞ்சு வலி,ER_NOW
மலேரியா ஜுரம் ரொம்ப அதிகம்,ER_NOW
மூச்சு சரி இல்ல நேத்து இருந்து,ER_NOW
என் அப்பா ஃபார்ம்ல பாம்பு கடிச்சாரு,ER_NOW
ஜுரம் உடம்பு வலி செவியர்,ER_NOW
என் பொண்டாட்டிக்கு பூச்சி மருந்து ரியாக்ஷன்,ER_NOW
திடீர்னு மயக்கம் போட்ட சூழல்,ER_NOW
டெங்கு ரத்தம் உயர் ஜுரம்,ER_NOW
காய்ச்சல் இல்ல ஆனா மூச்சு பிரச்சனை,ER_NOW
பாம்பு கடி முழு வீக்கம்,ER_NOW
என் மகளுக்கு வாந்தி தொடர்ச்சியா,ER_NOW
செவியர் நெஞ்சு வலி மயக்கம்,ER_NOW
என் வீட்டுக்காரருக்கு மூச்சு திணறல்,ER_NOW
விஷம் தொட்டு ரியாக்ஷன்,ER_NOW
நேத்து ராத்திரி மூச்சு கஷ்டம்,ER_NOW
எங்க அப்பாக்கு மலேரியா செவியர்,ER_NOW
பாம்பு கடி கால்ல ரொம்ப வலி,ER_NOW
ஜுரம் வந்து வாந்தி நிற்கல,ER_NOW
என் பொண்டாட்டி நெஞ்சு வலி திடீர்,ER_NOW
பூச்சி மருந்துல பலவீனம் மயக்கம்,ER_NOW
டெங்கு உயர் ஜுரம் ரத்தம்,ER_NOW
மயக்கம் போட்டு விழுற அளவு,ER_NOW
எங்க அம்மாக்கு மூச்சு விட முடியல,ER_NOW
ஃபார்ம் ஆக்சிடெண்ட் பாம்பு கடி,ER_NOW
செவியர் நெஞ்சு வலி ரொம்ப வருது,ER_NOW
ஜுரம் இல்ல ஆனா மூச்சு,ER_NOW
என் அப்பா பூச்சி மருந்து,ER_NOW
தொடர்ச்சி வாந்தி பலவீனம்,ER_NOW
மலேரியா செம்ம,ER_NOW
பாம்பு கடி உடம்பு ரியாக்ஷன்,ER_NOW
நேத்து இருந்து மூச்சு பிரச்சனை,ER_NOW
என் பொண்ணு மயக்கம் திடீர்னு,ER_NOW
டெங்குல பிளேட்லெட் செவியர்,ER_NOW
காய்ச்சல் ரொம்ப வாந்தி,ER_NOW
எங்க வீட்டுக்காரர் மழையில வேலை,ER_NOW
பாம்பு கடி உடனே ஆஸ்பத்திரி,ER_NOW
காய்ச்சல் இல்ல ஆனா நெஞ்சு வலி,ER_NOW
பூச்சி விஷம் ரொம்ப எஃபெக்ட்,ER_NOW
திடீர்னு மூச்சு திணறல் வந்துச்சு,ER_NOW
என் மகனுக்கு நெஞ்சு இறுக்கம்,ER_NOW
மயக்கம் வந்து விழுந்தான்,ER_NOW
செவியர் டெங்கு சிம்டம்ஸ்,ER_NOW
என் பொண்டாட்டிக்கு மூச்சு கஷ்டம்,ER_NOW
பாம்பு கடி வீக்கம் ரொம்ப,ER_NOW
தொடர்ச்சி வாந்தி இப்ப தான்,ER_NOW
ஜுரம் அதிகம் மலேரியா,ER_NOW
மழையில வேலை செஞ்சு செவியர்,ER_NOW
என் அப்பாக்கு மயக்கம் போயிடுச்சு,ER_NOW
பூச்சி மருந்து ரியாக்ஷன் உடம்புல,ER_NOW
நெஞ்சு வலி செவியர்,ER_NOW
டெங்கு ஜுரம் மூக்கு ரத்தம்,ER_NOW
மூச்சு விட முடியல நேத்து,ER_NOW
எங்க அம்மாக்கு பாம்பு கடி,ER_NOW
மயக்கம் போட்டு தரையில,ER_NOW
செவியர் நெஞ்சு வலி,ER_NOW
காய்ச்சல் இல்ல ஆனா மூச்சு,ER_NOW
விஷம் பட்டு வாந்தி,ER_NOW
என் வீட்டுக்காரர் மலேரியா செவியர்,ER_NOW
பாம்பு கடி கால் கருப்பு,ER_NOW
என் பொண்ணுக்கு திடீர் மயக்கம்,ER_NOW
டெங்கு சிம்டம்ஸ் வந்துச்சு,ER_NOW
பூச்சி மருந்து பட்டு,ER_NOW
எங்க அப்பா நெஞ்சு வலி,ER_NOW
தொடர்ச்சி வாந்தி வருது,ER_NOW
மழையில வேலை செஞ்சு ஜுரம்,ER_NOW
பாம்பு கடி ரொம்ப வலி,ER_NOW
மூச்சு சரி இல்ல,ER_NOW
என் பொண்டாட்டி மயக்கம் போட்டு,ER_NOW
செவியர் மூச்சு பிரச்சனை,ER_NOW
மலேரியா ஜுரம் அதிகம்,ER_NOW
விஷம் ரியாக்ஷன் திடீர்,ER_NOW
என் மகன் நெஞ்சு வலி,ER_NOW
டெங்கு ஈறு ரத்தம்,ER_NOW
பாம்பு கடி வீக்கம்,ER_NOW
நேத்து ராத்திரி வாந்தி,ER_NOW
எங்க அம்மா மயக்கம்,ER_NOW
பூச்சி மருந்துல பாதிப்பு,ER_NOW
எங்க அப்பாக்கு மூச்சு,ER_NOW
ஃபார்ம் மழையில பாம்பு,ER_NOW
ஜுரம் அதிகம் வாந்தி,ER_NOW
என் வீட்டுக்காரர் மூச்சு,ER_NOW
மயக்கம் விழுந்தான்,ER_NOW
டெங்கு செவியர்,ER_NOW
பாம்பு கடிப்பு,ER_NOW
நெஞ்சு வலி திடீர்,ER_NOW
விஷம் பட்டு,ER_NOW
மலேரியா சிம்டம்ஸ்,ER_NOW
பாம்பு கடி உடனே,ER_NOW
தொடர்ச்சி வாந்தி,ER_NOW
நேத்து இருந்து மயக்கம்,ER_NOW
பூச்சி ரியாக்ஷன்,ER_NOW
டெங்கு ரத்தம்,ER_NOW
காய்ச்சல் இல்ல மூச்சு,ER_NOW
என் அப்பா மயக்கம்,ER_NOW
மழை வேலை பிரச்சனை,ER_NOW
பாம்பு வீக்கம்,ER_NOW
என் மகள் வாந்தி,ER_NOW
ஜுரம் ரொம்ப,ER_NOW
my father has severe chest pain since yesterday night please come fast,ER_NOW
my husband suddenly cannot breathe,ER_NOW
severe chest pain,ER_NOW
the baby is not breathing properly since morning,ER_NOW
my wife fainted suddenly while walking,ER_NOW
cheast pain and vomiting continuously,ER_NOW
my father cannot breathe properly,ER_NOW
sudden fainting episode,ER_NOW
my mother has severe cheast pain,ER_NOW
cannot breathe at all,ER_NOW
my husband is having heavy chest pain since last night please help,ER_NOW
my son suddenly started vomiting blood,ER_NOW
breathing difficulty for the past 2 hours,ER_NOW
fainted twice today,ER_NOW
my daughter has severe chest pain,ER_NOW
continuous vomiting since morning,ER_NOW
my grandfather cannot breathe,ER_NOW
sudden fainting,ER_NOW
severe cheast pain and dizziness,ER_NOW
my wife is vomiting non stop,ER_NOW
chest pain bad,ER_NOW
can't breathe,ER_NOW
my father fainted suddenly,ER_NOW
vomiting blood,ER_NOW
my husband has chest pain,ER_NOW
fainted,ER_NOW
severe chest pain please come fast,ER_NOW
breathing very difficult,ER_NOW
my mother continuous vomiting,ER_NOW
my son has severe chest pain and breathing issue,ER_NOW
my husband fainted badly,ER_NOW
chest pain since yesterday night,ER_NOW
fainting repeatedly,ER_NOW
my daughter vomiting blood,ER_NOW
can't breathe properly,ER_NOW
my grandfather severe chest pain,ER_NOW
suddenly fainted,ER_NOW
my father is having very bad chest pain since yesterday night we need to go hospital immediately,ER_NOW
my wife suddenly cannot breathe and looks faint please come fast,ER_NOW
my husband has severe chest pain with continuous vomiting,ER_NOW
my mother fainted suddenly and is not breathing well,ER_NOW
my son is complaining of heavy chest pain and shortness of breath,ER_NOW
my grandmother is vomiting blood and very weak,ER_NOW
suddenly I fainted and fell down no one is at home,ER_NOW
my daughter has sudden chest pain and fainting,ER_NOW
cannot breathe and chest pain is severe,ER_NOW
my husband has chest pain since last night with fainting,ER_NOW
continuous vomiting and feeling very weak,ER_NOW
my sister has severe breathing difficulty,ER_NOW
chest pain then suddenly fainted,ER_NOW
my grandfather felt dizzy and fainted,ER_NOW
vomiting non stop cannot control,ER_NOW
my daughter has bad chest pain,ER_NOW
breathing very hard,ER_NOW
my father suddenly fainted,ER_NOW
stomach pain with blood vomiting,ER_NOW
my wife has chest pain and fainted,ER_NOW
fainting keeps coming back,ER_NOW
severe chest pain right now,ER_NOW
breathing difficulty very bad,ER_NOW
my mother continuous vomiting and weak,ER_NOW
sudden fainting attack,ER_NOW
my son chest pain and breathing trouble,ER_NOW
my husband is very serious fainted,ER_NOW
chest pain from yesterday night,ER_NOW
fainting coming repeatedly,ER_NOW
my grandfather has severe chest pain,ER_NOW
suddenly fell down unconscious,ER_NOW
continuous vomiting please come,ER_NOW
bad chest pain,ER_NOW
my father severe chest pain,ER_NOW
sudden breathing problem,ER_NOW
my wife fainted and fell down,ER_NOW
my mother sudden chest pain,ER_NOW
son breathing difficulty,ER_NOW
my grandmother repeated fainting,ER_NOW
chest pain with fainting,ER_NOW
cannot breathe,ER_NOW
my husband chest pain since yesterday,ER_NOW
blood in vomit,ER_NOW
my son breathing trouble,ER_NOW
fainted badly,ER_NOW
my sister has chest pain,ER_NOW
suddenly fell unconscious,ER_NOW
severe breathing difficulty,ER_NOW
my father fainted,ER_NOW
stomach pain with vomiting,ER_NOW
my wife suddenly fainted,ER_NOW
severe chest pain come fast,ER_NOW
breathing hard,ER_NOW
my mother vomiting a lot,ER_NOW
my son has chest pain,ER_NOW
fainted again,ER_NOW
husband breathing difficulty,ER_NOW
my grandfather chest pain,ER_NOW
severe chest pain need hospital now,ER_NOW
sudden breathing difficulty,ER_NOW
my wife continuous vomiting and fainting,ER_NOW
my husband severe chest pain very bad,ER_NOW
my father fainted last night,ER_NOW
severe chest pain doctor please,ER_NOW
my son breathing trouble and fainting,ER_NOW
sudden blood vomiting and weakness,ER_NOW
my daughter sudden chest pain,ER_NOW
cannot breathe please come fast,ER_NOW
my mother suddenly fainted,ER_NOW
stomach pain with continuous vomiting,ER_NOW
my husband chest pain with breathing issue,ER_NOW
fainting keeps happening,ER_NOW
severe breathing problem,ER_NOW
my grandfather vomiting blood,ER_NOW
my son chest pain with fainting,ER_NOW
husband cannot breathe,ER_NOW
repeated fainting,ER_NOW
my father continuous vomiting,ER_NOW
sudden chest pain,ER_NOW
my wife breathing difficulty,ER_NOW
chest pain since last night,ER_NOW
my mother suddenly fell down,ER_NOW
son continuous vomiting,ER_NOW
chest pain and fainting,ER_NOW
severe breathing trouble,ER_NOW
my grandmother has chest pain,ER_NOW
blood vomiting badly,ER_NOW
my daughter breathing difficulty,ER_NOW
husband chest pain,ER_NOW
sudden vomiting,ER_NOW
severe chest pain very painful,ER_NOW
I fainted suddenly,ER_NOW
my father breathing trouble,ER_NOW
stomach pain with fainting,ER_NOW
my sister sudden chest pain,ER_NOW
vomiting non stop,ER_NOW
breathing difficulty with fainting,ER_NOW
my grandfather sudden fainting,ER_NOW
fainting coming,ER_NOW
my mother suddenly fell unconscious,ER_NOW
my father chest pain since yesterday,ER_NOW
my daughter has chest pain,ER_NOW
vomiting a lot,ER_NOW
my husband fainted,ER_NOW
blood vomiting,ER_NOW
sudden breathing trouble,ER_NOW
my daughter repeated fainting,ER_NOW
my grandmother vomiting blood,ER_NOW
fainting again and again,ER_NOW
my son severe chest pain,ER_NOW
suddenly fell down,ER_NOW
my father sudden breathing trouble,ER_NOW
my wife fainted,ER_NOW
my mother sudden fainting,ER_NOW
my son continuous vomiting,ER_NOW
fainting,ER_NOW
cannot breathe properly,ER_NOW
my father chest pain and fainted,ER_NOW
my wife repeated fainting,ER_NOW
husband very bad pain,ER_NOW
chest pain since yesterday,ER_NOW
my mother vomiting blood,ER_NOW
my son sudden chest pain,ER_NOW
severe chest pain come now,ER_NOW
my baby suddenly cannot breathe since yesterday night please come fast,ER_NOW
my pregnant wife has severe chest pain,ER_NOW
the baby is having continuous vomiting and fainting,ER_NOW
my child is not breathing properly,ER_NOW
severe breathing difficulty for my baby,ER_NOW
my pregnant wife fainted suddenly while cooking,ER_NOW
baby high fever with fits since morning,ER_NOW
my daughter continuous crying and vomiting nonstop,ER_NOW
pregnant wife severe abdominal pain and bleeding,ER_NOW
my baby cannot breathe properly please come fast,ER_NOW
cheast pain in my pregnant wife,ER_NOW
the child fainted suddenly no reason,ER_NOW
my baby has high fever and body stiff,ER_NOW
my pregnant wife is having severe vomiting since yesterday night,ER_NOW
baby not responding and breathing fast,ER_NOW
my son continuous fits with high fever,ER_NOW
pregnant woman severe chest pain and dizziness,ER_NOW
my baby suddenly unconscious please help,ER_NOW
my daughter nonstop crying with breathing problem,ER_NOW
my pregnant wife has heavy bleeding since last night,ER_NOW
baby vomiting blood continuously,ER_NOW
severe brething difficulty my child,ER_NOW
my pregnant wife fainted twice today,ER_NOW
the baby has high fever and seizures,ER_NOW
my son cannot breathe since evening,ER_NOW
pregnant wife severe headache and vision blur,ER_NOW
my baby continuous vomiting no stop,ER_NOW
child high fever with neck stiff,ER_NOW
my pregnant wife chest pain suddenly,ER_NOW
baby not breathing well since morning,ER_NOW
my daughter fainted after crying a lot,ER_NOW
severe cheast pain for pregnant wife,ER_NOW
my baby has fits and high fever,ER_NOW
pregnant wife heavy vomiting and pain,ER_NOW
the child breathing very fast and weak,ER_NOW
my son sudden fainting episode,ER_NOW
baby continuous cry with breathing issue,ER_NOW
my pregnant wife severe back pain and spotting,ER_NOW
my baby unconscious since last hour,ER_NOW
high fever and vomiting my child,ER_NOW
pregnant wife cannot breathe properly,ER_NOW
my daughter nonstop vomiting and fainted,ER_NOW
baby severe dehydration and not responding,ER_NOW
my pregnant wife sudden labor pain too early,ER_NOW
child breathing difficulty no fever but serious,ER_NOW
my baby has high fever and body turning blue,ER_NOW
my son continuous fits please come fast,ER_NOW
pregnant wife severe chest heaviness,ER_NOW
the baby fainted suddenly while feeding,ER_NOW
my child has severe chest pain,ER_NOW
my pregnant wife vomiting blood,ER_NOW
baby not breathing normal since night,ER_NOW
my daughter high fever with continuous cry,ER_NOW
severe brething problem in my baby,ER_NOW
my pregnant wife fainted while walking,ER_NOW
the child has fits and high kaichal,ER_NOW
my baby continuous vomiting and lethargic,ER_NOW
pregnant wife severe abdominal pain,ER_NOW
my son breathing difficulty suddenly,ER_NOW
baby high fever and stiff body,ER_NOW
my pregnant wife heavy bleeding please rush,ER_NOW
child fainted no fever but weak,ER_NOW
my baby not responding to voice,ER_NOW
my daughter severe chest pain,ER_NOW
pregnant wife sudden fainting attack,ER_NOW
the baby has breathing problem since yesterday,ER_NOW
my pregnant wife cannot breathe well,ER_NOW
baby vomiting nonstop since morning,ER_NOW
my son high fever with seizure,ER_NOW
severe cheast pain pregnant wife,ER_NOW
my baby fainted after continuous cry,ER_NOW
child not breathing properly,ER_NOW
my pregnant wife severe headache vomiting,ER_NOW
the baby has high fever and fits,ER_NOW
my daughter breathing fast and weak,ER_NOW
pregnant wife continuous vomiting,ER_NOW
my baby sudden unconscious,ER_NOW
severe breathing issue my child,ER_NOW
my pregnant wife chest pain since night,ER_NOW
baby high fever body shivering,ER_NOW
my son fainted suddenly,ER_NOW
the child continuous vomiting blood,ER_NOW
my pregnant wife severe pain and bleeding,ER_NOW
my baby not breathing easy,ER_NOW
child high fever and neck pain,ER_NOW
my daughter sudden fainting,ER_NOW
pregnant wife breathing difficulty,ER_NOW
baby continuous cry and high fever,ER_NOW
my pregnant wife fainted today morning,ER_NOW
my child severe chest pain,ER_NOW
the baby has fits since yesterday night,ER_NOW
my son breathing problem please come fast,ER_NOW
pregnant wife heavy bleeding,ER_NOW
baby not responding high fever,ER_NOW
my daughter nonstop vomiting,ER_NOW
severe brething difficulty pregnant,ER_NOW
my baby fainted while breast feeding,ER_NOW
child high fever continuous cry,ER_NOW
my pregnant wife severe vomiting,ER_NOW
the baby sudden chest pain,ER_NOW
my child unconscious after fever,ER_NOW
pregnant wife fainting and pain,ER_NOW
my baby breathing very fast,ER_NOW
my son severe fits,ER_NOW
baby high fever and vomiting,ER_NOW
my pregnant wife cannot walk due to pain,ER_NOW
child not breathing well,ER_NOW
my daughter fainted suddenly,ER_NOW
pregnant wife cheast heaviness,ER_NOW
the baby continuous seizure,ER_NOW
my baby high fever since last night,ER_NOW
my pregnant wife severe abdominal issue,ER_NOW
child breathing difficulty,ER_NOW
my son vomiting blood,ER_NOW
baby not responding please rush,ER_NOW
my pregnant wife sudden fainting,ER_NOW
my daughter high fever fits,ER_NOW
severe chest pain my child,ER_NOW
the baby cannot breathe,ER_NOW
pregnant wife heavy vomiting since morning,ER_NOW
my baby fainted after crying,ER_NOW
my child breathing problem no fever,ER_NOW
my pregnant wife chest pain bad,ER_NOW
baby high fever body blue,ER_NOW
my son continuous cry and weak,ER_NOW
pregnant wife severe pain,ER_NOW
the baby fits and fever,ER_NOW
my daughter not breathing normal,ER_NOW
my pregnant wife fainted twice,ER_NOW
baby severe vomiting,ER_NOW
my child high fever unconscious,ER_NOW
pregnant wife brething difficulty,ER_NOW
my baby chest pain sudden,ER_NOW
my son fainting episode,ER_NOW
the baby continuous vomiting,ER_NOW
my pregnant wife bleeding heavy,ER_NOW
child severe breathing issue,ER_NOW
my baby high fever seizure,ER_NOW
my daughter sudden mayakkam,ER_NOW
pregnant wife severe headache,ER_NOW
baby not breathing since night,ER_NOW
my child fainted while playing,ER_NOW
my pregnant wife vomiting nonstop,ER_NOW
the baby high fever stiff,ER_NOW
my son chest pain severe,ER_NOW
baby breathing fast and cry,ER_NOW
pregnant wife fainting,ER_NOW
my baby continuous fits,ER_NOW
child not responding,ER_NOW
my pregnant wife pain and bleed,ER_NOW
the baby sudden unconscious,ER_NOW
my child breathing difficulty,ER_NOW
my baby high fever since yesterday,ER_NOW
pregnant wife severe chest pain,ER_NOW
my son fainted,ER_NOW
baby vomiting blood,ER_NOW
my pregnant wife cannot breathe,ER_NOW
my daughter continuous cry,ER_NOW
the child high fever fits,ER_NOW
baby not breathing properly,ER_NOW
my pregnant wife sudden pain,ER_NOW
my baby severe vomiting,ER_NOW
child fainted suddenly,ER_NOW
pregnant wife bleeding and pain,ER_NOW
my son breathing problem,ER_NOW
the baby high fever and cry,ER_NOW
my daughter unconscious,ER_NOW
my pregnant wife chest heaviness,ER_NOW
baby fits,ER_NOW
pregnant wife fainting attack,ER_NOW
my baby not responding,ER_NOW
my son high fever vomiting,ER_NOW
the baby breathing difficulty,ER_NOW
child sudden fainting,ER_NOW
baby high fever seizure,ER_NOW
my daughter chest pain,ER_NOW
my baby fainted,ER_NOW
my child not breathing well,ER_NOW
my pregnant wife pain sudden,ER_NOW
the baby continuous cry high fever,ER_NOW
my son vomiting nonstop,ER_NOW
baby severe breathing issue,ER_NOW
pregnant wife fainted,ER_NOW
my baby chest pain,ER_NOW
child unconscious,ER_NOW
my pregnant wife brething problem,ER_NOW
my son severe pain,ER_NOW
baby not responding,ER_NOW
my pregnant wife heavy vomiting,ER_NOW
my child fainted suddenly,ER_NOW
my baby breathing difficulty,ER_NOW
the child high fever,ER_NOW
my pregnant wife fainting,ER_NOW
baby continuous seizure,ER_NOW
my son not breathing normal,ER_NOW
my grandfather suddenly cannot breathe since yesterday night please come fast,ER_NOW
grandma has severe chest pain,ER_NOW
my husband fainted suddenly while sitting,ER_NOW
elderly father breathing difficulty no fever,ER_NOW
my grandma cheast pain and high BP,ER_NOW
severe brething problem,ER_NOW
grandfather fainted,ER_NOW
my old father has continuous vomiting since morning,ER_NOW
chest pain for grandpa,ER_NOW
my grandmother suddenly collapsed,ER_NOW
grandpa has sugar issues now cant breath properly,ER_NOW
fainted suddenly,ER_NOW
my thatha severe chest pain and weakness,ER_NOW
grandma breathing very difficult,ER_NOW
elderly patient chest pain high BP,ER_NOW
my grandfather vomitting blood please come,ER_NOW
grandma fainted while walking,ER_NOW
my father has chest pain since last night,ER_NOW
grandfather sudden fainting with BP high,ER_NOW
my paati continuous vomiting,ER_NOW
breathing difficulty in elderly man,ER_NOW
grandma collapsed suddenly,ER_NOW
my old father cheast heaviness and sugar high,ER_NOW
grandfather has severe breathing issue,ER_NOW
chest pain grandpa,ER_NOW
my grandmother not able to breath properly,ER_NOW
sudden fainting in thatha,ER_NOW
elderly mother vomitting non stop,ER_NOW
severe cheast pain,ER_NOW
my grandpa fainted with joint pain history,ER_NOW
grandma breathing problem since evening,ER_NOW
father has high BP now chest pain,ER_NOW
cannot breath,ER_NOW
my grandmother sudden collapse,ER_NOW
grandpa vomitting continuously,ER_NOW
my thatha fainted suddenly please help,ER_NOW
chest pain in elderly,ER_NOW
grandma has sugar and now fainting,ER_NOW
brething problem grandpa,ER_NOW
grandmother collapsed at home,ER_NOW
fainted while eating,ER_NOW
my old paati vomitting blood,ER_NOW
chest pain high BP,ER_NOW
grandfather cannot breathe properly,ER_NOW
my grandma severe chest heaviness,ER_NOW
elderly father breathing very hard,ER_NOW
grandpa has continuous vomiting,ER_NOW
cheast pain since morning,ER_NOW
my grandfather fainted with weakness,ER_NOW
grandmother difficulty in breathing,ER_NOW
severe chest pain grandpa,ER_NOW
my paati collapsed suddenly,ER_NOW
fainting episode in elderly,ER_NOW
grandfather high sugar now not breathing well,ER_NOW
chest pain,ER_NOW
my father vomitting non stop since night,ER_NOW
grandma sudden breathing issue,ER_NOW
elderly man fainted,ER_NOW
my grandmother chest pain and BP high,ER_NOW
grandpa collapsed,ER_NOW
severe vomitting,ER_NOW
my thatha cannot breath,ER_NOW
chest pain in grandma,ER_NOW
father sudden fainting,ER_NOW
grandmother has severe breathing problem,ER_NOW
fainted suddenly grandpa,ER_NOW
my old father cheast pain,ER_NOW
continuous vomiting grandma,ER_NOW
elderly breathing difficulty high BP,ER_NOW
grandpa severe chest pain,ER_NOW
my paati fainted while talking,ER_NOW
grandmother vomitting a lot,ER_NOW
my grandfather difficulty breathing since yesterday,ER_NOW
sudden collapse grandma,ER_NOW
severe cheast pain elderly,ER_NOW
my father has fainted,ER_NOW
brething very hard grandpa,ER_NOW
grandma high sugar now chest pain,ER_NOW
elderly patient severe vomiting,ER_NOW
my thatha chest pain please come fast,ER_NOW
grandfather not able to breathe,ER_NOW
my grandmother sudden fainting,ER_NOW
continuous vomitting grandpa,ER_NOW
breathing problem in paati,ER_NOW
my old father collapsed suddenly,ER_NOW
severe chest pain grandma,ER_NOW
grandpa fainted with BP issue,ER_NOW
cannot breath since morning,ER_NOW
my paati has chest heaviness,ER_NOW
elderly man breathing difficulty,ER_NOW
fainting episode,ER_NOW
grandmother vomitting blood,ER_NOW
cheast pain grandpa,ER_NOW
my grandma sudden collapse,ER_NOW
father high BP now fainted,ER_NOW
severe vomiting,ER_NOW
grandpa chest pain and weakness,ER_NOW
my thatha cannot breathe,ER_NOW
grandmother fainted suddenly,ER_NOW
chest pain elderly,ER_NOW
brething problem,ER_NOW
grandma severe chest pain,ER_NOW
fainted while walking grandpa,ER_NOW
my paati breathing difficulty high sugar,ER_NOW
elderly collapse,ER_NOW
grandfather vomitting non stop,ER_NOW
my grandmother not breathing well,ER_NOW
sudden fainting thatha,ER_NOW
my old father fainted,ER_NOW
breathing issue,ER_NOW
grandpa severe chest heaviness,ER_NOW
my paati collapsed,ER_NOW
fainting with high BP,ER_NOW
elderly chest pain,ER_NOW
my grandfather difficulty in breathing,ER_NOW
grandmother vomitting continuously,ER_NOW
cheast pain,ER_NOW
my father sudden collapse,ER_NOW
severe breathing difficulty grandpa,ER_NOW
fainted grandma,ER_NOW
my thatha chest pain since night,ER_NOW
cannot breathe elderly,ER_NOW
grandpa high sugar fainting,ER_NOW
my grandmother breathing problem,ER_NOW
chest pain and fainted,ER_NOW
grandfather collapsed suddenly,ER_NOW
my paati severe chest pain,ER_NOW
brething hard,ER_NOW
elderly man vomitting blood,ER_NOW
fainting episode grandpa,ER_NOW
my father chest pain high BP,ER_NOW
grandma cannot breathe,ER_NOW
my grandfather fainted,ER_NOW
continuous vomiting thatha,ER_NOW
breathing difficulty grandma,ER_NOW
chest pain elderly father,ER_NOW
my paati sudden fainting,ER_NOW
grandpa severe breathing issue,ER_NOW
my grandmother cheast pain,ER_NOW
elderly vomiting non stop,ER_NOW
my thatha collapsed,ER_NOW
cannot breath properly grandma,ER_NOW
my father breathing difficulty,ER_NOW
fainting with weakness,ER_NOW
grandmother high BP chest pain,ER_NOW
my grandpa vomitting since yesterday,ER_NOW
severe brething problem paati,ER_NOW
elderly fainted,ER_NOW
grandfather chest pain,ER_NOW
my father not breathing well,ER_NOW
cheast heaviness grandma,ER_NOW
fainted thatha,ER_NOW
severe chest pain elderly,ER_NOW
my paati breathing very difficult,ER_NOW
grandpa collapsed at home,ER_NOW
my old father vomitting blood,ER_NOW
grandmother severe chest pain,ER_NOW
my grandfather high sugar now fainted,ER_NOW
elderly chest pain and vomiting,ER_NOW
my thatha sudden breathing issue,ER_NOW
severe vomitting grandpa,ER_NOW
my paati fainted while sitting,ER_NOW
my father severe chest pain since morning,ER_NOW
grandfather breathing difficulty,ER_NOW
elderly man continuous vomiting,ER_NOW
my grandmother cheast pain high BP,ER_NOW
cannot breath properly,ER_NOW
grandpa sudden fainting,ER_NOW
severe chest pain thatha,ER_NOW
my old father collapsed,ER_NOW
breathing very hard grandma,ER_NOW
vomitting non stop,ER_NOW
my paati chest pain,ER_NOW
grandfather fainted with sugar issue,ER_NOW
my grandmother sudden collapse please come fast,ER_NOW
my father suddenly cannot breathe please come fast,ER_NOW
severe chest pain for 3 days,ER_NOW
my husband fainted suddenly while working,ER_NOW
no fever but the baby is not breathing properly since morning,ER_NOW
my wife has dengue with heavy bleeding and high fever,ER_NOW
snake bite on leg swelling badly and fainting,ER_NOW
continuous vomiting after pesticide exposure,ER_NOW
my son working in rain got malaria fever and chest pain,ER_NOW
cannot breathe properly since yesterday night,ER_NOW
severe cheast pain and dizzyness,ER_NOW
my mother fainted after snake bite,ER_NOW
breathing difficulty no fever but very serious,ER_NOW
pesticide spray caused nonstop vomiting,ER_NOW
dengue symptoms with bleeding gums and weakness,ER_NOW
my father sudden chest pain while farming,ER_NOW
fainted twice today please come,ER_NOW
my husband malaria high fever and fainting,ER_NOW
snake bite swelling and cannot walk,ER_NOW
continuous vomitting since morning,ER_NOW
no fever but severe breathing problem,ER_NOW
my daughter got dengue very severe,ER_NOW
pesticide exposure causing dizziness and vomiting,ER_NOW
my son chest pain after working in rain,ER_NOW
sudden fainting while in field,ER_NOW
severe brething difficulty for 2 days,ER_NOW
my wife snake bite on hand swelling fast,ER_NOW
high fever malaria and chest tight,ER_NOW
continuous vomiting after farm work,ER_NOW
dengue bleeding nose and high fever,ER_NOW
my mother fainted suddenly,ER_NOW
severe chest pain since last night,ER_NOW
snake bite causing severe pain and swelling,ER_NOW
pesticide made my husband very dizzy,ER_NOW
no fever but moochu problem very bad,ER_NOW
my son breathing issue after rain work,ER_NOW
fainted after pesticide contact,ER_NOW
my daughter severe dengue symptoms,ER_NOW
chest pain and cannot breathe,ER_NOW
my husband malaria attack very serious,ER_NOW
snake bite please come fast,ER_NOW
continuous vomitting and weakness,ER_NOW
severe cheast pain suddenly,ER_NOW
my father working in rain got fever and fainted,ER_NOW
breathing difficulty no fever,ER_NOW
pesticide exposure nonstop vomiting,ER_NOW
my wife dengue with bleeding,ER_NOW
fainted twice in one hour,ER_NOW
severe chest pain my son,ER_NOW
snake bite leg swollen badly,ER_NOW
my mother cannot breathe since yesterday,ER_NOW
malaria high fever and vomiting,ER_NOW
sudden fainting in farm,ER_NOW
no fever but severe breathing issue,ER_NOW
my husband chest pain after pesticide,ER_NOW
dengue symptoms bleeding and fever,ER_NOW
continuous vomiting please help,ER_NOW
my daughter snake bite urgent,ER_NOW
severe cheast pain since morning,ER_NOW
my father fainted after rain work,ER_NOW
pesticide caused severe reaction,ER_NOW
my son malaria fever very high,ER_NOW
snake bite swelling and pain,ER_NOW
no fever but cannot breathe well,ER_NOW
my wife sudden chest pain,ER_NOW
dengue with low platelets emergency,ER_NOW
fainted while working in field,ER_NOW
continuous vomitting for hours,ER_NOW
my mother breathing difficulty,ER_NOW
severe chest pain and dizziness,ER_NOW
snake bite on foot very bad,ER_NOW
my husband pesticide exposure bad,ER_NOW
malaria attack with fainting,ER_NOW
sudden cannot breathe,ER_NOW
my daughter chest pain severe,ER_NOW
fainted after snake bite,ER_NOW
breathing problem since last night,ER_NOW
my father vomiting continuously,ER_NOW
severe cheast pain no fever,ER_NOW
pesticide made me dizzy and vomit,ER_NOW
my son fainted in rain,ER_NOW
snake bite urgent hospital,ER_NOW
continuous vomiting my wife,ER_NOW
no fever but moochu kashdam,ER_NOW
my mother dengue severe,ER_NOW
chest pain sudden very bad,ER_NOW
malaria high fever fainted,ER_NOW
my husband breathing difficulty,ER_NOW
snake bite leg blackish,ER_NOW
severe chest pain my daughter,ER_NOW
pesticide exposure reaction bad,ER_NOW
my father cannot breathe,ER_NOW
dengue with heavy bleeding,ER_NOW
continuous vomitting since yesterday,ER_NOW
my son chest pain after work,ER_NOW
snake bite swelling fast,ER_NOW
my wife fainted suddenly,ER_NOW
malaria fever and chest pain,ER_NOW
severe cheast pain emergency,ER_NOW
my mother pesticide vomiting,ER_NOW
no fever but cannot breathe,ER_NOW
my daughter snake bite,ER_NOW
dengue symptoms very serious,ER_NOW
fainted in the field,ER_NOW
continuous vomiting my husband,ER_NOW
chest pain since morning,ER_NOW
my father breathing issue,ER_NOW
severe chest pain and fainting,ER_NOW
pesticide caused dizziness,ER_NOW
my son malaria attack,ER_NOW
no fever but severe pain chest,ER_NOW
my wife cannot breathe properly,ER_NOW
dengue bleeding nose,ER_NOW
fainted after rain work,ER_NOW
continuous vomitting bad,ER_NOW
my mother chest pain sudden,ER_NOW
snake bite very painful,ER_NOW
breathing difficulty my daughter,ER_NOW
pesticide exposure emergency,ER_NOW
my father dengue high fever,ER_NOW
malaria with vomiting,ER_NOW
cannot breathe since night,ER_NOW
my wife breathing problem,ER_NOW
dengue severe case,ER_NOW
my mother snake bite,ER_NOW
pesticide reaction bad,ER_NOW
my daughter fainted,ER_NOW
my husband malaria,ER_NOW
chest pain emergency,ER_NOW
continuous vomitting,ER_NOW
fainted in farm,ER_NOW
my son pesticide exposure,ER_NOW
my wife chest pain,ER_NOW
malaria high fever,ER_NOW
my mother fainted,ER_NOW
my daughter dengue,ER_NOW
breathing problem,ER_NOW
severe chest pain my father,ER_NOW
pesticide bad reaction,ER_NOW
my husband snake bite,ER_NOW
no fever but moochu issue,ER_NOW
my son chest pain,ER_NOW
my wife malaria,ER_NOW
my mother chest pain,ER_NOW
my father pesticide,ER_NOW
my daughter cannot breathe,ER_NOW
malaria attack,ER_NOW
chest pain severe,ER_NOW
my son breathing issue,ER_NOW
pesticide exposure,ER_NOW
my wife dengue,ER_NOW
no fever but chest pain,ER_NOW
malaria fever,ER_NOW
my father vomitting,ER_NOW
my husband chest pain,ER_NOW
dengue symptoms,ER_NOW
my son cannot breathe,ER_NOW
my mother malaria,ER_NOW
my father breathing problem,ER_NOW
my husband pesticide,ER_NOW
my son snake bite,ER_NOW
malaria high,ER_NOW
my wife vomitting,ER_NOW
my mother breathing issue,ER_NOW
my father dengue,ER_NOW
pesticide bad,ER_NOW
my son malaria,ER_NOW
my wife cannot breathe,ER_NOW
my daughter breathing problem,ER_NOW
malaria,ER_NOW
my son pesticide,ER_NOW
no fever but moochu,ER_NOW
my father snake bite,ER_NOW
my husband cannot breathe,ER_NOW
my son dengue,ER_NOW
my husband dengue,ER_NOW
enga ammaku rendu naala high kaichal marundhu kudichum kekala,CLINIC_24H
en payyanuku vayiru vali romba irukku,CLINIC_24H
vayithu pokku continuous,CLINIC_24H
enga appaku thala vali and fever,CLINIC_24H
kaiyila cut aagiduchu ratham varuthu,CLINIC_24H
high juram 2 days ah,CLINIC_24H
en pondatiku loose motion and stomach pain,CLINIC_24H
thala vali romba,CLINIC_24H
vayiru vali severe illa but continuous,CLINIC_24H
en payyan body pain and mild fever,CLINIC_24H
enga thathaku nethu irundhu kaichal varuthu marundhu saptum control aagala eppo varanum,CLINIC_24H
en ponnuku vayithu vali and vomiting twice,CLINIC_24H
loose stools 4 times today,CLINIC_24H
enga ammaku kai cut panni ratham,CLINIC_24H
high fever since yesterday,CLINIC_24H
vayiru vali romba irukku doctor ku poganum,CLINIC_24H
thala vali and body pain,CLINIC_24H
en veetukararukku mild stomach upset,CLINIC_24H
kaichal and loose motion,CLINIC_24H
enga appaku thala vali severe ah illa,CLINIC_24H
fever 3 days,CLINIC_24H
en payyanuku vayiru vali,CLINIC_24H
loose motion repeat ah,CLINIC_24H
mild cut in leg,CLINIC_24H
enga amma nethu irundhu juram and vomiting,CLINIC_24H
en husband stomach pain and loose stools,CLINIC_24H
high kaichal but moochu sari,CLINIC_24H
vayithu pokku 5 times,CLINIC_24H
enga ponnu kaiyila cut,CLINIC_24H
thala vali and fever,CLINIC_24H
en payyan body full ah pain,CLINIC_24H
stomach vali since morning,CLINIC_24H
loose motion and weakness,CLINIC_24H
kaichal varuthu marundhu kekala,CLINIC_24H
enga thatha mild fever and cough,CLINIC_24H
vayiru vali romba illa but varuthu,CLINIC_24H
en pondati thala vali,CLINIC_24H
cut in hand ratham varuthu,CLINIC_24H
high juram 2 naal,CLINIC_24H
loose stools continuous,CLINIC_24H
enga appaku nethu rathiri irundhu kaichal and thala vali romba irukku eppo doctor ku poganum,CLINIC_24H
en payyanuku vayiru vali and 4 times loose motion,CLINIC_24H
enga ammaku mild cut but ratham stop aagala,CLINIC_24H
high fever marundhu saptum control illa,CLINIC_24H
stomach pain and vomiting,CLINIC_24H
thala vali romba varuthu,CLINIC_24H
en veetukararukku body pain and low fever,CLINIC_24H
vayithu pokku since yesterday,CLINIC_24H
kai cut aagiduchu,CLINIC_24H
enga ponnu kaichal and loose motion,CLINIC_24H
thala vali and vomiting,CLINIC_24H
en husband fever 3 days,CLINIC_24H
vayiru vali ippo dhaan start,CLINIC_24H
loose motion repeat,CLINIC_24H
mild stomach upset,CLINIC_24H
enga amma high juram,CLINIC_24H
en payyan thala vali severe,CLINIC_24H
body pain full ah,CLINIC_24H
kaichal varuthu,CLINIC_24H
vayithu vali,CLINIC_24H
loose stools,CLINIC_24H
enga thathaku cut in leg,CLINIC_24H
fever and body pain,CLINIC_24H
en pondatiku thala vali romba,CLINIC_24H
vayiru vali and loose motion,CLINIC_24H
high kaichal since 2 days,CLINIC_24H
stomach pain,CLINIC_24H
en payyan loose motion 3 times,CLINIC_24H
enga appaku juram and cough,CLINIC_24H
kaiyila ratham varuthu cut,CLINIC_24H
vayiru vali romba illa,CLINIC_24H
en ammaku high fever marundhu kekala,CLINIC_24H
loose motion and stomach pain,CLINIC_24H
enga husband mild cut,CLINIC_24H
body full pain,CLINIC_24H
kaichal varuthu 2 naal,CLINIC_24H
vayithu pokku,CLINIC_24H
thala vali severe,CLINIC_24H
en ponnu fever and vomiting,CLINIC_24H
stomach vali,CLINIC_24H
enga thatha thala vali,CLINIC_24H
mild fever and body pain,CLINIC_24H
cut in finger,CLINIC_24H
high juram but moochu illa,CLINIC_24H
en veetukararukku vayiru vali,CLINIC_24H
loose motion,CLINIC_24H
kaichal and weakness,CLINIC_24H
enga amma nethu irundhu stomach pain and loose motion eppo clinic poganum,CLINIC_24H
en payyanuku rendu naal fever marundhu saptum control aagala,CLINIC_24H
vayiru vali and 3 times motion,CLINIC_24H
enga appaku kai cut ratham varuthu,CLINIC_24H
high kaichal since morning,CLINIC_24H
en pondati loose stools,CLINIC_24H
mild stomach vali,CLINIC_24H
fever varuthu,CLINIC_24H
vayithu pokku repeat,CLINIC_24H
enga ponnu thala vali romba,CLINIC_24H
cut aagiduchu,CLINIC_24H
high juram 48 hours,CLINIC_24H
stomach pain continuous,CLINIC_24H
loose motion and vomiting,CLINIC_24H
enga husband body pain,CLINIC_24H
kaichal and thala vali,CLINIC_24H
en payyan mild cut,CLINIC_24H
vayiru vali,CLINIC_24H
fever since yesterday,CLINIC_24H
loose stools 4 times,CLINIC_24H
enga ammaku high fever,CLINIC_24H
stomach upset,CLINIC_24H
en thatha kaiyila vali,CLINIC_24H
thala vali and juram,CLINIC_24H
vayithu vali romba illa,CLINIC_24H
en veetukararukku loose motion,CLINIC_24H
body pain full,CLINIC_24H
enga ponnu cut in hand,CLINIC_24H
high kaichal,CLINIC_24H
vayiru vali and motion,CLINIC_24H
en husband fever 2 days,CLINIC_24H
enga appa mild juram,CLINIC_24H
kai cut,CLINIC_24H
en amma vayiru vali,CLINIC_24H
high fever marundhu kekala,CLINIC_24H
loose motion since morning,CLINIC_24H
en payyan body pain,CLINIC_24H
kaichal and cough,CLINIC_24H
enga thathaku stomach vali,CLINIC_24H
mild cut,CLINIC_24H
fever and weakness,CLINIC_24H
loose stools repeat,CLINIC_24H
high juram,CLINIC_24H
vayiru vali mild,CLINIC_24H
enga ammaku nethu irundhu kaichal and thala vali romba doctor ku poga num,CLINIC_24H
en payyanuku loose motion and mild fever,CLINIC_24H
stomach pain since 2 days,CLINIC_24H
kaiyila cut ratham,CLINIC_24H
enga appaku high kaichal,CLINIC_24H
body full ah pain,CLINIC_24H
en ponnu mild juram,CLINIC_24H
cut in leg,CLINIC_24H
fever marundhu saptum illa,CLINIC_24H
enga husband vayiru vali,CLINIC_24H
en amma stomach pain,CLINIC_24H
high fever 3 days,CLINIC_24H
enga thatha mild cut,CLINIC_24H
body pain and fever,CLINIC_24H
thala vali severe illa,CLINIC_24H
vayiru vali romba,CLINIC_24H
fever since morning,CLINIC_24H
en payyan cut in hand,CLINIC_24H
enga ponnu high juram,CLINIC_24H
mild vayiru vali,CLINIC_24H
body pain,CLINIC_24H
en husband thala vali romba,CLINIC_24H
loose motion and fever,CLINIC_24H
enga ammaku fever and body pain,CLINIC_24H
stomach pain since yesterday,CLINIC_24H
loose stools 3 times,CLINIC_24H
en appaku mild juram,CLINIC_24H
thala vali and weakness,CLINIC_24H
kaichal,CLINIC_24H
enga thathaku cut,CLINIC_24H
en payyan thala vali,CLINIC_24H
fever marundhu kekala,CLINIC_24H
stomach vali mild,CLINIC_24H
enga pondati loose stools,CLINIC_24H
kaichal and vomiting,CLINIC_24H
en ponnu fever,CLINIC_24H
enga appa mild fever,CLINIC_24H
cut in finger ratham,CLINIC_24H
baby ku rendu naal ah high juram marundhu kuduthum kelala,CLINIC_24H
pregnant pondati ku vayiru vali romba irukku,CLINIC_24H
en payyanuku loose motion 3 days ah,CLINIC_24H
chinnu ponnu romba azhuthu konjamum saptu mudiyala,CLINIC_24H
high fever baby ku,CLINIC_24H
pregnant wife ku thala vali and mayakkam,CLINIC_24H
en maganuku vayithu pokku and juram,CLINIC_24H
baby ku breast feeding nalla illa romba tired,CLINIC_24H
2 years paiyanuku kaichal 2 days ah,CLINIC_24H
vayiru vali en pregnant pondati ku,CLINIC_24H
en chinnu ku continuous diarrhea,CLINIC_24H
baby ku juram irukku aana moochu nalla than,CLINIC_24H
pregnant sister ku swelling in legs,CLINIC_24H
payyanuku ratham vara small cut kaiyila,CLINIC_24H
baby ku nalla saptu illa and cry romba,CLINIC_24H
pregnant ponnu ku back pain romba,CLINIC_24H
magaluku fever and vomiting,CLINIC_24H
baby ku 3 days fever marundhu saptum kelala,CLINIC_24H
loose motion en chinnu paiyanuku,CLINIC_24H
wife ku pregnancy la thala vali,CLINIC_24H
baby ku romba azhuthu konjamum thoongala,CLINIC_24H
high juram en payyanuku,CLINIC_24H
en pregnant pondati ku stomach pain since yesterday,CLINIC_24H
ponnu ku skin rashes full ah,CLINIC_24H
baby ku fever and not feeding well,CLINIC_24H
vayithu vali pregnant wife ku,CLINIC_24H
en chinnu ku diarrhea 2 days,CLINIC_24H
maganuku kaichal and body pain,CLINIC_24H
baby ku nethu irundhu cry romba,CLINIC_24H
pregnant la irukura ponnuku swelling,CLINIC_24H
en payyanuku mild fever aana kelala,CLINIC_24H
baby ku breast feed panna mudiyala,CLINIC_24H
daughter ku vomiting and loose motion,CLINIC_24H
high fever baby ku eppo varanum,CLINIC_24H
en pregnant wife ku back vali romba,CLINIC_24H
chinnu paiyanuku rashes and itch,CLINIC_24H
baby ku juram and azhuthu,CLINIC_24H
pondati ku pregnancy la vomiting,CLINIC_24H
en magaluku 2 days fever,CLINIC_24H
baby ku not drinking milk properly,CLINIC_24H
vayiru pokku en payyanuku,CLINIC_24H
pregnant ponnu ku thala suthuthu,CLINIC_24H
en chinnu ku continuous cry and fever,CLINIC_24H
baby ku mild cut in leg,CLINIC_24H
wife ku stomach discomfort,CLINIC_24H
son ku kaichal and not active,CLINIC_24H
en pregnant sister ku leg swelling,CLINIC_24H
baby ku romba azhuthu thoongala,CLINIC_24H
high juram en ponnuku,CLINIC_24H
pregnant wife ku mild bleeding spot,CLINIC_24H
en payyanuku diarrhea and weak,CLINIC_24H
baby ku fever 2 days marundhu kelala,CLINIC_24H
chinnu ku skin allergy,CLINIC_24H
pregnant la irukura ku back pain,CLINIC_24H
en maganuku vomiting,CLINIC_24H
baby ku not feeding and cry,CLINIC_24H
daughter ku loose motion,CLINIC_24H
en baby ku high fever konjam,CLINIC_24H
pregnant wife ku vomiting since morning,CLINIC_24H
chinnu ku rashes full body,CLINIC_24H
en baby ku azhuthu romba,CLINIC_24H
pregnant ponnu ku swelling in hands,CLINIC_24H
vayithu vali en baby ku,CLINIC_24H
payyanuku fever and cry,CLINIC_24H
en wife ku pregnancy la discomfort,CLINIC_24H
magaluku diarrhea 3 days,CLINIC_24H
baby ku not sleeping well fever oda,CLINIC_24H
chinnu ponnu ku mild cut,CLINIC_24H
son ku kaichal kelala,CLINIC_24H
baby ku romba cry and not drink milk,CLINIC_24H
payyanuku rashes,CLINIC_24H
baby ku fever and loose,CLINIC_24H
en chinnu ku continuous azhuthu,CLINIC_24H
pregnant la vomiting,CLINIC_24H
baby ku not feeding,CLINIC_24H
en wife ku pregnancy swelling,CLINIC_24H
daughter ku diarrhea,CLINIC_24H
baby ku juram 2 days,CLINIC_24H
pregnant wife ku stomach vali,CLINIC_24H
chinnu ku rashes and fever,CLINIC_24H
baby ku mild breathing kashtam,CLINIC_24H
baby ku azhuthu and fever,CLINIC_24H
wife ku thala suthuthu,CLINIC_24H
magaluku vomiting,CLINIC_24H
en baby ku not active,CLINIC_24H
pregnant wife ku mild bleed,CLINIC_24H
payyanuku kaichal,CLINIC_24H
chinnu ku cry nonstop,CLINIC_24H
en baby ku fever marundhu kelala,CLINIC_24H
pondati ku swelling legs,CLINIC_24H
baby ku loose motion,CLINIC_24H
en pregnant la irukura ku vali,CLINIC_24H
maganuku mild juram,CLINIC_24H
baby ku not drinking milk,CLINIC_24H
en chinnu ku diarrhea,CLINIC_24H
baby ku high fever 2 days,CLINIC_24H
payyanuku vomiting,CLINIC_24H
en baby ku cry and not sleep,CLINIC_24H
sister ku pregnancy swelling,CLINIC_24H
ponnu ku rashes,CLINIC_24H
baby ku fever and azhuthu,CLINIC_24H
son ku loose motion,CLINIC_24H
baby ku mild cut,CLINIC_24H
wife ku vomiting pregnancy,CLINIC_24H
en chinnu ku fever,CLINIC_24H
baby ku not feeding well,CLINIC_24H
pregnant wife ku stomach pain,CLINIC_24H
magaluku cry romba,CLINIC_24H
en baby ku juram,CLINIC_24H
baby ku diarrhea,CLINIC_24H
en pregnant la irukura ku mayakkam,CLINIC_24H
daughter ku vomiting,CLINIC_24H
baby ku azhuthu,CLINIC_24H
wife ku swelling,CLINIC_24H
en chinnu ku loose,CLINIC_24H
baby ku fever 3 days,CLINIC_24H
pregnant wife ku vali,CLINIC_24H
en baby ku not sleep,CLINIC_24H
pregnant sister ku discomfort,CLINIC_24H
baby ku rashes,CLINIC_24H
en wife ku thala vali,CLINIC_24H
maganuku diarrhea,CLINIC_24H
baby ku mild juram,CLINIC_24H
en payyanuku vomiting,CLINIC_24H
chinnu ku swelling,CLINIC_24H
baby ku fever kelala,CLINIC_24H
en pregnant wife ku stomach issue,CLINIC_24H
wife ku pregnancy vali,CLINIC_24H
en son ku azhuthu,CLINIC_24H
chinnu ku mild cut,CLINIC_24H
en baby ku high fever,CLINIC_24H
payyanuku cry,CLINIC_24H
baby ku juram and weak,CLINIC_24H
en pregnant wife ku swelling,CLINIC_24H
magaluku diarrhea,CLINIC_24H
baby ku azhuthu romba,CLINIC_24H
sister ku thala vali,CLINIC_24H
en ponnu ku vomiting,CLINIC_24H
wife ku pregnancy fever,CLINIC_24H
chinnu ku loose motion,CLINIC_24H
pregnant ponnu ku discomfort,CLINIC_24H
son ku fever,CLINIC_24H
baby ku cry and fever,CLINIC_24H
en pregnant wife ku mild bleed,CLINIC_24H
baby ku diarrhea 2 days,CLINIC_24H
wife ku back vali,CLINIC_24H
baby ku juram marundhu kelala,CLINIC_24H
pregnant la irukura ku swelling,CLINIC_24H
payyanuku cry romba,CLINIC_24H
en baby ku not drinking,CLINIC_24H
chinnu ku mild fever,CLINIC_24H
pregnant wife ku thala vali,CLINIC_24H
en son ku loose,CLINIC_24H
baby ku fever since yesterday,CLINIC_24H
pondati ku stomach vali,CLINIC_24H
daughter ku rashes and itch,CLINIC_24H
en baby ku mild cut leg la,CLINIC_24H
pregnant sister ku vomiting,CLINIC_24H
chinnu ku cry and weak,CLINIC_24H
en wife ku pregnancy back pain,CLINIC_24H
payyanuku diarrhea,CLINIC_24H
baby ku not feeding properly,CLINIC_24H
pregnant ponnu ku swelling,CLINIC_24H
en magaluku mild juram,CLINIC_24H
enga thathaku rendu naal high fever BP already irukku marundhu eduthum kekala,CLINIC_24H
paati vayiru vali and loose motion since yesterday,CLINIC_24H
enga paatiku thala vali romba naal sugar high,CLINIC_24H
thatha joint pain romba increase aachu,CLINIC_24H
enga thathaku fever 3 days BP check panna venum,CLINIC_24H
paati continuous loose motion sugar problem,CLINIC_24H
enga appaku thala vali and weakness,CLINIC_24H
high fever thatha,CLINIC_24H
enga paatiku stomach pain 2 days joint pain undu,CLINIC_24H
thatha sugar high fever varuthu,CLINIC_24H
enga thathaku BP high and thala suthuthu,CLINIC_24H
paati vayiru pokku continuous,CLINIC_24H
joint pain romba bad aachu,CLINIC_24H
enga paatiku fever and sugar illa but weakness,CLINIC_24H
thatha stomach pain severe,CLINIC_24H
high fever paati,CLINIC_24H
enga thathaku rendu naal loose stools BP medicine eduthukuren,CLINIC_24H
vayithu vali and vomiting,CLINIC_24H
paati thala vali with joint pain,CLINIC_24H
thatha fever 2 days,CLINIC_24H
enga appaku sugar high and body pain,CLINIC_24H
loose motion grandpa,CLINIC_24H
enga paatiku BP high fever varuthu eppo doctor ku,CLINIC_24H
stomach pain thatha,CLINIC_24H
enga thathaku continuous diarrhea sugar control illa,CLINIC_24H
paati joint pain and weakness,CLINIC_24H
high fever since 3 days,CLINIC_24H
enga paatiku vayiru vali BP already undu,CLINIC_24H
thatha loose motion 2 days,CLINIC_24H
body pain and fever grandpa,CLINIC_24H
paati stomach upset continuous,CLINIC_24H
joint pain increase aachu,CLINIC_24H
enga appaku fever illa but loose stools,CLINIC_24H
thatha BP high and dizziness,CLINIC_24H
enga paatiku high fever 2 days joint pain,CLINIC_24H
stomach pain severe thatha,CLINIC_24H
enga thathaku sugar spike and weakness,CLINIC_24H
paati fever and BP check,CLINIC_24H
thatha joint pain romba,CLINIC_24H
enga paatiku rendu naal stomach pain,CLINIC_24H
high fever grandpa,CLINIC_24H
thala suthuthu and weakness,CLINIC_24H
enga thathaku diarrhea continuous BP undu,CLINIC_24H
vayiru vali paati,CLINIC_24H
enga appaku fever 3 days marundhu kekala,CLINIC_24H
sugar high and body pain,CLINIC_24H
loose stools since yesterday,CLINIC_24H
enga paatiku thala vali severe,CLINIC_24H
stomach pain and loose motion,CLINIC_24H
thatha BP high fever,CLINIC_24H
paati weakness and joint pain,CLINIC_24H
enga thathaku high fever 2 days,CLINIC_24H
vayithu vali romba,CLINIC_24H
enga paatiku continuous diarrhea sugar problem,CLINIC_24H
joint pain increase,CLINIC_24H
thatha stomach pain since morning,CLINIC_24H
high fever and weakness,CLINIC_24H
enga thathaku BP high and thala vali,CLINIC_24H
loose motion paati,CLINIC_24H
fever illa but vayiru vali,CLINIC_24H
enga appaku joint pain romba and sugar,CLINIC_24H
stomach upset thatha,CLINIC_24H
enga paatiku fever 2 days BP check,CLINIC_24H
grandpa weakness and body pain,CLINIC_24H
enga thathaku diarrhea and dehydration,CLINIC_24H
vayithu pokku paati,CLINIC_24H
joint pain and fever,CLINIC_24H
thatha sugar high thala suthuthu,CLINIC_24H
enga paatiku stomach pain 2 days,CLINIC_24H
enga thathaku thala vali with BP,CLINIC_24H
body weakness paati,CLINIC_24H
thatha joint pain severe,CLINIC_24H
enga appaku fever and loose stools,CLINIC_24H
sugar illa but high BP,CLINIC_24H
vayiru vali thatha,CLINIC_24H
paati continuous thala vali,CLINIC_24H
enga paatiku joint pain increase aachu,CLINIC_24H
high fever 3 days grandpa,CLINIC_24H
diarrhea since yesterday,CLINIC_24H
thatha stomach vali,CLINIC_24H
enga thathaku weakness and sugar spike,CLINIC_24H
thala vali and dizziness,CLINIC_24H
enga appaku BP high fever,CLINIC_24H
joint pain romba,CLINIC_24H
vayithu vali thatha,CLINIC_24H
paati high fever marundhu eduthum,CLINIC_24H
enga paatiku continuous loose motion,CLINIC_24H
stomach pain grandpa,CLINIC_24H
thatha thala vali severe,CLINIC_24H
enga thathaku fever and joint pain,CLINIC_24H
sugar high and weakness,CLINIC_24H
loose stools paati,CLINIC_24H
vayiru pokku thatha,CLINIC_24H
enga paatiku BP high thala vali,CLINIC_24H
high fever 2 days,CLINIC_24H
joint pain increase aachu grandpa,CLINIC_24H
stomach upset and diarrhea,CLINIC_24H
enga thathaku weakness romba,CLINIC_24H
fever and BP,CLINIC_24H
enga appaku vayiru vali continuous,CLINIC_24H
loose motion thatha,CLINIC_24H
sugar problem and joint pain,CLINIC_24H
paati high fever,CLINIC_24H
enga paatiku stomach pain,CLINIC_24H
thatha body weakness,CLINIC_24H
enga thathaku thala vali and fever,CLINIC_24H
vayithu vali grandpa,CLINIC_24H
continuous diarrhea paati,CLINIC_24H
joint pain severe thatha,CLINIC_24H
enga appaku BP high and dizziness,CLINIC_24H
loose stools since 2 days,CLINIC_24H
high fever grandma,CLINIC_24H
enga paatiku sugar high weakness,CLINIC_24H
stomach vali and vomiting,CLINIC_24H
enga thathaku fever marundhu kekala,CLINIC_24H
joint pain romba paati,CLINIC_24H
vayiru pokku grandpa,CLINIC_24H
high BP and thala suthuthu,CLINIC_24H
enga paatiku loose motion continuous,CLINIC_24H
enga thathaku joint pain and sugar,CLINIC_24H
thala vali severe paati,CLINIC_24H
weakness and body pain,CLINIC_24H
enga appaku diarrhea 2 days,CLINIC_24H
paati BP high fever,CLINIC_24H
enga paatiku stomach upset,CLINIC_24H
thatha thala vali,CLINIC_24H
enga thathaku sugar high and loose stools,CLINIC_24H
continuous fever grandpa,CLINIC_24H
enga paatiku weakness romba,CLINIC_24H
stomach pain and diarrhea,CLINIC_24H
high BP paati,CLINIC_24H
enga thathaku joint pain severe,CLINIC_24H
enga appaku thala vali with sugar,CLINIC_24H
stomach vali paati,CLINIC_24H
high fever 2 days grandma,CLINIC_24H
weakness and BP high,CLINIC_24H
thatha diarrhea,CLINIC_24H
vayiru pokku,CLINIC_24H
paati sugar high weakness,CLINIC_24H
loose stools grandpa,CLINIC_24H
high fever and dizziness,CLINIC_24H
enga thathaku joint pain romba,CLINIC_24H
vayithu vali paati,CLINIC_24H
thala suthuthu thatha,CLINIC_24H
continuous diarrhea,CLINIC_24H
stomach upset grandma,CLINIC_24H
en payyanuku rendu naala nalla kaichal marundhu saptum kekala,CLINIC_24H
enga ammaku vayiru vali and loose motion,CLINIC_24H
en pondatiku kaiyila cut aagi ratham varuthu,CLINIC_24H
high fever but moochu kashtam illa,CLINIC_24H
en maganukku malaria pola 3 days juram,CLINIC_24H
vayithu pokku romba and stomach pain,CLINIC_24H
enga appaku thala vali and body pain after rain,CLINIC_24H
mild snake bite kaal la vali,CLINIC_24H
pesticide touch aagi kai la itch and rashes,CLINIC_24H
en payyan dengue doubt 2 days fever,CLINIC_24H
nethu irundhu loose stools 4 times,CLINIC_24H
enga veetukararukku juram varuthu marundhu work aagala,CLINIC_24H
thala vali romba and vomiting once,CLINIC_24H
en ponnuku rain la nanainju cold and cough,CLINIC_24H
mild pesticide exposure aagi udambu itch,CLINIC_24H
enga ammaku stomach upset and fever,CLINIC_24H
en magalukku insect bite and swelling,CLINIC_24H
2 days high kaichal,CLINIC_24H
vayiru vali continuous ah illa but varuthu,CLINIC_24H
en appaku farm la work panni body full pain,CLINIC_24H
malaria symptoms pola fever varuthu,CLINIC_24H
loose motion 3 days ah,CLINIC_24H
enga pondatiku kai cut aagi,CLINIC_24H
en payyanukku dengue fever 2 days,CLINIC_24H
pesticide spray panni rashes vanthuchu,CLINIC_24H
mild snake bite but vali romba,CLINIC_24H
nethu muthal rain la nanainju cold,CLINIC_24H
enga appa high fever marundhu kekala,CLINIC_24H
vayithu pokku and dehydration pola,CLINIC_24H
en ponnu stomach pain severe illa,CLINIC_24H
farm la mild cut and bleeding,CLINIC_24H
juram 3 days and body weak,CLINIC_24H
enga ammaku thala vali romba,CLINIC_24H
pesticide la mild reaction,CLINIC_24H
en maganukku loose stools and fever,CLINIC_24H
kaichal and vomiting oru thadava,CLINIC_24H
snake bite mild swelling,CLINIC_24H
en veetukararukku rain la velai senju cough,CLINIC_24H
2 days fever marundhu saptum ila,CLINIC_24H
vayiru vali and motions,CLINIC_24H
enga pondati dengue pola irukku,CLINIC_24H
mild pesticide itch full body,CLINIC_24H
en appaku thala vali and juram,CLINIC_24H
farm accident mild cut,CLINIC_24H
nethu irundhu stomach upset,CLINIC_24H
high kaichal 48 hours,CLINIC_24H
en payyanukku body pain after rain work,CLINIC_24H
loose motion varuthu,CLINIC_24H
enga amma mild snake bite,CLINIC_24H
juram and headache,CLINIC_24H
pesticide exposure mild rashes,CLINIC_24H
en magalukku vayiru vali,CLINIC_24H
3 days fever,CLINIC_24H
en pondatiku cough and cold from rain,CLINIC_24H
mild cut in hand from farm,CLINIC_24H
stomach pain and loose stools,CLINIC_24H
enga appaku malaria doubt,CLINIC_24H
en payyan pesticide touch aagi itch,CLINIC_24H
fever 2 days marundhu illa,CLINIC_24H
vayithu pokku continuous illa,CLINIC_24H
enga veetukarar mild dengue symptoms,CLINIC_24H
snake bite kaal la mild vali,CLINIC_24H
rain la nanainju fever vanthuchu,CLINIC_24H
en ponnuku body pain and juram,CLINIC_24H
mild pesticide reaction,CLINIC_24H
enga ammaku stomach pain,CLINIC_24H
farm la cut aagi,CLINIC_24H
en maganukku thala vali,CLINIC_24H
2 days kaichal,CLINIC_24H
pesticide la rashes vanthu,CLINIC_24H
en appa rain la work panni cold,CLINIC_24H
mild snake bite,CLINIC_24H
juram and motions,CLINIC_24H
enga pondati fever 3 days,CLINIC_24H
en payyanukku mild cut,CLINIC_24H
stomach upset after rain,CLINIC_24H
malaria pola fever,CLINIC_24H
loose stools 4-5 times,CLINIC_24H
enga amma pesticide itch,CLINIC_24H
high kaichal marundhu work agala,CLINIC_24H
en veetukararukku body pain,CLINIC_24H
mild dengue symptoms,CLINIC_24H
snake bite mild,CLINIC_24H
nethu irundhu cough,CLINIC_24H
en ponnu fever and headache,CLINIC_24H
pesticide mild effect,CLINIC_24H
farm la mild injury,CLINIC_24H
juram 2 days,CLINIC_24H
enga appaku loose motion,CLINIC_24H
en magan rain la nanainju cold,CLINIC_24H
stomach pain and fever,CLINIC_24H
mild snake kadippu,CLINIC_24H
kaichal and body weak,CLINIC_24H
en pondatiku pesticide rashes,CLINIC_24H
2 days high fever,CLINIC_24H
enga ammaku mild cut,CLINIC_24H
malaria doubt fever,CLINIC_24H
en payyanukku thala vali,CLINIC_24H
loose stools varuthu,CLINIC_24H
rain la work senju cough,CLINIC_24H
pesticide touch aagi itch,CLINIC_24H
en appa stomach upset,CLINIC_24H
juram marundhu kekala,CLINIC_24H
enga veetukarar mild snake bite,CLINIC_24H
en ponnuku vayiru vali,CLINIC_24H
3 days kaichal,CLINIC_24H
mild dengue,CLINIC_24H
farm cut,CLINIC_24H
enga maganukku pesticide reaction,CLINIC_24H
high fever 48 hours,CLINIC_24H
en amma rain la cold,CLINIC_24H
en payyan fever and motions,CLINIC_24H
enga pondati thala vali,CLINIC_24H
mild pesticide,CLINIC_24H
farm la injury,CLINIC_24H
en appaku loose stools,CLINIC_24H
body pain after rain,CLINIC_24H
en magalukku stomach vali,CLINIC_24H
high fever,CLINIC_24H
pesticide itch,CLINIC_24H
en veetukararukku motions,CLINIC_24H
farm work panni pain,CLINIC_24H
2 days fever,CLINIC_24H
en ponnu mild snake,CLINIC_24H
pesticide rashes,CLINIC_24H
kaichal marundhu illa,CLINIC_24H
en payyanukku stomach upset,CLINIC_24H
enga appa rain cold,CLINIC_24H
en pondatiku body pain,CLINIC_24H
juram 3 days,CLINIC_24H
en magan fever,CLINIC_24H
enga amma loose stools,CLINIC_24H
en appaku cough from rain,CLINIC_24H
pesticide mild,CLINIC_24H
2 days juram,CLINIC_24H
en ponnu mild cut,CLINIC_24H
malaria pola,CLINIC_24H
enga veetukarar body pain,CLINIC_24H
fever marundhu illa,CLINIC_24H
en payyanukku rashes,CLINIC_24H
rain la nanainju cold,CLINIC_24H
kaichal 2 days,CLINIC_24H
en pondati motions,CLINIC_24H
farm injury,CLINIC_24H
juram,CLINIC_24H
enga ammaku mild snake,CLINIC_24H
en appa cough,CLINIC_24H
en payyan pesticide,CLINIC_24H
enga pondati fever,CLINIC_24H
juram and pain,CLINIC_24H
en ponnu rain cold,CLINIC_24H
farm la cut,CLINIC_24H
en magan stomach vali,CLINIC_24H
vayiru upset,CLINIC_24H
enga appaku motions,CLINIC_24H
body pain after work,CLINIC_24H
en amma thala vali,CLINIC_24H
en veetukarar mild fever,CLINIC_24H
en payyanukku cough,CLINIC_24H
enga pondati rain effect,CLINIC_24H
எங்க அம்மாவுக்கு ரெண்டு நாளா உயர் காய்ச்சல் மருந்து கொடுத்தும் கேக்கல,CLINIC_24H
என் பையனுக்கு வயிறு வலி அதிகமா இருக்கு,CLINIC_24H
வயிற்று போக்கு தொடர்ச்சியா,CLINIC_24H
எங்க அப்பாக்கு தலைவலி உடம்பு வலி,CLINIC_24H
கையில காயம் ரத்தம் வருது,CLINIC_24H
உயர் ஜுரம் இரண்டு நாளா,CLINIC_24H
என் பொண்டாட்டிக்கு வயிறு வலி வயிற்றுப்போக்கு,CLINIC_24H
தலைவலி ரொம்ப,CLINIC_24H
வயிறு வலி சரியில்ல,CLINIC_24H
என் மகனுக்கு உடம்பு வலி லேசா காய்ச்சல்,CLINIC_24H
எங்க தாத்தாவுக்கு நேத்து இருந்து காய்ச்சல் மருந்து சாப்பிட்டும் குறையல எப்ப வரணும்,CLINIC_24H
என் பொண்ணுக்கு வயிறு வலி இருமுறை வாந்தி,CLINIC_24H
வயிற்றுப்போக்கு நாலு தடவை,CLINIC_24H
எங்க அம்மாவுக்கு கை காயம் ரத்தம்,CLINIC_24H
உயர் காய்ச்சல் நேத்து இருந்து,CLINIC_24H
வயிறு வலி ரொம்ப டாக்டர் கிட்ட போகணும்,CLINIC_24H
தலைவலி உடம்பு வலி,CLINIC_24H
என் வீட்டுக்காரருக்கு லேசா வயிறு அசௌகரியம்,CLINIC_24H
காய்ச்சல் வயிற்றுப்போக்கு,CLINIC_24H
எங்க அப்பாக்கு தலைவலி ரொம்ப இல்ல,CLINIC_24H
ஜுரம் மூணு நாளா,CLINIC_24H
என் பையனுக்கு வயிறு வலி,CLINIC_24H
வயிற்றுப்போக்கு திரும்ப திரும்ப,CLINIC_24H
தலைவலி அதிகம்,CLINIC_24H
கால்ல லேசா காயம்,CLINIC_24H
எங்க அம்மா நேத்து இருந்து ஜுரம் வாந்தி,CLINIC_24H
என் கணவருக்கு வயிறு வலி வயிற்றுப்போக்கு,CLINIC_24H
உயர் காய்ச்சல் ஆனா மூச்சு சரி,CLINIC_24H
வயிற்றுப்போக்கு ஐந்து தடவை,CLINIC_24H
என் பொண்ணு கையில காயம்,CLINIC_24H
தலைவலி காய்ச்சல்,CLINIC_24H
என் பையனுக்கு உடம்பு முழுக்க வலி,CLINIC_24H
வயிறு வலி காலையில இருந்து,CLINIC_24H
வயிற்றுப்போக்கு பலவீனம்,CLINIC_24H
காய்ச்சல் வருது மருந்து கேக்கல,CLINIC_24H
எங்க தாத்தா லேசா காய்ச்சல் இருமல்,CLINIC_24H
வயிறு வலி ரொம்ப இல்ல ஆனா வருது,CLINIC_24H
கையில காயம் ரத்தம்,CLINIC_24H
உயர் ஜுரம் ரெண்டு நாள்,CLINIC_24H
வயிற்றுப்போக்கு தொடர்ச்சியா,CLINIC_24H
எங்க அப்பாக்கு நேத்து ராத்திரி இருந்து காய்ச்சல் தலைவலி ரொம்ப எப்ப டாக்டர் கிட்ட போகணும்,CLINIC_24H
என் பையனுக்கு வயிறு வலி நாலு தடவை வயிற்றுப்போக்கு,CLINIC_24H
எங்க அம்மாவுக்கு லேசா காயம் ஆனா ரத்தம் நிற்கல,CLINIC_24H
உயர் காய்ச்சல் மருந்து கொடுத்தும் குறையல,CLINIC_24H
தலைவலி ரொம்ப வருது,CLINIC_24H
என் வீட்டுக்காரருக்கு உடம்பு வலி லேசா காய்ச்சல்,CLINIC_24H
வயிற்றுப்போக்கு நேத்து இருந்து,CLINIC_24H
கை காயம்,CLINIC_24H
என் பொண்ணுக்கு காய்ச்சல் வயிற்றுப்போக்கு,CLINIC_24H
தலைவலி வாந்தி,CLINIC_24H
என் கணவருக்கு ஜுரம் மூணு நாள்,CLINIC_24H
வயிறு வலி இப்போதான் ஆரம்பம்,CLINIC_24H
வயிற்றுப்போக்கு திரும்ப,CLINIC_24H
லேசா வயிறு பிரச்சனை,CLINIC_24H
எங்க அம்மா உயர் ஜுரம்,CLINIC_24H
என் பையனுக்கு தலைவலி அதிகம்,CLINIC_24H
உடம்பு வலி முழுக்க,CLINIC_24H
காய்ச்சல் வருது,CLINIC_24H
வயிறு வலி,CLINIC_24H
வயிற்றுப்போக்கு,CLINIC_24H
எங்க தாத்தாவுக்கு கால்ல காயம்,CLINIC_24H
என் பொண்டாட்டிக்கு தலைவலி ரொம்ப,CLINIC_24H
வயிறு வலி வயிற்றுப்போக்கு,CLINIC_24H
உயர் காய்ச்சல் ரெண்டு நாளா,CLINIC_24H
லேசா காய்ச்சல்,CLINIC_24H
என் பையனுக்கு வயிற்றுப்போக்கு மூணு தடவை,CLINIC_24H
எங்க அப்பாக்கு ஜுரம் இருமல்,CLINIC_24H
கையில ரத்தம் வருது காயம்,CLINIC_24H
வயிறு வலி ரொம்ப இல்ல,CLINIC_24H
எங்க அம்மாவுக்கு உயர் காய்ச்சல் மருந்து கேக்கல,CLINIC_24H
வயிற்றுப்போக்கு வயிறு வலி,CLINIC_24H
என் கணவருக்கு லேசா காயம்,CLINIC_24H
உடம்பு முழுக்க வலி,CLINIC_24H
காய்ச்சல் வருது ரெண்டு நாள்,CLINIC_24H
என் பொண்ணு காய்ச்சல் வாந்தி,CLINIC_24H
எங்க தாத்தா தலைவலி,CLINIC_24H
லேசா காய்ச்சல் உடம்பு வலி,CLINIC_24H
விரல்ல காயம்,CLINIC_24H
உயர் ஜுரம் ஆனா மூச்சு இல்ல,CLINIC_24H
என் வீட்டுக்காரருக்கு வயிறு வலி,CLINIC_24H
காய்ச்சல் பலவீனம்,CLINIC_24H
எங்க அம்மா நேத்து இருந்து வயிறு வலி வயிற்றுப்போக்கு எப்ப கிளினிக் போகணும்,CLINIC_24H
என் பையனுக்கு ரெண்டு நாள் காய்ச்சல் மருந்து கொடுத்தும் குறையல,CLINIC_24H
வயிறு வலி மூணு தடவை வயிற்றுப்போக்கு,CLINIC_24H
எங்க அப்பாக்கு கை காயம் ரத்தம்,CLINIC_24H
உயர் காய்ச்சல் காலையில இருந்து,CLINIC_24H
என் பொண்டாட்டி வயிற்றுப்போக்கு,CLINIC_24H
லேசா வயிறு வலி,CLINIC_24H
என் பொண்ணு தலைவலி ரொம்ப,CLINIC_24H
காயம் ஆகிடுச்சு,CLINIC_24H
உயர் ஜுரம் நாற்பத்தெட்டு மணி நேரம்,CLINIC_24H
வயிறு வலி தொடர்ச்சியா,CLINIC_24H
வயிற்றுப்போக்கு வாந்தி,CLINIC_24H
என் கணவருக்கு உடம்பு வலி,CLINIC_24H
காய்ச்சல் தலைவலி,CLINIC_24H
என் பையன் லேசா காயம்,CLINIC_24H
காய்ச்சல் நேத்து இருந்து,CLINIC_24H
எங்க அம்மாவுக்கு உயர் காய்ச்சல்,CLINIC_24H
வயிறு அசௌகரியம்,CLINIC_24H
எங்க தாத்தா கையில வலி,CLINIC_24H
தலைவலி ஜுரம்,CLINIC_24H
என் வீட்டுக்காரருக்கு வயிற்றுப்போக்கு,CLINIC_24H
உயர் காய்ச்சல்,CLINIC_24H
என் கணவருக்கு காய்ச்சல் ரெண்டு நாள்,CLINIC_24H
எங்க அப்பா லேசா ஜுரம்,CLINIC_24H
எங்க அம்மா வயிறு வலி,CLINIC_24H
உயர் காய்ச்சல் மருந்து கேக்கல,CLINIC_24H
வயிற்றுப்போக்கு காலையில இருந்து,CLINIC_24H
என் பையனுக்கு உடம்பு வலி,CLINIC_24H
காய்ச்சல் இருமல்,CLINIC_24H
எங்க தாத்தாவுக்கு வயிறு வலி,CLINIC_24H
லேசா காயம்,CLINIC_24H
என் பொண்டாட்டி தலைவலி,CLINIC_24H
உயர் ஜுரம்,CLINIC_24H
வயிறு வலி லேசா,CLINIC_24H
எங்க அம்மாவுக்கு நேத்து இருந்து காய்ச்சல் தலைவலி ரொம்ப டாக்டர் கிட்ட போகணும்,CLINIC_24H
என் பையனுக்கு வயிற்றுப்போக்கு லேசா காய்ச்சல்,CLINIC_24H
வயிறு வலி ரெண்டு நாளா,CLINIC_24H
எங்க அப்பாக்கு உயர் காய்ச்சல்,CLINIC_24H
என் பொண்ணு லேசா ஜுரம்,CLINIC_24H
கால்ல காயம்,CLINIC_24H
காய்ச்சல் மருந்து கேக்கல,CLINIC_24H
என் கணவருக்கு வயிறு வலி,CLINIC_24H
உயர் காய்ச்சல் மூணு நாள்,CLINIC_24H
எங்க தாத்தா லேசா காயம்,CLINIC_24H
உடம்பு வலி காய்ச்சல்,CLINIC_24H
தலைவலி அதிகம் இல்ல,CLINIC_24H
வயிறு வலி ரொம்ப,CLINIC_24H
காய்ச்சல் காலையில இருந்து,CLINIC_24H
என் பையன் கையில காயம்,CLINIC_24H
என் பொண்ணு உயர் ஜுரம்,CLINIC_24H
என் கணவருக்கு தலைவலி ரொம்ப,CLINIC_24H
வயிற்றுப்போக்கு காய்ச்சல்,CLINIC_24H
எங்க அம்மாவுக்கு காய்ச்சல் உடம்பு வலி,CLINIC_24H
வயிறு வலி நேத்து இருந்து,CLINIC_24H
வயிற்றுப்போக்கு மூணு தடவை,CLINIC_24H
தலைவலி பலவீனம்,CLINIC_24H
காய்ச்சல்,CLINIC_24H
எங்க தாத்தாவுக்கு காயம்,CLINIC_24H
என் பையனுக்கு தலைவலி,CLINIC_24H
காய்ச்சல் வாந்தி,CLINIC_24H
என் பொண்ணு காய்ச்சல்,CLINIC_24H
எங்க அப்பா லேசா காய்ச்சல்,CLINIC_24H
விரல்ல காயம் ரத்தம்,CLINIC_24H
என் மகளுக்கு தலைவலி உடம்பு சோர்வு,CLINIC_24H
வயிற்றுப்போக்கு இரு நாளா,CLINIC_24H
எங்க அக்காவுக்கு ஜுரம் மருந்து கேக்கல,CLINIC_24H
கால்ல சின்ன காயம் ரத்தம்,CLINIC_24H
வயிறு வலி இல்ல ஆனா வயிற்று போக்கு அதிகம்,CLINIC_24H
என் பையனுக்கு உயர் காய்ச்சல் ரெண்டு நாள்,CLINIC_24H
எங்க அம்மாக்கு உடம்பு வலி காய்ச்சல்,CLINIC_24H
காய்ச்சல் மூணு நாளா,CLINIC_24H
வயிற்று போக்கு,CLINIC_24H
வயிறு வலி வருது,CLINIC_24H
என் பொண்ணுக்கு வயிற்றுப்போக்கு,CLINIC_24H
எங்க அப்பாக்கு வயிறு வலி,CLINIC_24H
ஜுரம் வருது,CLINIC_24H
காயம்,CLINIC_24H
எங்க அம்மா உடம்பு வலி,CLINIC_24H
லேசா ஜுரம்,CLINIC_24H
என் கணவருக்கு காய்ச்சல்,CLINIC_24H
எங்க பாட்டிக்கு வயிறு வலி,CLINIC_24H
என் மகனுக்கு உடம்பு வலி,CLINIC_24H
எங்க அக்கா வயிற்றுப்போக்கு,CLINIC_24H
ஜுரம்,CLINIC_24H
என் பொண்டாட்டிக்கு உயர் காய்ச்சல்,CLINIC_24H
பேபிக்கு ரெண்டு நாளா உயர் ஜுரம் மருந்து கொடுத்தும் கேக்கல,CLINIC_24H
கர்ப்பிணி மனைவிக்கு வயிறு வலி அதிகமா இருக்கு,CLINIC_24H
என் பையனுக்கு வயிற்றுப்போக்கு தொடர்ந்து வருது,CLINIC_24H
சின்ன பொண்ணு ரொம்ப அழுதுகிட்டே பால் குடிக்க மாட்டேன்கிறா,CLINIC_24H
பாப்பாவுக்கு ஜுரம்,CLINIC_24H
கர்ப்பிணி பொண்டாட்டிக்கு தலைவலி மற்றும் வீக்கம்,CLINIC_24H
என் மகனுக்கு வயிறு வலி மற்றும் லூஸ் மோஷன்,CLINIC_24H
பேபிக்கு பால் குடிக்கிறது குறைஞ்சு ரொம்ப அழுகை,CLINIC_24H
2 வயசு பையனுக்கு காய்ச்சல் 2 நாளா இருக்கு,CLINIC_24H
வயிறு வலி என் கர்ப்பிணி மனைவிக்கு,CLINIC_24H
என் சின்னு பையனுக்கு தொடர்ச்சியா வயிற்றுப்போக்கு,CLINIC_24H
பேபிக்கு ஜுரம் இருக்கு ஆனா மூச்சு சரியா இருக்கு,CLINIC_24H
கர்ப்பிணி அக்காவுக்கு கால்கள் வீங்குது,CLINIC_24H
பையனுக்கு சின்ன காயம் கையில ரத்தம் வருது,CLINIC_24H
பேபிக்கு நல்லா சாப்பிடல ரொம்ப அழுகை,CLINIC_24H
கர்ப்பிணி பொண்ணுக்கு முதுகு வலி ரொம்ப,CLINIC_24H
மகளுக்கு ஜுரம் மற்றும் வாந்தி,CLINIC_24H
பேபிக்கு 3 நாளா ஜுரம் மருந்து கொடுத்தும் இறங்கல,CLINIC_24H
வயிற்றுப்போக்கு என் சின்ன பையனுக்கு,CLINIC_24H
மனைவிக்கு கர்ப்பத்தில் தலைவலி,CLINIC_24H
பேபி ரொம்ப அழுது தூங்க மாட்டேங்குது,CLINIC_24H
உயர் ஜுரம் என் பையனுக்கு,CLINIC_24H
என் கர்ப்பிணி பொண்டாட்டிக்கு வயிறு வலி நேத்து இருந்து,CLINIC_24H
பொண்ணுக்கு உடம்பு முழுக்க ரேஷ்,CLINIC_24H
பேபிக்கு ஜுரம் மற்றும் பால் சரியா குடிக்கல,CLINIC_24H
வயிறு வலி கர்ப்பிணி மனைவிக்கு,CLINIC_24H
என் சின்னு பையனுக்கு லூஸ் மோஷன் 2 நாளா,CLINIC_24H
மகனுக்கு காய்ச்சல் உடம்பு வலி,CLINIC_24H
பேபிக்கு நேத்து இருந்து அதிக அழுகை,CLINIC_24H
கர்ப்பிணி பொண்ணுக்கு கால்கள் வீக்கம்,CLINIC_24H
என் பையனுக்கு மைல்ட் ஜுரம் ஆனா மருந்து கேக்கல,CLINIC_24H
பேபிக்கு பால் குடிக்க முடியல,CLINIC_24H
மகளுக்கு வாந்தி மற்றும் வயிற்றுப்போக்கு,CLINIC_24H
உயர் ஜுரம் பேபிக்கு எப்ப வரணும்,CLINIC_24H
என் கர்ப்பிணி மனைவிக்கு முதுகு வலி ரொம்ப,CLINIC_24H
சின்னு பையனுக்கு ரேஷ் மற்றும் அரிப்பு,CLINIC_24H
பேபிக்கு ஜுரம் மற்றும் அழுகை,CLINIC_24H
பொண்டாட்டிக்கு கர்ப்பத்தில் வாந்தி,CLINIC_24H
என் மகளுக்கு 2 நாளா ஜுரம்,CLINIC_24H
பேபிக்கு பால் நல்லா குடிக்கல,CLINIC_24H
வயிற்றுப்போக்கு என் பையனுக்கு,CLINIC_24H
கர்ப்பிணி பொண்ணுக்கு தலை சுத்துது,CLINIC_24H
என் சின்னு தொடர்ச்சியா அழுகை ஜுரம்,CLINIC_24H
பேபிக்கு கால்ல சின்ன காயம்,CLINIC_24H
மனைவிக்கு வயிறு அசௌகரியம்,CLINIC_24H
மகனுக்கு காய்ச்சல் சுறுசுறுப்பு இல்ல,CLINIC_24H
என் கர்ப்பிணி அக்காவுக்கு கால் வீக்கம்,CLINIC_24H
பேபி ரொம்ப அழுது தூங்கல,CLINIC_24H
ஹை ஜுரம் என் பொண்ணுக்கு,CLINIC_24H
கர்ப்பிணி மனைவிக்கு லேசான ரத்தப்போக்கு,CLINIC_24H
என் பையனுக்கு வயிற்றுப்போக்கு பலவீனம்,CLINIC_24H
பேபிக்கு ஜுரம் 2 நாளா மருந்து கேக்கல,CLINIC_24H
சின்னு உடம்பு அலர்ஜி,CLINIC_24H
என் மகனுக்கு வாந்தி,CLINIC_24H
பேபிக்கு பால் குடிக்கல அழுகை,CLINIC_24H
மகளுக்கு வயிற்றுப்போக்கு,CLINIC_24H
என் பேபிக்கு ஹை ஜுரம் கொஞ்சம்,CLINIC_24H
கர்ப்பிணி மனைவிக்கு வாந்தி காலையில இருந்து,CLINIC_24H
சின்னு உடம்பு முழுக்க ரேஷ்,CLINIC_24H
கர்ப்பிணி பொண்ணுக்கு கை வீக்கம்,CLINIC_24H
வயிறு வலி என் பேபிக்கு,CLINIC_24H
பையனுக்கு ஜுரம் அழுகை,CLINIC_24H
என் மனைவிக்கு கர்ப்பத்தில் அசௌகரியம்,CLINIC_24H
மகளுக்கு வயிற்றுப்போக்கு 3 நாளா,CLINIC_24H
பேபிக்கு ஜுரத்தோட தூங்கல,CLINIC_24H
சின்னு பொண்ணுக்கு சின்ன காயம்,CLINIC_24H
மகனுக்கு காய்ச்சல் மருந்து கேக்கல,CLINIC_24H
பேபி ரொம்ப அழுது பால் குடிக்கல,CLINIC_24H
ஹை ஜுரம் பேபிக்கு,CLINIC_24H
பையனுக்கு ரேஷ்,CLINIC_24H
பேபிக்கு ஜுரம் வயிற்றுப்போக்கு,CLINIC_24H
என் சின்னு தொடர்ச்சியா அழுகை,CLINIC_24H
கர்ப்பிணி பொண்ணுக்கு வாந்தி,CLINIC_24H
மகனுக்கு மைல்ட் ஜுரம்,CLINIC_24H
பேபிக்கு பால் குடிக்கல,CLINIC_24H
என் மனைவிக்கு கர்ப்ப வீக்கம்,CLINIC_24H
பேபிக்கு ஜுரம் 2 நாளா,CLINIC_24H
கர்ப்பிணி மனைவிக்கு வயிறு வலி,CLINIC_24H
என் பையனுக்கு ரொம்ப அழுகை,CLINIC_24H
சின்னு ரேஷ் ஜுரம்,CLINIC_24H
பேபிக்கு மைல்ட் மூச்சு கஷ்டம்,CLINIC_24H
என் மகனுக்கு வயிற்றுப்போக்கு,CLINIC_24H
பேபிக்கு அழுகை ஜுரம்,CLINIC_24H
மனைவிக்கு தலை சுத்துது,CLINIC_24H
மகளுக்கு வாந்தி,CLINIC_24H
என் பேபிக்கு சுறுசுறுப்பு இல்ல,CLINIC_24H
கர்ப்பிணி மனைவிக்கு லேசான ரத்தம்,CLINIC_24H
பையனுக்கு காய்ச்சல்,CLINIC_24H
சின்னு அழுகை நிற்கல,CLINIC_24H
என் பேபிக்கு ஜுரம் மருந்து கேக்கல,CLINIC_24H
மகளுக்கு ரேஷ்,CLINIC_24H
பேபிக்கு வயிற்றுப்போக்கு,CLINIC_24H
என் கர்ப்பிணி பொண்ணுக்கு வலி,CLINIC_24H
மனைவிக்கு கர்ப்ப அசௌகரியம்,CLINIC_24H
என் சின்னு வயிற்றுப்போக்கு,CLINIC_24H
பேபிக்கு ஹை ஜுரம் 2 நாளா,CLINIC_24H
பையனுக்கு வாந்தி,CLINIC_24H
என் பேபி அழுகை தூக்கம் இல்ல,CLINIC_24H
சிஸ்டருக்கு கர்ப்ப வீக்கம்,CLINIC_24H
பொண்ணுக்கு ரேஷ்,CLINIC_24H
பேபிக்கு ஜுரம் அழுகை,CLINIC_24H
மகனுக்கு வயிற்றுப்போக்கு,CLINIC_24H
மனைவிக்கு வாந்தி கர்ப்பம்,CLINIC_24H
என் சின்னு ஜுரம்,CLINIC_24H
பேபிக்கு பால் சரியில்ல,CLINIC_24H
மகளுக்கு அழுகை ரொம்ப,CLINIC_24H
என் பேபிக்கு ஜுரம்,CLINIC_24H
பொண்டாட்டிக்கு முதுகு வலி,CLINIC_24H
என் கர்ப்பிணி பொண்ணுக்கு மயக்கம்,CLINIC_24H
மனைவிக்கு வீக்கம்,CLINIC_24H
என் சின்னு லூஸ்,CLINIC_24H
பேபிக்கு ஜுரம் 3 நாளா,CLINIC_24H
கர்ப்பிணி மனைவிக்கு வலி,CLINIC_24H
என் பேபிக்கு தூக்கம் இல்ல,CLINIC_24H
கர்ப்பிணி சிஸ்டருக்கு அசௌகரியம்,CLINIC_24H
பொண்ணுக்கு மைல்ட் ஜுரம்,CLINIC_24H
பேபிக்கு ரேஷ்,CLINIC_24H
என் மனைவிக்கு தலைவலி,CLINIC_24H
பேபிக்கு மைல்ட் ஜுரம்,CLINIC_24H
என் பையனுக்கு வாந்தி,CLINIC_24H
பேபி தொடர்ச்சியா அழுகை,CLINIC_24H
சின்னு வீக்கம்,CLINIC_24H
பேபிக்கு ஜுரம் மருந்து கேக்கல,CLINIC_24H
என் கர்ப்பிணி மனைவிக்கு வயிறு பிரச்சனை,CLINIC_24H
மனைவிக்கு கர்ப்ப வலி,CLINIC_24H
என் மகனுக்கு அழுகை,CLINIC_24H
என் பேபிக்கு ஹை ஜுரம்,CLINIC_24H
பையனுக்கு அழுகை,CLINIC_24H
பேபிக்கு ஜுரம் பலவீனம்,CLINIC_24H
என் கர்ப்பிணி மனைவிக்கு வீக்கம்,CLINIC_24H
பேபி ரொம்ப அழுகை,CLINIC_24H
சிஸ்டருக்கு தலைவலி,CLINIC_24H
என் பொண்ணுக்கு வாந்தி,CLINIC_24H
மனைவிக்கு கர்ப்ப ஜுரம்,CLINIC_24H
சின்னு வயிற்றுப்போக்கு,CLINIC_24H
கர்ப்பிணி பொண்ணுக்கு அசௌகரியம்,CLINIC_24H
மகனுக்கு ஜுரம்,CLINIC_24H
என் கர்ப்பிணி மனைவிக்கு லேசான ரத்தம்,CLINIC_24H
பேபிக்கு வயிற்றுப்போக்கு 2 நாளா,CLINIC_24H
மனைவிக்கு முதுகு வலி,CLINIC_24H
கர்ப்பிணி பொண்ணுக்கு வீக்கம்,CLINIC_24H
பையனுக்கு அழுகை ரொம்ப,CLINIC_24H
என் பேபிக்கு பால் குடிக்கல,CLINIC_24H
சின்னு மைல்ட் ஜுரம்,CLINIC_24H
கர்ப்பிணி மனைவிக்கு தலைவலி,CLINIC_24H
பேபிக்கு ஜுரம் நேத்து இருந்து,CLINIC_24H
பொண்டாட்டிக்கு வயிறு வலி,CLINIC_24H
மகளுக்கு ரேஷ் அரிப்பு,CLINIC_24H
என் பேபிக்கு கால்ல சின்ன காயம்,CLINIC_24H
கர்ப்பிணி சிஸ்டருக்கு வாந்தி,CLINIC_24H
சின்னு அழுகை பலவீனம்,CLINIC_24H
என் மனைவிக்கு கர்ப்ப முதுகு வலி,CLINIC_24H
பையனுக்கு வயிற்றுப்போக்கு,CLINIC_24H
பேபிக்கு பால் சரியா குடிக்கல,CLINIC_24H
என் மகளுக்கு மைல்ட் ஜுரம்,CLINIC_24H
எங்க தாத்தாக்கு ரெண்டு நாளா ஜுரம் மருந்து கொடுத்தும் குறையல,CLINIC_24H
பாட்டிக்கு வயிறு வலி அதிகமா இருக்கு,CLINIC_24H
என் பாட்டிக்கு தலை வலி ரொம்ப நாளா சுகர் ப்ராப்ளம்,CLINIC_24H
தாத்தா மூட்டு வலி அதிகமாச்சு,CLINIC_24H
எங்க அப்பாக்கு ஜுரம் மூணு நாளா பிபி இருக்கு,CLINIC_24H
பாட்டி தொடர்ச்சியா வயிறு போக்கு சுகர் பிரச்சனை,CLINIC_24H
எங்க தாத்தாக்கு தலை வலி உடம்பு தளர்ச்சி,CLINIC_24H
ஜுரம் அதிகம் தாத்தா,CLINIC_24H
எங்க பாட்டிக்கு வயிறு வலி ரெண்டு நாளா மூட்டு வலியும்,CLINIC_24H
தாத்தாவுக்கு சுகர் ஏறி ஜுரம் வருது,CLINIC_24H
வயிறு போக்கு காலையில இருந்து,CLINIC_24H
எங்க தாத்தாக்கு பிபி ஏறி தலை சுத்துது,CLINIC_24H
பாட்டிக்கு வயிறு போக்கு தொடர்ந்து,CLINIC_24H
மூட்டு வலி ரொம்ப அதிகமாச்சு,CLINIC_24H
எங்க பாட்டிக்கு ஜுரம் இல்ல ஆனா உடம்பு பலவீனம்,CLINIC_24H
தாத்தா வயிறு வலி கடுமையா,CLINIC_24H
ஜுரம் அதிகம் பாட்டி,CLINIC_24H
எங்க தாத்தாக்கு ரெண்டு நாளா வயிறு போக்கு பிபி மருந்து சாப்பிடுறேன்,CLINIC_24H
வயிறு வலி வாந்தியும்,CLINIC_24H
பாட்டிக்கு தலை வலி மூட்டு வலியோட,CLINIC_24H
தாத்தா ஜுரம் ரெண்டு நாளா,CLINIC_24H
எங்க அப்பாக்கு சுகர் ஏறி உடம்பு வலி,CLINIC_24H
வயிறு போக்கு தாத்தா,CLINIC_24H
எங்க பாட்டிக்கு பிபி ஏறி ஜுரம் வருது எப்ப வரணும்,CLINIC_24H
வயிறு வலி தாத்தா,CLINIC_24H
தலை வலி ரொம்ப,CLINIC_24H
எங்க தாத்தாக்கு தொடர்ச்சியா வயிறு போக்கு சுகர் கண்ட்ரோல் இல்ல,CLINIC_24H
பாட்டி மூட்டு வலி உடம்பு பலவீனம்,CLINIC_24H
எங்க பாட்டிக்கு வயிறு வலி பிபி ஏற்கனவே இருக்கு,CLINIC_24H
தாத்தா வயிறு போக்கு ரெண்டு நாளா,CLINIC_24H
உடம்பு வலி ஜுரம் தாத்தா,CLINIC_24H
எங்க தாத்தாக்கு தலை வலி சுகர் அதிகம்,CLINIC_24H
பாட்டி வயிறு அசௌகரியம் தொடர்ந்து,CLINIC_24H
மூட்டு வலி அதிகமாச்சு,CLINIC_24H
எங்க அப்பாக்கு ஜுரம் இல்ல ஆனா வயிறு போக்கு,CLINIC_24H
தாத்தா பிபி ஏறி தலை சுத்தல்,CLINIC_24H
வயிறு போக்கு,CLINIC_24H
எங்க பாட்டிக்கு ஜுரம் ரெண்டு நாளா மூட்டு வலி,CLINIC_24H
வயிறு வலி கடுமையா தாத்தா,CLINIC_24H
தலை வலி பாட்டி,CLINIC_24H
எங்க தாத்தாக்கு சுகர் ஏறி உடம்பு பலவீனம்,CLINIC_24H
வயிறு போக்கு வாந்தியும்,CLINIC_24H
பாட்டி ஜுரம் பிபி செக் பண்ணணும்,CLINIC_24H
தாத்தா மூட்டு வலி ரொம்ப,CLINIC_24H
எங்க பாட்டிக்கு ரெண்டு நாளா வயிறு வலி,CLINIC_24H
தலை சுத்துது உடம்பு தளர்ச்சி,CLINIC_24H
எங்க தாத்தாக்கு வயிறு போக்கு தொடர்ச்சி பிபி இருக்கு,CLINIC_24H
வயிறு வலி பாட்டி,CLINIC_24H
மூட்டு வலி தாத்தா,CLINIC_24H
எங்க அப்பாக்கு ஜுரம் மூணு நாளா மருந்து கேக்கல,CLINIC_24H
சுகர் அதிகம் உடம்பு வலி,CLINIC_24H
வயிறு போக்கு நேத்து இருந்து,CLINIC_24H
எங்க பாட்டிக்கு தலை வலி கடுமையா,CLINIC_24H
வயிறு வலி வயிறு போக்கு,CLINIC_24H
தாத்தா பிபி ஏறி ஜுரம்,CLINIC_24H
பாட்டி உடம்பு பலவீனம் மூட்டு வலி,CLINIC_24H
எங்க தாத்தாக்கு ஜுரம் ரெண்டு நாளா,CLINIC_24H
தலை வலி தாத்தா,CLINIC_24H
எங்க பாட்டிக்கு தொடர்ச்சியா வயிறு போக்கு சுகர் ப்ராப்ளம்,CLINIC_24H
தாத்தா வயிறு வலி காலையில இருந்து,CLINIC_24H
ஜுரம் உடம்பு பலவீனம்,CLINIC_24H
எங்க தாத்தாக்கு பிபி ஏறி தலை வலி,CLINIC_24H
வயிறு போக்கு பாட்டி,CLINIC_24H
ஜுரம் இல்ல ஆனா வயிறு வலி,CLINIC_24H
எங்க அப்பாக்கு மூட்டு வலி ரொம்ப சுகரும்,CLINIC_24H
வயிறு அசௌகரியம் தாத்தா,CLINIC_24H
தலை வலி கடுமையா,CLINIC_24H
எங்க பாட்டிக்கு ஜுரம் ரெண்டு நாளா பிபி செக்,CLINIC_24H
வயிறு போக்கு தொடர்ந்து,CLINIC_24H
தாத்தா உடம்பு பலவீனம் உடம்பு வலி,CLINIC_24H
எங்க தாத்தாக்கு வயிறு போக்கு நீர் இழப்பு,CLINIC_24H
மூட்டு வலி ஜுரம்,CLINIC_24H
தாத்தா சுகர் அதிகம் தலை சுத்துது,CLINIC_24H
எங்க பாட்டிக்கு வயிறு வலி ரெண்டு நாளா,CLINIC_24H
எங்க தாத்தாக்கு தலை வலி பிபியோட,CLINIC_24H
உடம்பு பலவீனம் பாட்டி,CLINIC_24H
தாத்தா மூட்டு வலி கடுமையா,CLINIC_24H
எங்க அப்பாக்கு ஜுரம் வயிறு போக்கு,CLINIC_24H
சுகர் இல்ல ஆனா பிபி அதிகம்,CLINIC_24H
பாட்டி தொடர்ச்சி தலை வலி,CLINIC_24H
எங்க பாட்டிக்கு மூட்டு வலி அதிகமாச்சு,CLINIC_24H
ஜுரம் மூணு நாளா தாத்தா,CLINIC_24H
தாத்தா வயிறு வலி,CLINIC_24H
எங்க தாத்தாக்கு உடம்பு பலவீனம் சுகர் ஏறி,CLINIC_24H
தலை வலி தலை சுத்துது,CLINIC_24H
எங்க அப்பாக்கு பிபி அதிகம் ஜுரம்,CLINIC_24H
மூட்டு வலி ரொம்ப,CLINIC_24H
பாட்டி ஜுரம் அதிகம் மருந்து கொடுத்தும்,CLINIC_24H
எங்க பாட்டிக்கு தொடர்ச்சியா வயிறு போக்கு,CLINIC_24H
தலை வலி கடுமையா தாத்தா,CLINIC_24H
எங்க தாத்தாக்கு ஜுரம் மூட்டு வலி,CLINIC_24H
சுகர் அதிகம் உடம்பு பலவீனம்,CLINIC_24H
எங்க பாட்டிக்கு பிபி ஏறி தலை வலி,CLINIC_24H
ஜுரம் ரெண்டு நாளா,CLINIC_24H
மூட்டு வலி அதிகமாச்சு தாத்தா,CLINIC_24H
வயிறு அசௌகரியம் வயிறு போக்கு,CLINIC_24H
எங்க தாத்தாக்கு உடம்பு பலவீனம் ரொம்ப,CLINIC_24H
ஜுரம் பிபி,CLINIC_24H
எங்க அப்பாக்கு வயிறு வலி தொடர்ந்து,CLINIC_24H
சுகர் ப்ராப்ளம் மூட்டு வலி,CLINIC_24H
பாட்டி ஜுரம் அதிகம்,CLINIC_24H
தாத்தா உடம்பு பலவீனம்,CLINIC_24H
எங்க தாத்தாக்கு தலை வலி ஜுரம்,CLINIC_24H
தொடர்ச்சியா வயிறு போக்கு பாட்டி,CLINIC_24H
மூட்டு வலி கடுமையா தாத்தா,CLINIC_24H
எங்க அப்பாக்கு பிபி ஏறி தலை சுத்துது,CLINIC_24H
வயிறு போக்கு ரெண்டு நாளா,CLINIC_24H
எங்க பாட்டிக்கு சுகர் அதிகம் உடம்பு பலவீனம்,CLINIC_24H
எங்க தாத்தாக்கு ஜுரம் மருந்து கேக்கல,CLINIC_24H
மூட்டு வலி ரொம்ப பாட்டி,CLINIC_24H
பிபி அதிகம் தலை சுத்துது,CLINIC_24H
எங்க பாட்டிக்கு வயிறு போக்கு தொடர்ந்து,CLINIC_24H
எங்க தாத்தாக்கு மூட்டு வலி சுகர்,CLINIC_24H
தலை வலி கடுமையா பாட்டி,CLINIC_24H
உடம்பு வலி உடம்பு பலவீனம்,CLINIC_24H
எங்க அப்பாக்கு வயிறு போக்கு ரெண்டு நாளா,CLINIC_24H
வயிறு போக்கு உடம்பு பலவீனம்,CLINIC_24H
பாட்டி பிபி ஏறி ஜுரம்,CLINIC_24H
எங்க பாட்டிக்கு வயிறு அசௌகரியம்,CLINIC_24H
தாத்தா தலை வலி,CLINIC_24H
எங்க தாத்தாக்கு சுகர் அதிகம் வயிறு போக்கு,CLINIC_24H
ஜுரம் தொடர்ச்சி தாத்தா,CLINIC_24H
எங்க பாட்டிக்கு உடம்பு பலவீனம் ரொம்ப,CLINIC_24H
பிபி அதிகம் ஜுரம்,CLINIC_24H
எங்க தாத்தாக்கு மூட்டு வலி கடுமையா,CLINIC_24H
ஜுரம் உடம்பு வலி,CLINIC_24H
எங்க அப்பாக்கு தலை வலி சுகரோட,CLINIC_24H
ஜுரம் ரெண்டு நாளா பாட்டி,CLINIC_24H
உடம்பு பலவீனம் பிபி அதிகம்,CLINIC_24H
தாத்தா வயிறு போக்கு,CLINIC_24H
பாட்டி சுகர் அதிகம் உடம்பு பலவீனம்,CLINIC_24H
ஜுரம் தலை சுத்துது,CLINIC_24H
எங்க தாத்தாக்கு மூட்டு வலி ரொம்ப,CLINIC_24H
தலை சுத்துது தாத்தா,CLINIC_24H
எங்க அப்பாக்கு பிபி ஏறி ஜுரம்,CLINIC_24H
வயிறு அசௌகரியம் பாட்டி,CLINIC_24H
என் பையனுக்கு ரெண்டு நாளா நல்ல காய்ச்சல் மருந்து கொடுத்தும் கேக்கல,CLINIC_24H
வயிறு வலி அதிகமா இருக்கு,CLINIC_24H
எங்க அம்மாவுக்கு வயிற்று போக்கு தொடர்ச்சியா,CLINIC_24H
ஜுரம் இல்லை ஆனா தலை வலி ரொம்ப,CLINIC_24H
என் பொண்டாட்டிக்கு மலேரியா போல 3 நாள் ஜுரம்,CLINIC_24H
வயிற்று போக்கு 4 தடவை,CLINIC_24H
எங்க அப்பாவுக்கு மழையில வேலை செஞ்சு உடம்பு வலி,CLINIC_24H
பூச்சி மருந்து பட்டு உடம்பு அரிப்பு,CLINIC_24H
என் மகனுக்கு டெங்கு சந்தேகம் 2 நாள் ஜுரம்,CLINIC_24H
நேத்து இருந்து வயிற்று போக்கு,CLINIC_24H
எங்க வீட்டுக்காரருக்கு ஜுரம் மருந்து வேலை ஆகல,CLINIC_24H
தலை வலி மற்றும் ஒரு தடவை வாந்தி,CLINIC_24H
என் பொண்ணுக்கு மழையில நனைஞ்சு இருமல்,CLINIC_24H
மைல்ட் பூச்சி மருந்து பாதிப்பு,CLINIC_24H
எங்க அம்மாவுக்கு வயிறு அசௌகரியம் ஜுரம்,CLINIC_24H
என் மகளுக்கு பூச்சி கடி வீக்கம்,CLINIC_24H
2 நாள் உயர் காய்ச்சல்,CLINIC_24H
வயிறு வலி வருது ஆனா தொடர்ச்சி இல்ல,CLINIC_24H
என் அப்பாவுக்கு ஃபார்ம் வேலையில உடம்பு வலி,CLINIC_24H
மலேரியா மாதிரி ஜுரம் வருது,CLINIC_24H
வயிற்று போக்கு 3 நாளா,CLINIC_24H
என் பொண்டாட்டிக்கு கையில காயம் ரத்தம்,CLINIC_24H
தலை வலி ஜுரம்,CLINIC_24H
என் பையனுக்கு டெங்கு போல 2 நாள் ஜுரம்,CLINIC_24H
பூச்சி மருந்து தெளிச்சு ரேஷ்,CLINIC_24H
மைல்ட் பாம்பு கடி ஆனா வலி,CLINIC_24H
நேத்து மழையில நனைஞ்சு குளிர்,CLINIC_24H
எங்க அப்பா உயர் ஜுரம் மருந்து கேக்கல,CLINIC_24H
வயிற்று போக்கு மற்றும் பலவீனம்,CLINIC_24H
என் பொண்ணுக்கு வயிறு வலி,CLINIC_24H
ஃபார்ம் லேபர் மைல்ட் காயம்,CLINIC_24H
ஜுரம் 3 நாள் உடம்பு பலவீனம்,CLINIC_24H
எங்க அம்மாவுக்கு தலை வலி ரொம்ப,CLINIC_24H
பூச்சி மருந்து மைல்ட் ரியாக்ஷன்,CLINIC_24H
என் மகனுக்கு வயிற்று போக்கு ஜுரம்,CLINIC_24H
காய்ச்சல் மற்றும் வாந்தி,CLINIC_24H
பாம்பு கடி மைல்ட் வீக்கம்,CLINIC_24H
எங்க வீட்டுக்காரருக்கு மழை வேலை இருமல்,CLINIC_24H
2 நாள் ஜுரம் மருந்து சாப்பிடல,CLINIC_24H
வயிறு வலி மற்றும் மோஷன்,CLINIC_24H
என் பொண்டாட்டிக்கு டெங்கு போல,CLINIC_24H
மைல்ட் பூச்சி அரிப்பு,CLINIC_24H
என் அப்பாவுக்கு தலை வலி ஜுரம்,CLINIC_24H
ஃபார்ம் மைல்ட் கட்,CLINIC_24H
நேத்து இருந்து வயிறு அசௌகரியம்,CLINIC_24H
உயர் காய்ச்சல் 48 மணி நேரம்,CLINIC_24H
என் பையனுக்கு மழை வேலை உடம்பு வலி,CLINIC_24H
வயிற்று போக்கு வருது,CLINIC_24H
எங்க அம்மா மைல்ட் பாம்பு கடி,CLINIC_24H
ஜுரம் தலை வலி,CLINIC_24H
பூச்சி மருந்து மைல்ட் ரேஷ்,CLINIC_24H
என் மகளுக்கு வயிறு வலி,CLINIC_24H
3 நாள் ஜுரம்,CLINIC_24H
என் பொண்டாட்டிக்கு மழை குளிர் இருமல்,CLINIC_24H
கையில மைல்ட் காயம்,CLINIC_24H
வயிறு வலி வயிற்று போக்கு,CLINIC_24H
எங்க அப்பாவுக்கு மலேரியா சந்தேகம்,CLINIC_24H
தலை வலி ரொம்ப வருது,CLINIC_24H
என் பையனுக்கு பூச்சி மருந்து அரிப்பு,CLINIC_24H
ஜுரம் 2 நாள் மருந்து இல்ல,CLINIC_24H
வயிற்று போக்கு தொடர்ச்சி இல்ல,CLINIC_24H
எங்க வீட்டுக்காரருக்கு மைல்ட் டெங்கு,CLINIC_24H
பாம்பு கடி மைல்ட் வலி,CLINIC_24H
மழையில நனைஞ்சு ஜுரம்,CLINIC_24H
என் பொண்ணுக்கு உடம்பு வலி ஜுரம்,CLINIC_24H
மைல்ட் பூச்சி ரியாக்ஷன்,CLINIC_24H
உயர் ஜுரம் நேத்து இருந்து,CLINIC_24H
வயிற்று போக்கு பலவீனம்,CLINIC_24H
எங்க அம்மாவுக்கு வயிறு வலி,CLINIC_24H
ஃபார்ம் காயம்,CLINIC_24H
என் மகனுக்கு தலை வலி,CLINIC_24H
2 நாள் காய்ச்சல்,CLINIC_24H
பூச்சி மருந்து ரேஷ்,CLINIC_24H
என் அப்பா மழை வேலை குளிர்,CLINIC_24H
மைல்ட் பாம்பு கடி,CLINIC_24H
ஜுரம் வயிற்று போக்கு,CLINIC_24H
என் பொண்டாட்டி 3 நாள் ஜுரம்,CLINIC_24H
தலை வலி வாந்தி,CLINIC_24H
என் பையனுக்கு மைல்ட் காயம்,CLINIC_24H
மழைக்கு பிறகு வயிறு அசௌகரியம்,CLINIC_24H
மலேரியா போல ஜுரம்,CLINIC_24H
வயிற்று போக்கு 4-5 தடவை,CLINIC_24H
எங்க அம்மா பூச்சி அரிப்பு,CLINIC_24H
உயர் காய்ச்சல் மருந்து ஆகல,CLINIC_24H
என் வீட்டுக்காரருக்கு உடம்பு வலி,CLINIC_24H
மைல்ட் டெங்கு அறிகுறி,CLINIC_24H
நேத்து இருந்து இருமல்,CLINIC_24H
என் பொண்ணு ஜுரம் தலை வலி,CLINIC_24H
பூச்சி மைல்ட் எஃபெக்ட்,CLINIC_24H
ஃபார்ம் மைல்ட் இன்ஜுரி,CLINIC_24H
ஜுரம் 2 நாள்,CLINIC_24H
எங்க அப்பாவுக்கு வயிற்று போக்கு,CLINIC_24H
என் மகன் மழை குளிர்,CLINIC_24H
வயிறு வலி ஜுரம்,CLINIC_24H
மைல்ட் பாம்பு கடிப்பு,CLINIC_24H
காய்ச்சல் உடம்பு பலவீனம்,CLINIC_24H
என் பொண்டாட்டிக்கு பூச்சி ரேஷ்,CLINIC_24H
2 நாள் உயர் ஜுரம்,CLINIC_24H
எங்க அம்மாவுக்கு மைல்ட் கட்,CLINIC_24H
மலேரியா சந்தேக ஜுரம்,CLINIC_24H
என் பையனுக்கு தலை வலி,CLINIC_24H
மழை வேலை இருமல்,CLINIC_24H
பூச்சி மருந்து அரிப்பு,CLINIC_24H
என் அப்பா வயிறு அசௌகரியம்,CLINIC_24H
ஜுரம் மருந்து கேக்கல,CLINIC_24H
எங்க வீட்டுக்காரருக்கு மைல்ட் பாம்பு,CLINIC_24H
உடம்பு வலி ஜுரம்,CLINIC_24H
3 நாள் காய்ச்சல்,CLINIC_24H
மைல்ட் டெங்கு,CLINIC_24H
தலை வலி,CLINIC_24H
என் மகனுக்கு பூச்சி ரியாக்ஷன்,CLINIC_24H
உயர் ஜுரம் 48 மணி,CLINIC_24H
எங்க அம்மா மழை குளிர்,CLINIC_24H
என் பையனுக்கு ஜுரம் வயிற்று போக்கு,CLINIC_24H
என் பொண்டாட்டி தலை வலி,CLINIC_24H
மைல்ட் பூச்சி,CLINIC_24H
ஃபார்ம் இன்ஜுரி,CLINIC_24H
என் அப்பாவுக்கு வயிற்று போக்கு,CLINIC_24H
மழைக்கு பிறகு உடம்பு வலி,CLINIC_24H
பாம்பு கடி,CLINIC_24H
பூச்சி அரிப்பு,CLINIC_24H
எங்க அம்மாவுக்கு மைல்ட் காயம்,CLINIC_24H
என் வீட்டுக்காரருக்கு வயிற்று போக்கு,CLINIC_24H
ஃபார்ம் வேலை வலி,CLINIC_24H
2 நாள் ஜுரம்,CLINIC_24H
என் பொண்ணு மைல்ட் பாம்பு,CLINIC_24H
பூச்சி ரேஷ்,CLINIC_24H
காய்ச்சல் மருந்து இல்ல,CLINIC_24H
என் பையனுக்கு வயிறு அசௌகரியம்,CLINIC_24H
எங்க அப்பா மழை குளிர்,CLINIC_24H
என் பொண்டாட்டிக்கு உடம்பு வலி,CLINIC_24H
ஃபார்ம் கட்,CLINIC_24H
ஜுரம் 3 நாள்,CLINIC_24H
என் மகன் ஜுரம்,CLINIC_24H
எங்க அம்மா வயிற்று போக்கு,CLINIC_24H
என் அப்பா மழை இருமல்,CLINIC_24H
பூச்சி மைல்ட்,CLINIC_24H
என் பொண்ணு மைல்ட் கட்,CLINIC_24H
மலேரியா போல,CLINIC_24H
எங்க வீட்டுக்காரர் உடம்பு வலி,CLINIC_24H
ஜுரம் மருந்து ஆகல,CLINIC_24H
என் பையனுக்கு ரேஷ்,CLINIC_24H
மழை நனைவு குளிர்,CLINIC_24H
காய்ச்சல் 2 நாள்,CLINIC_24H
என் பொண்டாட்டி வயிற்று போக்கு,CLINIC_24H
எங்க அம்மா மைல்ட் பாம்பு,CLINIC_24H
என் அப்பா இருமல்,CLINIC_24H
என் பையனுக்கு பூச்சி,CLINIC_24H
மைல்ட் காயம்,CLINIC_24H
என் பொண்ணு மழை குளிர்,CLINIC_24H
என் மகன் வயிறு வலி,CLINIC_24H
எங்க அம்மா தலை வலி,CLINIC_24H
என் வீட்டுக்காரர் மைல்ட் ஜுரம்,CLINIC_24H
பூச்சி,CLINIC_24H
என் பையனுக்கு இருமல்,CLINIC_24H
என் பொண்டாட்டி மழை எஃபெக்ட்,CLINIC_24H
my son has high fever for 2 days we tried medicine but no relief,CLINIC_24H
severe stomach ache since morning,CLINIC_24H
my wife has continuous loose motion since yesterday,CLINIC_24H
my daughter is having body pain and mild fever,CLINIC_24H
stomach pain bad,CLINIC_24H
my father has fever for 3 days,CLINIC_24H
loose motion 4 times today,CLINIC_24H
my husband has headache and vomiting,CLINIC_24H
high fever no chest pain,CLINIC_24H
my mother has stomach ache what to do,CLINIC_24H
fever not coming down,CLINIC_24H
my son loose stools and weakness,CLINIC_24H
severe stomack pain,CLINIC_24H
my daughter has mild cut in hand,CLINIC_24H
body full pain and fever,CLINIC_24H
my wife vomitting and loose motion,CLINIC_24H
headache since yesterday,CLINIC_24H
my grandfather has high faver,CLINIC_24H
stomach ache continuous,CLINIC_24H
my son fever for 2 days medicine not working,CLINIC_24H
my wife has bad stomach pain no relief,CLINIC_24H
high fever and body ache,CLINIC_24H
my daughter loose stools 5 times,CLINIC_24H
my father headache severe,CLINIC_24H
fever and vomiting,CLINIC_24H
my mother has loose motion,CLINIC_24H
mild cut bleeding,CLINIC_24H
my husband stomack upset since morning,CLINIC_24H
high fever what should we do,CLINIC_24H
my son has no relief after medicine,CLINIC_24H
loose motion and stomach ache,CLINIC_24H
my daughter fever for 3 days,CLINIC_24H
headache romba,CLINIC_24H
my father loose stools,CLINIC_24H
high faver not down,CLINIC_24H
my son has stomach ache and loose motion,CLINIC_24H
my mother body pain and mild fever,CLINIC_24H
headache since 2 days,CLINIC_24H
loose motion continuous,CLINIC_24H
my husband has fever we tried medicine,CLINIC_24H
stomach ache severe,CLINIC_24H
my daughter cut in leg bleeding,CLINIC_24H
my grandfather stomach pain,CLINIC_24H
vomitting and loose motion,CLINIC_24H
my wife has no relief from fever,CLINIC_24H
body ache full,CLINIC_24H
my son headache bad,CLINIC_24H
my daughter high fever 2 days,CLINIC_24H
my father loose motion since yesterday,CLINIC_24H
headache,CLINIC_24H
my mother fever not coming down,CLINIC_24H
stomach ache,CLINIC_24H
my husband body pain,CLINIC_24H
high fever medicine not working,CLINIC_24H
my son has cut in hand,CLINIC_24H
vomiting continuous,CLINIC_24H
my wife stomach pain what to do,CLINIC_24H
fever for 3 days,CLINIC_24H
my daughter loose stools and weakness,CLINIC_24H
headache and body pain,CLINIC_24H
my father has mild fever,CLINIC_24H
my mother high fever,CLINIC_24H
my husband stomach ache since morning,CLINIC_24H
fever not down after medicine,CLINIC_24H
my son body full pain,CLINIC_24H
cut bleeding,CLINIC_24H
my daughter headache,CLINIC_24H
vomitting,CLINIC_24H
my wife loose motion 4 times,CLINIC_24H
my father has fever and loose motion,CLINIC_24H
my mother body ache,CLINIC_24H
headache severe,CLINIC_24H
my son mild cut,CLINIC_24H
my daughter fever we tried medicine but,CLINIC_24H
my husband high faver,CLINIC_24H
vomiting and stomach pain,CLINIC_24H
my wife has headache for 2 days,CLINIC_24H
my son loose motion,CLINIC_24H
stomach ache bad,CLINIC_24H
my daughter cut in finger,CLINIC_24H
my father has stomach pain,CLINIC_24H
my mother headache,CLINIC_24H
my husband body pain and fever,CLINIC_24H
stomach pain since morning,CLINIC_24H
my son has no chest pain but high fever,CLINIC_24H
my daughter mild fever and body ache,CLINIC_24H
my wife stomach ache,CLINIC_24H
fever for 2 days medicine not work,CLINIC_24H
my father loose motion,CLINIC_24H
my son high fever,CLINIC_24H
my daughter body pain,CLINIC_24H
my mother headache and fever,CLINIC_24H
my husband stomach ache what should we do,CLINIC_24H
fever not down,CLINIC_24H
my son loose stools,CLINIC_24H
high faver,CLINIC_24H
my wife has vomiting continuous,CLINIC_24H
body full ache,CLINIC_24H
my father mild cut,CLINIC_24H
my mother fever 3 days,CLINIC_24H
my son has stomach pain and loose motion,CLINIC_24H
my husband high fever we tried medicine,CLINIC_24H
vomitting since morning,CLINIC_24H
my daughter loose stools,CLINIC_24H
my wife fever not coming down,CLINIC_24H
my father cut in leg,CLINIC_24H
my son headache,CLINIC_24H
loose motion 3 times,CLINIC_24H
my mother stomach pain,CLINIC_24H
fever and body ache,CLINIC_24H
vomiting,CLINIC_24H
my wife body pain,CLINIC_24H
my father fever not down,CLINIC_24H
my mother loose stools,CLINIC_24H
my son has vomiting and fever,CLINIC_24H
my daughter stomach pain,CLINIC_24H
headache bad,CLINIC_24H
my husband body ache since yesterday,CLINIC_24H
fever,CLINIC_24H
my wife mild cut,CLINIC_24H
my father loose motion continuous,CLINIC_24H
my daughter fever 3 days,CLINIC_24H
my husband cut in hand,CLINIC_24H
my son stomach ache,CLINIC_24H
my wife headache and loose motion,CLINIC_24H
my father body pain,CLINIC_24H
my mother high faver,CLINIC_24H
my son cut bleeding,CLINIC_24H
my husband loose stools,CLINIC_24H
fever for 2 days,CLINIC_24H
my wife vomiting continuous,CLINIC_24H
my father headache,CLINIC_24H
my mother fever not down,CLINIC_24H
my husband body ache,CLINIC_24H
my wife headache,CLINIC_24H
my mother vomiting,CLINIC_24H
my husband fever 2 days,CLINIC_24H
my wife body pain and fever,CLINIC_24H
my father high fever,CLINIC_24H
baby has high fever for 2 days we tried medicine but no improvement,CLINIC_24H
pregnant wife has severe stomach ache since yesterday,CLINIC_24H
my son has continuous loose motion what should we do,CLINIC_24H
daughter is crying a lot and not feeding well,CLINIC_24H
high fever in baby,CLINIC_24H
pregnant wife has back pain and swelling in legs,CLINIC_24H
my child has vomiting and stomach pain,CLINIC_24H
baby not taking breast milk properly and crying,CLINIC_24H
son has fever since 3 days,CLINIC_24H
stomach pain my pregnant wife,CLINIC_24H
my baby has diarrhea for 2 days,CLINIC_24H
child has mild fever but no breathing issue,CLINIC_24H
pregnant wife has leg swelling,CLINIC_24H
son small cut on hand bleeding little,CLINIC_24H
baby crying too much not sleeping,CLINIC_24H
pregnant wife has lower back pain,CLINIC_24H
daughter has fever and loose stools,CLINIC_24H
baby fever for 2 days medicine not working,CLINIC_24H
loose motion my young son,CLINIC_24H
wife pregnancy vomiting too much,CLINIC_24H
baby is crying nonstop since morning,CLINIC_24H
high fever my child,CLINIC_24H
my pregnant wife stomach pain what to do,CLINIC_24H
daughter has skin rashes all over,CLINIC_24H
baby has fever and not drinking milk,CLINIC_24H
stomach ache pregnant wife,CLINIC_24H
my son has loose motion since 2 days,CLINIC_24H
child has body pain with mild fever,CLINIC_24H
baby crying a lot after feeding,CLINIC_24H
pregnant wife has swelling in feet,CLINIC_24H
my son mild fever but medicine not helping,CLINIC_24H
baby not taking breastfeed properly,CLINIC_24H
daughter vomiting and diarrhea,CLINIC_24H
high fever baby need doctor,CLINIC_24H
my pregnant wife back pain severe,CLINIC_24H
son has rashes and itching,CLINIC_24H
baby has fever with crying,CLINIC_24H
pregnant wife has vomiting,CLINIC_24H
my daughter fever for 2 days,CLINIC_24H
baby not feeding well,CLINIC_24H
loose stools my son,CLINIC_24H
pregnant wife feels dizzy,CLINIC_24H
baby has small cut on leg,CLINIC_24H
wife has stomach discomfort in pregnancy,CLINIC_24H
son has fever and less active,CLINIC_24H
my pregnant sister has swelling,CLINIC_24H
high fever my daughter,CLINIC_24H
pregnant wife has mild spotting,CLINIC_24H
my son has diarrhea and weakness,CLINIC_24H
baby fever 2 days not coming down,CLINIC_24H
child has skin allergy,CLINIC_24H
pregnant wife back pain,CLINIC_24H
my son vomiting frequently,CLINIC_24H
baby crying and not feeding,CLINIC_24H
daughter has loose motion,CLINIC_24H
my baby high fever little bit,CLINIC_24H
pregnant wife vomiting since morning,CLINIC_24H
child full body rashes,CLINIC_24H
baby crying nonstop,CLINIC_24H
pregnant wife hand swelling,CLINIC_24H
stomach pain my baby,CLINIC_24H
son fever and crying,CLINIC_24H
my pregnant wife discomfort,CLINIC_24H
daughter loose motion 3 days,CLINIC_24H
baby fever and not sleeping,CLINIC_24H
child small injury,CLINIC_24H
my pregnant wife back ache,CLINIC_24H
son fever medicine not working,CLINIC_24H
high fever baby,CLINIC_24H
my pregnant sister vomiting,CLINIC_24H
son has rashes,CLINIC_24H
baby fever with loose motion,CLINIC_24H
wife headache,CLINIC_24H
my child nonstop crying,CLINIC_24H
pregnant wife vomiting,CLINIC_24H
baby not drinking milk,CLINIC_24H
my pregnant wife swelling,CLINIC_24H
daughter diarrhea,CLINIC_24H
baby fever for 2 days,CLINIC_24H
pregnant wife stomach pain,CLINIC_24H
my son crying a lot,CLINIC_24H
child rashes and fever,CLINIC_24H
baby mild breathing discomfort,CLINIC_24H
baby fever with crying,CLINIC_24H
wife dizziness,CLINIC_24H
daughter vomiting,CLINIC_24H
my baby less active,CLINIC_24H
pregnant wife mild bleeding,CLINIC_24H
son fever,CLINIC_24H
child crying nonstop,CLINIC_24H
my baby fever medicine not effective,CLINIC_24H
pregnant wife leg swelling,CLINIC_24H
daughter rashes,CLINIC_24H
baby loose motion,CLINIC_24H
my pregnant wife pain,CLINIC_24H
pregnant wife discomfort,CLINIC_24H
my child diarrhea,CLINIC_24H
baby high fever 2 days,CLINIC_24H
son vomiting,CLINIC_24H
my baby crying and not sleeping,CLINIC_24H
pregnant sister swelling,CLINIC_24H
baby fever and crying,CLINIC_24H
my pregnant wife headache,CLINIC_24H
son loose motion,CLINIC_24H
wife vomiting in pregnancy,CLINIC_24H
my child fever,CLINIC_24H
daughter crying too much,CLINIC_24H
my baby fever,CLINIC_24H
son rashes,CLINIC_24H
my pregnant wife dizziness,CLINIC_24H
pregnant wife swelling,CLINIC_24H
my child loose motion,CLINIC_24H
baby fever 3 days,CLINIC_24H
pregnant wife pain,CLINIC_24H
my baby not sleeping well,CLINIC_24H
pregnant sister discomfort,CLINIC_24H
baby rashes,CLINIC_24H
son diarrhea,CLINIC_24H
my son vomiting,CLINIC_24H
baby continuous crying,CLINIC_24H
child swelling,CLINIC_24H
baby fever not reducing,CLINIC_24H
my pregnant wife stomach issue,CLINIC_24H
child small cut,CLINIC_24H
my baby high fever,CLINIC_24H
baby fever and weakness,CLINIC_24H
baby crying a lot,CLINIC_24H
pregnant sister headache,CLINIC_24H
my daughter vomiting,CLINIC_24H
wife pregnancy fever,CLINIC_24H
child loose motion,CLINIC_24H
my baby not active,CLINIC_24H
baby crying with fever,CLINIC_24H
my pregnant wife mild spotting,CLINIC_24H
baby diarrhea 2 days,CLINIC_24H
baby fever not coming down,CLINIC_24H
my baby crying and not feeding,CLINIC_24H
son fever since yesterday,CLINIC_24H
daughter rashes and itching,CLINIC_24H
my baby small cut on leg,CLINIC_24H
pregnant sister vomiting,CLINIC_24H
child crying and weak,CLINIC_24H
my pregnant wife back pain,CLINIC_24H
baby not feeding properly,CLINIC_24H
my grandfather has high fever for 2 days we tried medicine but no relief,CLINIC_24H
grandma has severe stomach ache since yesterday,CLINIC_24H
my father has loose motion for 3 days with sugar issues,CLINIC_24H
elderly grandpa joint pain has increased a lot,CLINIC_24H
my grandma fever for 2 days BP already high,CLINIC_24H
stomach pain severe,CLINIC_24H
grandpa continuous loose stools sugar problem,CLINIC_24H
my thatha has headache and body weakness,CLINIC_24H
my paati stomach ache for 2 days with joint pain,CLINIC_24H
grandfather sugar high and fever,CLINIC_24H
my grandfather BP high and dizziness,CLINIC_24H
grandma has loose motion continuously,CLINIC_24H
joint pain very bad,CLINIC_24H
my grandma has no fever but body weakness,CLINIC_24H
thatha severe stomach pain,CLINIC_24H
my grandfather loose motion 2 days with BP,CLINIC_24H
stomach ache and vomiting,CLINIC_24H
paati headache with joint pain,CLINIC_24H
grandpa fever for 2 days,CLINIC_24H
my father sugar high and body pain,CLINIC_24H
my grandma BP high fever what to do,CLINIC_24H
my grandfather continuous diarrhea sugar not controlled,CLINIC_24H
grandma joint pain and weakness,CLINIC_24H
my paati stomach ache BP already there,CLINIC_24H
body pain with fever grandpa,CLINIC_24H
my grandfather headache sugar high,CLINIC_24H
grandma stomach upset continuous,CLINIC_24H
joint pain increased,CLINIC_24H
my father no fever but loose stools,CLINIC_24H
grandpa BP high dizziness,CLINIC_24H
my grandma high fever 2 days joint pain,CLINIC_24H
severe stomach pain grandpa,CLINIC_24H
headache grandma,CLINIC_24H
my grandfather sugar spike and weakness,CLINIC_24H
paati fever BP check needed,CLINIC_24H
grandpa joint pain very bad,CLINIC_24H
my paati stomach pain for 2 days,CLINIC_24H
dizziness and weakness,CLINIC_24H
my grandfather diarrhea continuous with BP,CLINIC_24H
stomach ache grandma,CLINIC_24H
joint pain grandpa,CLINIC_24H
my father fever 3 days medicine not working,CLINIC_24H
sugar high body pain,CLINIC_24H
my grandma severe headache,CLINIC_24H
stomach pain loose motion,CLINIC_24H
grandpa BP high fever,CLINIC_24H
paati weakness joint pain,CLINIC_24H
my grandfather high fever 2 days,CLINIC_24H
stomach ache very bad,CLINIC_24H
headache grandpa,CLINIC_24H
my grandma continuous diarrhea sugar issue,CLINIC_24H
joint pain increased a lot,CLINIC_24H
grandpa stomach pain since morning,CLINIC_24H
fever with weakness,CLINIC_24H
my grandfather BP high headache,CLINIC_24H
loose motion grandma,CLINIC_24H
no fever but stomach pain,CLINIC_24H
my father joint pain severe sugar problem,CLINIC_24H
stomach upset grandpa,CLINIC_24H
severe headache,CLINIC_24H
my paati fever 2 days BP check,CLINIC_24H
grandpa weakness body pain,CLINIC_24H
my grandfather diarrhea dehydration,CLINIC_24H
joint pain fever,CLINIC_24H
grandpa sugar high dizziness,CLINIC_24H
my grandma stomach pain 2 days,CLINIC_24H
loose motion grandfather,CLINIC_24H
my grandfather headache with BP,CLINIC_24H
body weakness grandma,CLINIC_24H
grandpa joint pain severe,CLINIC_24H
my father fever loose stools,CLINIC_24H
no sugar but high BP,CLINIC_24H
stomach ache grandpa,CLINIC_24H
grandma continuous headache,CLINIC_24H
my paati joint pain increased,CLINIC_24H
grandpa stomach pain,CLINIC_24H
my grandfather weakness sugar spike,CLINIC_24H
headache dizziness,CLINIC_24H
my father BP high fever,CLINIC_24H
grandma high fever medicine not working,CLINIC_24H
my grandma continuous loose motion,CLINIC_24H
severe headache grandfather,CLINIC_24H
my grandfather fever joint pain,CLINIC_24H
sugar high weakness,CLINIC_24H
loose stools grandma,CLINIC_24H
my paati BP high headache,CLINIC_24H
joint pain increased grandpa,CLINIC_24H
stomach upset diarrhea,CLINIC_24H
my grandfather body weakness very much,CLINIC_24H
fever BP,CLINIC_24H
my father stomach ache continuous,CLINIC_24H
sugar problem joint pain,CLINIC_24H
grandma high fever,CLINIC_24H
my paati stomach pain,CLINIC_24H
grandpa body weakness,CLINIC_24H
my grandfather headache fever,CLINIC_24H
continuous diarrhea grandma,CLINIC_24H
joint pain severe grandpa,CLINIC_24H
my father BP high dizziness,CLINIC_24H
loose stools 2 days,CLINIC_24H
my paati sugar high weakness,CLINIC_24H
my grandfather fever medicine not working,CLINIC_24H
joint pain severe grandma,CLINIC_24H
BP high dizziness,CLINIC_24H
my grandma loose motion continuous,CLINIC_24H
my grandfather joint pain sugar,CLINIC_24H
severe headache grandma,CLINIC_24H
body pain weakness,CLINIC_24H
my father loose motion 2 days,CLINIC_24H
loose motion with weakness,CLINIC_24H
grandma BP high fever,CLINIC_24H
my paati stomach upset,CLINIC_24H
grandpa headache,CLINIC_24H
my grandfather sugar high loose stools,CLINIC_24H
my paati weakness very much,CLINIC_24H
stomach pain diarrhea,CLINIC_24H
high BP grandma,CLINIC_24H
my grandfather joint pain severe,CLINIC_24H
fever body pain,CLINIC_24H
my father headache with sugar,CLINIC_24H
stomach pain grandma,CLINIC_24H
high fever 2 days paati,CLINIC_24H
weakness high BP,CLINIC_24H
grandpa diarrhea,CLINIC_24H
grandma sugar high weakness,CLINIC_24H
my paati stomach pain 2 days,CLINIC_24H
fever dizziness,CLINIC_24H
my grandfather joint pain very bad,CLINIC_24H
dizziness grandpa,CLINIC_24H
my son has fever for 2 days we tried medicine but no effect,CLINIC_24H
my wife has no chest pain but continuous loose motion since yesterday,CLINIC_24H
high fever for 3 days what to do,CLINIC_24H
my daughter got mild dengue symptoms with body pain,CLINIC_24H
my father has headache and fever after working in rain,CLINIC_24H
mild snake bite on leg with swelling,CLINIC_24H
pesticide exposure caused skin rashes,CLINIC_24H
my son dengue doubt fever for 2 days,CLINIC_24H
stomach upset since last night,CLINIC_24H
my husband fever medicine not working,CLINIC_24H
headache and one time vomiting,CLINIC_24H
my daughter caught cold after rain work,CLINIC_24H
mild pesticide reaction on hands,CLINIC_24H
my mother has stomach pain and mild fever,CLINIC_24H
insect bite with mild swelling,CLINIC_24H
stomach pain comes and goes,CLINIC_24H
my father body pain after farm work,CLINIC_24H
maleria like fever,CLINIC_24H
loose stools for 3 days,CLINIC_24H
my wife small cut on hand,CLINIC_24H
headache with fever,CLINIC_24H
my son fever for 2 days maybe dengue,CLINIC_24H
pesticide caused itching,CLINIC_24H
mild snake bite but painful,CLINIC_24H
cold after getting wet in rain,CLINIC_24H
my father high fever medicine not helping,CLINIC_24H
my daughter stomach ache,CLINIC_24H
mild cut from farm tool,CLINIC_24H
fever 3 days and feeling weak,CLINIC_24H
my mother severe headache,CLINIC_24H
mild pesticide skin reaction,CLINIC_24H
my son loose motion with fever,CLINIC_24H
fever and vomiting once,CLINIC_24H
snake bite mild swelling only,CLINIC_24H
my husband cough after rain work,CLINIC_24H
fever 2 days medicine not working,CLINIC_24H
my wife possible dengue,CLINIC_24H
mild pesticide itching all over,CLINIC_24H
my father headache and fever,CLINIC_24H
small farm injury,CLINIC_24H
stomach upset from yesterday,CLINIC_24H
high fever for 2 days,CLINIC_24H
my son body pain after rain,CLINIC_24H
my mother mild snake bite,CLINIC_24H
fever with headache,CLINIC_24H
pesticide mild rashes,CLINIC_24H
my wife cough from rain,CLINIC_24H
mild cut on hand,CLINIC_24H
stomach ache and motions,CLINIC_24H
my father malaria doubt,CLINIC_24H
my son pesticide itching,CLINIC_24H
fever 2 days no medicine effect,CLINIC_24H
loose motion not continuous,CLINIC_24H
my husband mild dengue symptoms,CLINIC_24H
mild snake bite pain,CLINIC_24H
fever after getting wet in rain,CLINIC_24H
my daughter body pain and fever,CLINIC_24H
mild pesticide effect,CLINIC_24H
loose motion with tiredness,CLINIC_24H
farm small cut,CLINIC_24H
my father cold after rain work,CLINIC_24H
fever and loose motion,CLINIC_24H
my wife fever for 3 days,CLINIC_24H
headache with vomiting,CLINIC_24H
malaria like symptoms,CLINIC_24H
loose stools many times,CLINIC_24H
my mother pesticide itching,CLINIC_24H
mild dengue signs,CLINIC_24H
cough from yesterday,CLINIC_24H
my daughter fever and headache,CLINIC_24H
small farm cut,CLINIC_24H
my son cold after rain,CLINIC_24H
stomach pain with fever,CLINIC_24H
my wife pesticide rashes,CLINIC_24H
my mother mild cut,CLINIC_24H
malaria doubt with fever,CLINIC_24H
cough from rain work,CLINIC_24H
pesticide mild itch,CLINIC_24H
my father stomach upset,CLINIC_24H
fever medicine not working,CLINIC_24H
my husband mild snake bite,CLINIC_24H
body pain with fever,CLINIC_24H
farm small injury,CLINIC_24H
my son pesticide reaction,CLINIC_24H
high fever for 48 hours,CLINIC_24H
my mother cold from rain,CLINIC_24H
mild snake bite swelling,CLINIC_24H
my son fever with loose motion,CLINIC_24H
fever 2 days,CLINIC_24H
my mother small cut,CLINIC_24H
my husband loose motion,CLINIC_24H
farm work pain,CLINIC_24H
my daughter mild snake bite,CLINIC_24H
fever medicine not effective,CLINIC_24H
my son stomach upset,CLINIC_24H
my father cold from rain,CLINIC_24H
my son fever,CLINIC_24H
my father cough from rain,CLINIC_24H
my daughter small cut,CLINIC_24H
malaria like fever,CLINIC_24H
fever not responding to medicine,CLINIC_24H
my son rashes from pesticide,CLINIC_24H
cold after rain,CLINIC_24H
my wife loose motion,CLINIC_24H
pesticide itching,CLINIC_24H
my father cough,CLINIC_24H
my son mild pesticide,CLINIC_24H
my wife fever,CLINIC_24H
small cut,CLINIC_24H
fever with body pain,CLINIC_24H
my daughter cold from rain,CLINIC_24H
my son stomach pain,CLINIC_24H
my son cough,CLINIC_24H
my wife rain effect,CLINIC_24H
en pondatiku rendu naala saadharana salli paravaala,HOME_CARE
light ah thala vali,HOME_CARE
enga appaku fever illa aana odambu valikithu nethu irundhu,HOME_CARE
oru pappa ku nethu rathiri irundhu irumal veetula marundhu saptu pakalam,HOME_CARE
en payyanuku konjam thala vali saadharana dhaan,HOME_CARE
mild salli,HOME_CARE
enga ammaku odambu konjam valikithu,HOME_CARE
light cough irukku,HOME_CARE
en pondati thala vali illa aana konjam tired ah irukku,HOME_CARE
saadharana irumal,HOME_CARE
en veetukararukku nethu irundhu mild body pain veetula rest edutha porum,HOME_CARE
konjam salli varuthu,HOME_CARE
pappa ku light ah thala vali,HOME_CARE
odambu vali romba illa,HOME_CARE
en ponnu konjam throat vali,HOME_CARE
mild headache,HOME_CARE
enga thatha saadharana dhaan odambu tired,HOME_CARE
light cold,HOME_CARE
en amma ku nethu irundhu konjam irumal paravaala,HOME_CARE
thala vali slight ah,HOME_CARE
en payyanuku body valikithu aana fever illa,HOME_CARE
salli konjam,HOME_CARE
enga pondatiku rendu naal light cough veetula marundhu koduthu pakalam,HOME_CARE
mild thala vali,HOME_CARE
en appa ku odambu konjam vali saadharanam,HOME_CARE
light irumal,HOME_CARE
pappa ku salli varuthu romba illa,HOME_CARE
thala vali konjam,HOME_CARE
en ponnuku tired ah irukku veetula rest,HOME_CARE
saadharana body pain,HOME_CARE
enga ammaku konjam throat discomfort,HOME_CARE
mild salli and cough,HOME_CARE
en husband light ah odambu valikithu,HOME_CARE
thala vali slight,HOME_CARE
en payyanuku irumal konjam varuthu,HOME_CARE
light cold symptoms,HOME_CARE
enga paati saadharana dhaan mild headache,HOME_CARE
konjam body vali,HOME_CARE
en veetukararukku nethu irundhu light salli,HOME_CARE
thala vali illa aana konjam tired,HOME_CARE
en ponnu light cough,HOME_CARE
mild odambu pain,HOME_CARE
pappa ku saadharana thala vali,HOME_CARE
salli varuthu konjam,HOME_CARE
enga appaku fever illa aana konjam body valikithu,HOME_CARE
en amma ku mild headache veetula tablet eduthukalam,HOME_CARE
thala vali romba illa,HOME_CARE
en payyan konjam salli,HOME_CARE
saadharana cough,HOME_CARE
enga pondati odambu konjam tired ah irukku,HOME_CARE
en thatha ku light body pain,HOME_CARE
konjam irumal,HOME_CARE
en ponnuku salli paravaala,HOME_CARE
light headache,HOME_CARE
enga husband nethu irundhu mild cold,HOME_CARE
pappa ku body valikithu aana romba illa,HOME_CARE
saadharana salli,HOME_CARE
en ammaku konjam throat vali,HOME_CARE
mild cough,HOME_CARE
en veetukararukku light odambu vali,HOME_CARE
en payyanuku tired ah irukku fever illa,HOME_CARE
light salli,HOME_CARE
enga paati saadharana dhaan mild irumal,HOME_CARE
body pain slight,HOME_CARE
en pondatiku rendu naala konjam cough veetula pakalam,HOME_CARE
en appa ku salli varuthu,HOME_CARE
light body discomfort,HOME_CARE
en ponnu konjam tired,HOME_CARE
saadharana headache,HOME_CARE
enga thatha ku light cold,HOME_CARE
irumal konjam,HOME_CARE
en husband mild body pain,HOME_CARE
thala vali illa,HOME_CARE
en amma ku salli and light cough,HOME_CARE
konjam vali,HOME_CARE
en payyan light irumal,HOME_CARE
odambu valikithu slight,HOME_CARE
enga pondati konjam tired ah irukku,HOME_CARE
en veetukararukku mild cold symptoms,HOME_CARE
enga appaku light cough,HOME_CARE
en ammaku nethu irundhu konjam salli,HOME_CARE
irumal slight,HOME_CARE
en payyanuku body vali illa aana tired,HOME_CARE
pappa ku mild headache,HOME_CARE
enga paati saadharana dhaan light irumal,HOME_CARE
en husband konjam odambu valikithu,HOME_CARE
en ponnu light salli,HOME_CARE
saadharana tired,HOME_CARE
enga thatha ku mild body pain,HOME_CARE
headache slight,HOME_CARE
en pondatiku konjam throat discomfort,HOME_CARE
en amma ku salli varuthu paravaala,HOME_CARE
en payyan mild irumal,HOME_CARE
body pain illa,HOME_CARE
enga appa ku saadharana headache,HOME_CARE
en veetukararukku light tired ah irukku,HOME_CARE
cough konjam,HOME_CARE
en ponnu thala vali slight,HOME_CARE
saadharana cold,HOME_CARE
pappa ku body valikithu mild,HOME_CARE
enga pondati konjam salli,HOME_CARE
irumal,HOME_CARE
en ammaku mild body pain,HOME_CARE
thala vali illa aana tired,HOME_CARE
en payyan light cough,HOME_CARE
enga husband saadharana dhaan mild cold,HOME_CARE
en thatha ku konjam odambu vali,HOME_CARE
en ponnuku tired ah irukku,HOME_CARE
en appa ku salli paravaala,HOME_CARE
body pain konjam,HOME_CARE
enga amma light headache,HOME_CARE
en payyan mild salli,HOME_CARE
en veetukararukku konjam tired,HOME_CARE
pappa ku irumal konjam,HOME_CARE
mild body pain,HOME_CARE
enga pondati saadharana thala vali,HOME_CARE
salli,HOME_CARE
en ammaku light cough,HOME_CARE
tired ah irukku,HOME_CARE
en husband konjam headache,HOME_CARE
en ponnu body vali slight,HOME_CARE
enga thatha ku saadharana cold,HOME_CARE
en payyan light tired,HOME_CARE
cough mild,HOME_CARE
enga amma mild body pain,HOME_CARE
saadharana dhaan,HOME_CARE
en veetukararukku konjam thala vali,HOME_CARE
en ponnu irumal paravaala,HOME_CARE
mild tired,HOME_CARE
pappa ku body valikithu konjam,HOME_CARE
enga pondati saadharana cold symptoms,HOME_CARE
en ammaku mild cough,HOME_CARE
en payyan light body pain,HOME_CARE
tired illa aana konjam vali,HOME_CARE
enga husband thala vali slight,HOME_CARE
en thatha ku irumal,HOME_CARE
en ponnu light cold,HOME_CARE
headache konjam,HOME_CARE
en appa ku body tired,HOME_CARE
light cough,HOME_CARE
enga amma mild thala vali,HOME_CARE
en payyan konjam odambu vali,HOME_CARE
mild cold,HOME_CARE
en veetukararukku saadharana headache,HOME_CARE
light tired,HOME_CARE
pappa ku irumal slight,HOME_CARE
enga pondati mild salli,HOME_CARE
en husband konjam thala vali,HOME_CARE
mild body discomfort,HOME_CARE
en ponnu salli paravaala,HOME_CARE
enga thatha ku mild headache,HOME_CARE
en payyan saadharana dhaan light cold,HOME_CARE
en appa ku body vali mild,HOME_CARE
enga amma konjam tired ah irukku,HOME_CARE
en veetukararukku light thala vali,HOME_CARE
en ponnu body pain konjam,HOME_CARE
pappa ku irumal,HOME_CARE
enga pondati thala vali slight,HOME_CARE
en ammaku saadharana cold,HOME_CARE
en payyan mild body pain,HOME_CARE
light thala vali,HOME_CARE
en husband konjam salli,HOME_CARE
irumal paravaala,HOME_CARE
en thatha ku tired ah irukku,HOME_CARE
body vali konjam,HOME_CARE
enga appa ku saadharana dhaan mild salli,HOME_CARE
en amma light tired,HOME_CARE
cough,HOME_CARE
en veetukararukku mild cold,HOME_CARE
saadharana thala vali,HOME_CARE
en payyan konjam body pain,HOME_CARE
enga pondati saadharana tired,HOME_CARE
en ponnu light body discomfort,HOME_CARE
en husband mild cough,HOME_CARE
baby ku saadharana salli irukku paravaala,HOME_CARE
pregnant pondati ku light ah thala vali,HOME_CARE
en payyanuku odambu konjam valikithu nethu irundhu,HOME_CARE
pappa ku irumal konjam varuthu veetula marundhu saptu pakalam,HOME_CARE
chinnu ponnu romba azhutha but saadharana dhaan,HOME_CARE
light fever en baby ku,HOME_CARE
en pregnant wife ku konjam thala suthuthu,HOME_CARE
maganuku mild cough irukku,HOME_CARE
baby ku breast feeding konjam kuraichu,HOME_CARE
saadharana thala vali en pondati ku,HOME_CARE
en payyanuku konjam salli,HOME_CARE
baby ku fever illa aana konjam tired,HOME_CARE
pregnant ponnu ku light back pain,HOME_CARE
chinnu ku small rashes paravaala,HOME_CARE
pappa ku nethu irundhu irumal,HOME_CARE
pregnant wife ku konjam vomiting,HOME_CARE
daughter ku body konjam valikithu,HOME_CARE
baby ku mild cold saadharana,HOME_CARE
light ah cough en payyanuku,HOME_CARE
pondati ku pregnancy la thala vali,HOME_CARE
baby romba azhuthu but saadharana than,HOME_CARE
saadharana fever en chinnu ku,HOME_CARE
en pregnant pondati ku stomach konjam vali,HOME_CARE
ponnu ku konjam skin dry,HOME_CARE
baby ku feeding konjam less,HOME_CARE
light body pain pregnant wife ku,HOME_CARE
en maganuku salli 2 days,HOME_CARE
child ku mild headache,HOME_CARE
baby ku konjam cry irukku,HOME_CARE
pregnant la irukura ponnuku leg pain light,HOME_CARE
en payyanuku mild fever kelala,HOME_CARE
baby ku breast milk saptu ok,HOME_CARE
daughter ku konjam loose,HOME_CARE
light cold en baby ku,HOME_CARE
en pregnant wife ku back konjam vali,HOME_CARE
chinnu ku rashes light ah,HOME_CARE
baby ku mild irumal,HOME_CARE
pondati ku konjam mayakkam,HOME_CARE
en magaluku body pain saadharana,HOME_CARE
baby ku not feeding full but ok,HOME_CARE
saadharana salli en payyanuku,HOME_CARE
pregnant ponnu ku thala vali light,HOME_CARE
en chinnu ku cry and mild cold,HOME_CARE
baby ku small cut paravaala,HOME_CARE
son ku konjam tired,HOME_CARE
en pregnant sister ku leg swelling light,HOME_CARE
baby romba azhuthu saadharana,HOME_CARE
light fever en ponnuku,HOME_CARE
pregnant wife ku mild spotting no,HOME_CARE
en payyanuku diarrhea light,HOME_CARE
baby ku mild cold 2 days,HOME_CARE
chinnu ku skin dry,HOME_CARE
pregnant ponnu ku back pain konjam,HOME_CARE
en maganuku vomiting light,HOME_CARE
baby ku cry and not full feed,HOME_CARE
daughter ku mild loose motion,HOME_CARE
en baby ku light fever,HOME_CARE
pregnant wife ku vomiting saadharana,HOME_CARE
chinnu ku rashes body la,HOME_CARE
en baby romba cry,HOME_CARE
pregnant ponnu ku hand swelling light,HOME_CARE
light stomach pain en baby ku,HOME_CARE
payyanuku fever konjam,HOME_CARE
en wife ku pregnancy la ok,HOME_CARE
magaluku loose 2 days,HOME_CARE
baby ku fever and cry,HOME_CARE
chinnu ku small injury,HOME_CARE
son ku mild fever,HOME_CARE
baby ku cry and less milk,HOME_CARE
light cold baby ku,HOME_CARE
payyanuku rashes light,HOME_CARE
baby ku mild fever loose,HOME_CARE
en chinnu ku cry saadharana,HOME_CARE
pregnant la vomiting light,HOME_CARE
baby ku feeding less,HOME_CARE
en wife ku swelling light,HOME_CARE
daughter ku mild loose,HOME_CARE
baby ku light fever 2 days,HOME_CARE
pregnant wife ku stomach konjam,HOME_CARE
chinnu ku rashes and mild,HOME_CARE
baby ku mild cough,HOME_CARE
baby ku cry with mild fever,HOME_CARE
wife ku light dizziness,HOME_CARE
magaluku vomiting light,HOME_CARE
en baby less active,HOME_CARE
pregnant wife ku mild,HOME_CARE
payyanuku light fever,HOME_CARE
chinnu ku cry nonstop but ok,HOME_CARE
en baby ku mild cold medicine,HOME_CARE
pondati ku leg swelling,HOME_CARE
baby ku light loose,HOME_CARE
en pregnant ponnu ku light pain,HOME_CARE
baby ku not full feed,HOME_CARE
wife ku pregnancy light,HOME_CARE
en chinnu ku mild diarrhea,HOME_CARE
payyanuku light vomiting,HOME_CARE
en baby ku cry and sleep less,HOME_CARE
sister ku pregnancy light swelling,HOME_CARE
ponnu ku light rashes,HOME_CARE
baby ku mild fever cry,HOME_CARE
son ku light loose,HOME_CARE
baby ku small cut,HOME_CARE
wife ku light vomiting,HOME_CARE
en chinnu ku mild fever,HOME_CARE
baby ku feeding ok,HOME_CARE
pregnant wife ku stomach light,HOME_CARE
magaluku cry light,HOME_CARE
baby ku mild loose,HOME_CARE
en pregnant ponnu ku light mayakkam,HOME_CARE
daughter ku light vomiting,HOME_CARE
baby ku cry,HOME_CARE
wife ku swelling light,HOME_CARE
en chinnu ku light loose,HOME_CARE
baby ku fever 2 days mild,HOME_CARE
pregnant wife ku light pain,HOME_CARE
en baby ku sleep less,HOME_CARE
pregnant sister ku light discomfort,HOME_CARE
baby ku light rashes,HOME_CARE
en wife ku light headache,HOME_CARE
maganuku light diarrhea,HOME_CARE
baby ku mild fever,HOME_CARE
en payyanuku light vomiting,HOME_CARE
baby ku continuous cry light,HOME_CARE
chinnu ku light swelling,HOME_CARE
en pregnant wife ku stomach light,HOME_CARE
daughter ku light rashes,HOME_CARE
wife ku pregnancy light vali,HOME_CARE
en son ku light cry,HOME_CARE
baby ku not feeding full,HOME_CARE
pregnant wife ku light vomiting,HOME_CARE
chinnu ku small light cut,HOME_CARE
en baby ku high no mild fever,HOME_CARE
pondati ku back light pain,HOME_CARE
payyanuku light cry,HOME_CARE
baby ku mild fever weak,HOME_CARE
en pregnant wife ku light swelling,HOME_CARE
magaluku light diarrhea,HOME_CARE
baby ku cry a lot mild,HOME_CARE
sister ku light thala vali,HOME_CARE
en ponnu ku light vomiting,HOME_CARE
wife ku pregnancy mild fever,HOME_CARE
chinnu ku light loose,HOME_CARE
en baby ku not active mild,HOME_CARE
pregnant ponnu ku light discomfort,HOME_CARE
baby ku cry mild fever,HOME_CARE
en pregnant wife ku mild spotting no,HOME_CARE
baby ku mild diarrhea 1 day,HOME_CARE
pregnant wife ku back light pain,HOME_CARE
en son ku light vomiting,HOME_CARE
baby ku mild fever not down,HOME_CARE
pregnant wife ku light swelling,HOME_CARE
en baby ku cry not feeding,HOME_CARE
son ku mild fever yesterday,HOME_CARE
pregnant wife ku stomach light pain,HOME_CARE
daughter ku rashes light itch,HOME_CARE
en baby ku small light cut leg,HOME_CARE
pregnant sister ku light vomiting,HOME_CARE
chinnu ku cry light weak,HOME_CARE
baby ku mild fever 1 day,HOME_CARE
en wife ku pregnancy back light pain,HOME_CARE
payyanuku light loose,HOME_CARE
baby ku feeding not full,HOME_CARE
pregnant ponnu ku light swelling,HOME_CARE
en magaluku mild fever,HOME_CARE
enga thathaku oru rendu naal light ah salli irukku paravaala,HOME_CARE
paati light thala vali sugar control la irukku,HOME_CARE
enga paatiku odambu valikuthu nethu irundhu saadharana dhaan,HOME_CARE
thatha mild irumal joint pain undu veetula marundhu saptu pakalam,HOME_CARE
enga appaku konjam thala vali BP tablet eduthukuren,HOME_CARE
light body pain,HOME_CARE
paati saadharana salli and weakness,HOME_CARE
enga thathaku cough irukku fever illa,HOME_CARE
mild headache grandpa,HOME_CARE
enga paatiku odambu konjam valikuthu joint pain old problem,HOME_CARE
thatha sugar high aana light tiredness,HOME_CARE
light salli since morning,HOME_CARE
enga thathaku BP irukku konjam thala suthuthu,HOME_CARE
paati mild cough,HOME_CARE
joint pain slight ah increase,HOME_CARE
enga paatiku fever illa aana body vali,HOME_CARE
thatha light stomach discomfort,HOME_CARE
mild salli paati,HOME_CARE
enga thathaku rendu naal light cold BP medicine eduthukuren,HOME_CARE
konjam thala vali,HOME_CARE
paati headache with mild joint pain,HOME_CARE
thatha mild cough 2 days,HOME_CARE
enga appaku sugar undu body konjam tired,HOME_CARE
light body pain grandpa,HOME_CARE
enga paatiku BP high aana light headache veetula paathukalam,HOME_CARE
mild stomach upset thatha,HOME_CARE
enga thathaku light loose motion sugar control panni paakuren,HOME_CARE
paati joint pain and tiredness,HOME_CARE
mild fever for 1 day,HOME_CARE
enga paatiku light body pain BP already irukku,HOME_CARE
odambu valikuthu mild thatha,HOME_CARE
paati light cold continuous,HOME_CARE
joint pain konjam,HOME_CARE
enga appaku fever illa aana light body pain,HOME_CARE
thatha BP high konjam dizziness,HOME_CARE
enga paatiku mild cough 2 days joint pain,HOME_CARE
light stomach discomfort thatha,HOME_CARE
enga thathaku sugar spike aana light weakness,HOME_CARE
mild cough and tiredness,HOME_CARE
paati mild fever BP check,HOME_CARE
thatha joint pain slight increase,HOME_CARE
enga paatiku light body pain 2 days,HOME_CARE
mild salli grandpa,HOME_CARE
light dizziness and weakness,HOME_CARE
enga thathaku mild diarrhea BP undu,HOME_CARE
light stomach ache grandma,HOME_CARE
enga appaku mild cough 3 days marundhu eduthen,HOME_CARE
sugar high konjam tired,HOME_CARE
light salli since yesterday,HOME_CARE
enga paatiku light headache,HOME_CARE
mild body pain cough,HOME_CARE
thatha BP high mild fever,HOME_CARE
paati tiredness joint pain,HOME_CARE
enga thathaku mild cold 2 days,HOME_CARE
enga paatiku light loose motion sugar problem,HOME_CARE
joint pain konjam increase,HOME_CARE
thatha light stomach pain since morning,HOME_CARE
mild fever with tiredness,HOME_CARE
enga thathaku BP high and light headache,HOME_CARE
light salli paati,HOME_CARE
fever illa aana light body pain,HOME_CARE
enga appaku joint pain romba illa sugar,HOME_CARE
light stomach upset thatha,HOME_CARE
enga paatiku mild fever 2 days BP check,HOME_CARE
light cough continuous,HOME_CARE
grandpa weakness mild body pain,HOME_CARE
enga thathaku mild cold dehydration illa,HOME_CARE
joint pain mild fever,HOME_CARE
thatha sugar high light dizziness,HOME_CARE
enga paatiku light stomach pain 2 days,HOME_CARE
mild fever grandpa,HOME_CARE
light cough grandfather,HOME_CARE
enga thathaku light headache with BP,HOME_CARE
body tiredness grandma,HOME_CARE
light stomach discomfort,HOME_CARE
thatha joint pain mild,HOME_CARE
enga appaku mild fever loose stools illa,HOME_CARE
sugar illa but high BP light,HOME_CARE
paati continuous light headache,HOME_CARE
enga paatiku joint pain konjam increase,HOME_CARE
mild fever 2 days grandpa,HOME_CARE
light cold since yesterday,HOME_CARE
thatha light stomach pain,HOME_CARE
enga thathaku tiredness sugar spike,HOME_CARE
light salli grandma,HOME_CARE
thala vali light dizziness,HOME_CARE
enga appaku BP high mild fever,HOME_CARE
light stomach ache grandpa,HOME_CARE
paati mild fever marundhu eduthen,HOME_CARE
enga paatiku light continuous cough,HOME_CARE
light body pain thatha,HOME_CARE
thala vali mild grandfather,HOME_CARE
enga thathaku mild fever joint pain,HOME_CARE
sugar high tiredness,HOME_CARE
light cough paati,HOME_CARE
light salli grandpa,HOME_CARE
enga paatiku BP high light headache,HOME_CARE
mild fever for 2 days,HOME_CARE
joint pain konjam increase grandpa,HOME_CARE
light stomach upset cold,HOME_CARE
enga thathaku body weakness konjam,HOME_CARE
mild fever BP,HOME_CARE
enga appaku light stomach pain,HOME_CARE
light cough thatha,HOME_CARE
sugar problem joint pain mild,HOME_CARE
paati mild fever,HOME_CARE
enga paatiku light body pain,HOME_CARE
thatha body tiredness,HOME_CARE
enga thathaku light headache mild fever,HOME_CARE
light continuous cold paati,HOME_CARE
joint pain mild thatha,HOME_CARE
enga appaku BP high light dizziness,HOME_CARE
light cough 2 days,HOME_CARE
mild fever grandma,HOME_CARE
enga paatiku sugar high mild weakness,HOME_CARE
enga thathaku mild fever medicine not needed,HOME_CARE
joint pain mild grandma,HOME_CARE
BP high light headache,HOME_CARE
enga paatiku light cough continuous,HOME_CARE
light stomach pain thatha,HOME_CARE
enga thathaku joint pain sugar,HOME_CARE
light headache grandma,HOME_CARE
body pain mild weakness,HOME_CARE
enga appaku light cold 2 days,HOME_CARE
light cough with tiredness,HOME_CARE
paati BP high mild fever,HOME_CARE
enga paatiku light stomach upset,HOME_CARE
thatha light headache,HOME_CARE
enga thathaku sugar high light cold,HOME_CARE
light body pain paati,HOME_CARE
mild continuous fever grandpa,HOME_CARE
enga paatiku weakness konjam,HOME_CARE
light stomach pain cold,HOME_CARE
high BP mild grandma,HOME_CARE
enga thathaku joint pain mild,HOME_CARE
mild fever body pain,HOME_CARE
enga appaku light headache with sugar,HOME_CARE
light body pain grandma,HOME_CARE
joint pain mild grandpa,HOME_CARE
mild fever 2 days paati,HOME_CARE
weakness high BP konjam,HOME_CARE
thatha light cold,HOME_CARE
paati sugar high mild weakness,HOME_CARE
light cough grandpa,HOME_CARE
mild fever dizziness,HOME_CARE
enga thathaku joint pain konjam bad,HOME_CARE
light dizziness grandpa,HOME_CARE
light continuous cold,HOME_CARE
light stomach upset grandma,HOME_CARE
en payyanukku mild ah kaichal saadharana dhaan,HOME_CARE
thala vali konjam irukku,HOME_CARE
en magalukku rain la nanainju light cold,HOME_CARE
odambu konjam valikithu paravaala,HOME_CARE
pesticide touch aagi kai la mild itch,HOME_CARE
en veetukararukku saadharana cough,HOME_CARE
light fever 1 day dhaan,HOME_CARE
enga ammaku thala vali illa aana odambu tired,HOME_CARE
mild ah salli varuthu,HOME_CARE
en ponnuku farm la work panni body pain slight,HOME_CARE
kaichal illa aana konjam thala vali,HOME_CARE
en appaku nethu irundhu light cough,HOME_CARE
saadharana body ache after rain,HOME_CARE
en pondati ku mild headache,HOME_CARE
light ah vayiru vali,HOME_CARE
enga payyanukku irumal konjam irukku,HOME_CARE
mild snake bite aana vali illa,HOME_CARE
odambu valikithu saadharana,HOME_CARE
en maganukku light cold from rain,HOME_CARE
en ammaku pesticide la mild rashes,HOME_CARE
fever illa aana konjam tired,HOME_CARE
en veetukarar mild body pain,HOME_CARE
salli and light cough,HOME_CARE
enga appa ku rain la nanainju saadharana cold,HOME_CARE
light ah thala vali varuthu,HOME_CARE
en ponnu konjam odambu vali,HOME_CARE
mild fever marundhu saptu ok,HOME_CARE
en payyanukku light irumal,HOME_CARE
thala vali illa aana konjam body pain,HOME_CARE
en pondatiku saadharana salli,HOME_CARE
farm la work panni slight ache,HOME_CARE
light cold nethu irundhu,HOME_CARE
en magalukku mild headache,HOME_CARE
kaichal konjam dhaan,HOME_CARE
enga amma ku light body pain,HOME_CARE
cough saadharana,HOME_CARE
en appaku mild rain effect,HOME_CARE
thala vali light ah,HOME_CARE
en veetukararukku konjam salli,HOME_CARE
odambu valikithu paravaala,HOME_CARE
en ponnukku light fever,HOME_CARE
mild pesticide itch,HOME_CARE
en payyan mild cold,HOME_CARE
enga pondati ku body pain slight,HOME_CARE
en maganukku irumal light,HOME_CARE
salli varuthu saadharana,HOME_CARE
en ammaku mild headache,HOME_CARE
light body ache after farm,HOME_CARE
en appa ku rain la cold konjam,HOME_CARE
thala vali illa but konjam vali,HOME_CARE
en veetukarar mild salli,HOME_CARE
odambu slight pain,HOME_CARE
kaichal saadharana dhaan,HOME_CARE
enga payyanukku body pain mild,HOME_CARE
en pondatiku thala vali konjam,HOME_CARE
mild rain effect,HOME_CARE
en magalukku salli paravaala,HOME_CARE
light ah odambu valikithu,HOME_CARE
en appaku mild fever,HOME_CARE
cough light,HOME_CARE
enga amma ku headache slight,HOME_CARE
farm work panni konjam pain,HOME_CARE
en veetukarar light body ache,HOME_CARE
salli illa aana konjam cough,HOME_CARE
en payyanukku mild thala vali,HOME_CARE
light fever,HOME_CARE
en ponnukku saadharana cold,HOME_CARE
odambu vali konjam,HOME_CARE
enga pondati ku mild salli,HOME_CARE
en magan mild pesticide reaction,HOME_CARE
en appa ku body pain saadharana,HOME_CARE
fever illa aana tired,HOME_CARE
en ammaku light irumal,HOME_CARE
mild cold from rain,HOME_CARE
en veetukararukku thala vali konjam,HOME_CARE
en ponnu mild fever,HOME_CARE
salli saadharana,HOME_CARE
enga payyanukku headache light,HOME_CARE
konjam odambu valikithu,HOME_CARE
en pondatiku light cough,HOME_CARE
mild rain cold,HOME_CARE
en magalukku salli,HOME_CARE
en appaku mild body ache,HOME_CARE
light fever dhaan,HOME_CARE
enga amma ku cough konjam,HOME_CARE
farm la konjam pain,HOME_CARE
odambu vali illa aana tired,HOME_CARE
en payyan light thala vali,HOME_CARE
en ponnukku mild headache,HOME_CARE
enga pondati ku body pain konjam,HOME_CARE
fever saadharana,HOME_CARE
en maganukku salli light,HOME_CARE
thala vali paravaala,HOME_CARE
en appa mild rain effect,HOME_CARE
odambu slight vali,HOME_CARE
en ammaku light fever,HOME_CARE
en veetukararukku headache konjam,HOME_CARE
en ponnu salli saadharana,HOME_CARE
enga payyanukku mild cold,HOME_CARE
light ache,HOME_CARE
en pondatiku cough konjam,HOME_CARE
saadharana fever illa,HOME_CARE
en magal mild body pain,HOME_CARE
thala vali light,HOME_CARE
en appaku salli,HOME_CARE
enga amma ku mild cough,HOME_CARE
rain la konjam cold,HOME_CARE
en veetukarar light fever,HOME_CARE
en payyanukku thala vali konjam,HOME_CARE
en ponnukku body pain saadharana,HOME_CARE
enga pondati ku mild headache,HOME_CARE
fever konjam,HOME_CARE
en magan salli light,HOME_CARE
en appa mild body ache,HOME_CARE
en ammaku light cold,HOME_CARE
mild rain pain,HOME_CARE
en veetukararukku thala vali slight,HOME_CARE
en ponnu mild salli,HOME_CARE
odambu konjam vali,HOME_CARE
enga payyan light cough,HOME_CARE
en pondatiku body pain mild,HOME_CARE
en magalukku fever konjam,HOME_CARE
en appaku mild salli,HOME_CARE
cough light ah,HOME_CARE
enga amma ku slight body pain,HOME_CARE
rain effect konjam,HOME_CARE
en veetukarar mild thala vali,HOME_CARE
en payyanukku salli saadharana,HOME_CARE
en ponnukku cough konjam,HOME_CARE
headache light,HOME_CARE
enga pondati ku mild cold,HOME_CARE
odambu vali slight,HOME_CARE
en magan light body pain,HOME_CARE
en appa saadharana salli,HOME_CARE
en veetukararukku light cold,HOME_CARE
en ponnu mild thala vali,HOME_CARE
salli light,HOME_CARE
enga payyan saadharana cough,HOME_CARE
en pondatiku mild body ache,HOME_CARE
rain la konjam pain,HOME_CARE
en magalukku light salli,HOME_CARE
en appaku mild cough,HOME_CARE
enga amma light fever,HOME_CARE
en payyanukku thala vali mild,HOME_CARE
en ponnukku light cold,HOME_CARE
slight ache,HOME_CARE
enga pondati ku mild fever,HOME_CARE
en magan light headache,HOME_CARE
body pain illa aana tired,HOME_CARE
en appa saadharana cold,HOME_CARE
rain effect slight,HOME_CARE
en veetukarar light body pain,HOME_CARE
enga payyanukku cough mild,HOME_CARE
என் பொண்டாட்டிக்கு கொஞ்சம் சளி பிடிச்சிருக்கு வீட்டு வைத்தியம் பாக்கலாமா,HOME_CARE
லைட்டா தலை வலி,HOME_CARE
எங்க அப்பாக்கு காய்ச்சல் இல்லை ஆனா நேத்துல இருந்து உடம்பு வலிக்குது,HOME_CARE
என் பையனுக்கு சாதாரண சளி,HOME_CARE
எங்க அம்மாவுக்கு லைட் தலைவலி,HOME_CARE
உடம்பு கொஞ்சம் வலிக்குது,HOME_CARE
என் பொண்ணுக்கு இருமல் கொஞ்சம் வருது,HOME_CARE
சளி பரவால,HOME_CARE
எங்க தாத்தாவுக்கு சாதாரணமா தான் உடம்பு சோர்வா இருக்கு,HOME_CARE
லைட் இருமல்,HOME_CARE
என் வீட்டுக்காரருக்கு தலை வலி இல்ல ஆனா கொஞ்சம் தளர்ச்சி,HOME_CARE
சாதாரண சளி,HOME_CARE
என் பையனுக்கு உடம்பு வலி லைட்,HOME_CARE
தலைவலி கொஞ்சம்,HOME_CARE
எங்க அம்மாக்கு சளி வருது வீட்டுல பார்த்துக்கலாம்,HOME_CARE
இருமல் லைட்,HOME_CARE
என் பொண்டாட்டிக்கு உடம்பு கொஞ்சம் வலிக்குது சாதாரணமா தான்,HOME_CARE
எங்க அப்பாக்கு சளி பிடிச்சிருக்கு,HOME_CARE
கொஞ்சம் சோர்வு,HOME_CARE
என் பொண்ணுக்கு தலைவலி லைட் ஆனா பரவால,HOME_CARE
சாதாரண இருமல்,HOME_CARE
எங்க பாட்டிக்கு உடம்பு வலி கொஞ்சம்,HOME_CARE
சளி வருது,HOME_CARE
என் மகனுக்கு லைட் தலைவலி வீட்டுல மருந்து கொடுக்கலாம்,HOME_CARE
உடம்பு சோர்வு,HOME_CARE
எங்க அக்காவுக்கு சளி இல்ல ஆனா கொஞ்சம் இருமல்,HOME_CARE
லைட் உடம்பு வலி,HOME_CARE
தலை வலி கொஞ்சம்,HOME_CARE
எங்க அம்மாவுக்கு இருமல் லைட்,HOME_CARE
சோர்வா இருக்கு,HOME_CARE
என் பொண்டாட்டிக்கு உடம்பு வலிக்குது ஆனா ரொம்ப இல்ல,HOME_CARE
எங்க அப்பாக்கு தலைவலி லைட்டா,HOME_CARE
இருமல் கொஞ்சம்,HOME_CARE
என் பொண்ணுக்கு சாதாரண உடம்பு சோர்வு,HOME_CARE
லைட் சளி,HOME_CARE
எங்க தாத்தா உடம்பு வலி கொஞ்சம்,HOME_CARE
தலைவலி இல்ல,HOME_CARE
என் வீட்டுக்காரருக்கு சளி வருது வீட்டுல பார்த்துக்கலாம்,HOME_CARE
கொஞ்சம் இருமல்,HOME_CARE
என் பையனுக்கு லைட் தலை வலி,HOME_CARE
உடம்பு கொஞ்சம் வலி,HOME_CARE
எங்க அம்மாக்கு சாதாரண சளி,HOME_CARE
சோர்வு,HOME_CARE
என் பொண்டாட்டிக்கு இருமல் லைட்,HOME_CARE
எங்க அப்பா உடம்பு வலிக்குது சாதாரணமா தான்,HOME_CARE
சளி,HOME_CARE
என் பொண்ணுக்கு லைட் சோர்வு,HOME_CARE
எங்க பாட்டிக்கு தலைவலி லைட்,HOME_CARE
உடம்பு வலி இல்ல,HOME_CARE
என் மகனுக்கு சளி பரவால,HOME_CARE
கொஞ்சம் தலை வலி,HOME_CARE
எங்க அக்கா உடம்பு சோர்வா இருக்கு,HOME_CARE
என் பையனுக்கு சாதாரண உடம்பு வலி,HOME_CARE
சளி கொஞ்சம்,HOME_CARE
எங்க அம்மாவுக்கு தலைவலி லைட்,HOME_CARE
இருமல்,HOME_CARE
என் பொண்டாட்டிக்கு சோர்வு சாதாரணமா தான்,HOME_CARE
எங்க அப்பாக்கு இருமல் கொஞ்சம்,HOME_CARE
உடம்பு வலி லைட்,HOME_CARE
என் பொண்ணுக்கு சளி வருது,HOME_CARE
எங்க தாத்தாவுக்கு லைட் உடம்பு சோர்வு,HOME_CARE
என் வீட்டுக்காரருக்கு தலை வலி இல்ல ஆனா சளி,HOME_CARE
கொஞ்சம் வலி,HOME_CARE
லைட் தலைவலி,HOME_CARE
எங்க அம்மாக்கு உடம்பு வலிக்குது கொஞ்சம்,HOME_CARE
இருமல் பரவால,HOME_CARE
எங்க அப்பா தலைவலி லைட்,HOME_CARE
என் பொண்ணுக்கு இருமல் கொஞ்சம்,HOME_CARE
எங்க பாட்டிக்கு சாதாரண சளி,HOME_CARE
என் மகனுக்கு உடம்பு வலி லைட்,HOME_CARE
எங்க அக்காவுக்கு லைட் தலைவலி,HOME_CARE
என் பையனுக்கு சோர்வா இருக்கு,HOME_CARE
எங்க அம்மாவுக்கு உடம்பு வலி கொஞ்சம்,HOME_CARE
என் பொண்டாட்டிக்கு தலை வலி லைட்,HOME_CARE
எங்க அப்பாக்கு சாதாரண இருமல்,HOME_CARE
என் பொண்ணுக்கு லைட் சளி,HOME_CARE
எங்க தாத்தா உடம்பு வலி லைட்,HOME_CARE
சாதாரண சோர்வு,HOME_CARE
என் வீட்டுக்காரருக்கு இருமல் கொஞ்சம்,HOME_CARE
என் பையனுக்கு சளி வருது,HOME_CARE
எங்க அம்மாக்கு லைட் சோர்வு,HOME_CARE
என் பொண்டாட்டிக்கு தலைவலி சாதாரணமா,HOME_CARE
எங்க அப்பா உடம்பு வலிக்குது லைட்,HOME_CARE
என் பொண்ணுக்கு சாதாரண இருமல்,HOME_CARE
எங்க பாட்டிக்கு தலை வலி கொஞ்சம்,HOME_CARE
என் மகனுக்கு லைட் சளி,HOME_CARE
எங்க அக்கா உடம்பு வலி லைட்,HOME_CARE
என் பையனுக்கு சாதாரண சோர்வு,HOME_CARE
எங்க அம்மாவுக்கு லைட் இருமல்,HOME_CARE
உடம்பு வலி கொஞ்சம்,HOME_CARE
என் பொண்டாட்டிக்கு தலைவலி லைட்,HOME_CARE
எங்க அப்பாக்கு உடம்பு சோர்வா இருக்கு,HOME_CARE
என் பொண்ணுக்கு லைட் தலைவலி,HOME_CARE
எங்க தாத்தாவுக்கு சாதாரண உடம்பு வலி,HOME_CARE
என் வீட்டுக்காரருக்கு இருமல் லைட்,HOME_CARE
என் பையனுக்கு சளி,HOME_CARE
எங்க அம்மாக்கு சாதாரண தலைவலி,HOME_CARE
எங்க அப்பா உடம்பு வலிக்குது,HOME_CARE
என் பொண்ணுக்கு தலை வலி சாதாரணமா,HOME_CARE
எங்க பாட்டிக்கு சளி லைட்,HOME_CARE
என் மகனுக்கு இருமல் கொஞ்சம்,HOME_CARE
எங்க அக்காவுக்கு சாதாரண சளி,HOME_CARE
எங்க அம்மாவுக்கு தலைவலி கொஞ்சம்,HOME_CARE
என் பொண்டாட்டிக்கு லைட் உடம்பு சோர்வு,HOME_CARE
என் பொண்ணுக்கு உடம்பு வலி லைட்,HOME_CARE
எங்க தாத்தா தலைவலி கொஞ்சம்,HOME_CARE
என் வீட்டுக்காரருக்கு சளி லைட்,HOME_CARE
என் பையனுக்கு சாதாரண தலைவலி,HOME_CARE
எங்க அம்மாக்கு இருமல் கொஞ்சம்,HOME_CARE
என் பொண்டாட்டிக்கு உடம்பு வலிக்குது லைட்,HOME_CARE
எங்க அப்பா சாதாரண சளி,HOME_CARE
என் மகனுக்கு இருமல்,HOME_CARE
எங்க அக்கா உடம்பு வலி சாதாரணமா,HOME_CARE
என் பையனுக்கு சளி கொஞ்சம்,HOME_CARE
எங்க அம்மாவுக்கு லைட் உடம்பு சோர்வு,HOME_CARE
என் பொண்டாட்டிக்கு சாதாரண இருமல்,HOME_CARE
எங்க அப்பாக்கு தலைவலி லைட்,HOME_CARE
என் பொண்ணுக்கு சோர்வு கொஞ்சம்,HOME_CARE
எங்க தாத்தாவுக்கு இருமல்,HOME_CARE
என் வீட்டுக்காரருக்கு உடம்பு வலி லைட்,HOME_CARE
என் பையனுக்கு லைட் தலைவலி,HOME_CARE
எங்க அம்மாக்கு சோர்வு,HOME_CARE
என் பொண்டாட்டிக்கு உடம்பு வலி சாதாரணமா,HOME_CARE
எங்க அப்பா தலைவலி கொஞ்சம்,HOME_CARE
என் பொண்ணுக்கு சளி லைட்,HOME_CARE
எங்க பாட்டிக்கு இருமல்,HOME_CARE
தலைவலி லைட்,HOME_CARE
என் மகனுக்கு சாதாரண உடம்பு சோர்வு,HOME_CARE
என் பையனுக்கு உடம்பு வலி கொஞ்சம்,HOME_CARE
எங்க அம்மாவுக்கு சளி,HOME_CARE
எங்க அப்பாக்கு சோர்வு லைட்,HOME_CARE
எங்க தாத்தா உடம்பு வலி சாதாரணமா,HOME_CARE
என் வீட்டுக்காரருக்கு சோர்வு,HOME_CARE
என் பையனுக்கு தலைவலி லைட்,HOME_CARE
எங்க அம்மாக்கு சளி கொஞ்சம்,HOME_CARE
என் பொண்டாட்டிக்கு லைட் இருமல்,HOME_CARE
எங்க அப்பா உடம்பு வலி,HOME_CARE
என் பொண்ணுக்கு சோர்வு லைட்,HOME_CARE
எங்க பாட்டிக்கு தலைவலி கொஞ்சம்,HOME_CARE
எங்க அக்கா இருமல்,HOME_CARE
என் பையனுக்கு சளி சாதாரணமா,HOME_CARE
எங்க அம்மாவுக்கு லைட் சோர்வு,HOME_CARE
எங்க அப்பாக்கு உடம்பு வலி லைட்,HOME_CARE
என் பொண்ணுக்கு இருமல் சாதாரணமா,HOME_CARE
எங்க தாத்தாவுக்கு தலைவலி கொஞ்சம்,HOME_CARE
பேபிக்கு கொஞ்சம் சளி பிடிச்சிருக்கு வீட்டு வைத்தியம் பாக்கலாம்,HOME_CARE
கர்ப்பிணி மனைவிக்கு லேசான தலை வலி,HOME_CARE
என் பையனுக்கு நேத்து இருந்து உடம்பு லேசா வலிக்குது சாதாரணமா தான்,HOME_CARE
பாப்பாவுக்கு இலேசான இருமல் வீட்டுல மருந்து கொடுத்து பார்க்கலாமா,HOME_CARE
சின்ன பொண்ணு கொஞ்சம் அழுகை ஆனா சரியா இருக்கு,HOME_CARE
லேசான காய்ச்சல் பேபிக்கு,HOME_CARE
என் கர்ப்பிணி பொண்டாட்டிக்கு கொஞ்சம் தலை சுத்துது,HOME_CARE
மகனுக்கு லேசான இருமல்,HOME_CARE
பேபிக்கு பால் கொஞ்சம் குறைஞ்சு வருது,HOME_CARE
சாதாரண தலை வலி என் மனைவிக்கு,HOME_CARE
என் பையனுக்கு கொஞ்சம் சளி,HOME_CARE
பேபிக்கு காய்ச்சல் இல்லை ஆனா கொஞ்சம் சோர்வா இருக்கு,HOME_CARE
கர்ப்பிணி பொண்ணுக்கு லேசான முதுகு வலி,HOME_CARE
சின்னு உடம்புல லேசான ரேஷ் பரவால,HOME_CARE
பேபிக்கு நேத்து இருந்து லேசான இருமல்,HOME_CARE
கர்ப்பிணி மனைவிக்கு கொஞ்சம் வாந்தி,HOME_CARE
மகளுக்கு உடம்பு லேசா வலிக்குது,HOME_CARE
பேபிக்கு மைல்ட் காய்ச்சல் சாதாரணமா தான்,HOME_CARE
லேசான சளி என் பையனுக்கு,HOME_CARE
பொண்டாட்டிக்கு கர்ப்பத்தில் லேசான தலை வலி,HOME_CARE
பேபி ரொம்ப அழுதுச்சு ஆனா சாதாரணம் தான்,HOME_CARE
சாதாரண காய்ச்சல் என் சின்னு பையனுக்கு,HOME_CARE
என் கர்ப்பிணி பொண்டாட்டிக்கு வயிறு லேசா வலி,HOME_CARE
பொண்ணுக்கு உடம்பு கொஞ்சம் வறட்சி,HOME_CARE
பேபிக்கு பால் கொஞ்சம் குறைவா வருது,HOME_CARE
லேசான உடம்பு வலி கர்ப்பிணி மனைவிக்கு,HOME_CARE
என் மகனுக்கு சளி ரெண்டு நாளா,HOME_CARE
பிள்ளைக்கு லேசான தலைவலி,HOME_CARE
பேபிக்கு கொஞ்சம் அழுகை,HOME_CARE
கர்ப்பிணி பொண்ணுக்கு கால் லேசா வலி,HOME_CARE
என் பையனுக்கு மைல்ட் காய்ச்சல்,HOME_CARE
பேபிக்கு பால் குடிக்கிறது சரியா இருக்கு,HOME_CARE
மகளுக்கு லேசான வயிற்றுப்போக்கு,HOME_CARE
லேசான சளி என் பேபிக்கு,HOME_CARE
என் கர்ப்பிணி மனைவிக்கு முதுகு கொஞ்சம் வலி,HOME_CARE
சின்னு உடம்புல லேசான அரிப்பு,HOME_CARE
பேபிக்கு லேசான இருமல்,HOME_CARE
பொண்டாட்டிக்கு கொஞ்சம் மயக்கம்,HOME_CARE
என் மகளுக்கு உடம்பு வலி சாதாரணம்,HOME_CARE
பேபிக்கு பால் முழுசா குடிக்கல ஆனா ஓகே,HOME_CARE
சாதாரண சளி என் பையனுக்கு,HOME_CARE
கர்ப்பிணி பொண்ணுக்கு தலைவலி லேசா,HOME_CARE
என் சின்னு அழுகை மற்றும் லேசான சளி,HOME_CARE
பேபிக்கு சின்ன காயம் பரவால,HOME_CARE
மனைவிக்கு கர்ப்பத்தில் லேசான அசௌகரியம்,HOME_CARE
மகனுக்கு கொஞ்சம் சோர்வு,HOME_CARE
என் கர்ப்பிணி அக்காவுக்கு கால் வீக்கம் லேசா,HOME_CARE
பேபி ரொம்ப அழுதுச்சு சாதாரணம்,HOME_CARE
லேசான காய்ச்சல் என் பொண்ணுக்கு,HOME_CARE
கர்ப்பிணி மனைவிக்கு லேசான ரத்தம் இல்ல,HOME_CARE
என் பையனுக்கு லேசான வயிற்றுப்போக்கு,HOME_CARE
பேபிக்கு லேசான சளி ரெண்டு நாளா,HOME_CARE
சின்னு உடம்பு வறட்சி,HOME_CARE
கர்ப்பிணி பொண்ணுக்கு முதுகு வலி கொஞ்சம்,HOME_CARE
என் மகனுக்கு லேசான வாந்தி,HOME_CARE
பேபிக்கு அழுகை மற்றும் பால் குறைவு,HOME_CARE
என் பேபிக்கு லேசான காய்ச்சல்,HOME_CARE
கர்ப்பிணி மனைவிக்கு வாந்தி சாதாரணம்,HOME_CARE
சின்னு உடம்பு முழுக்க லேசான ரேஷ்,HOME_CARE
கர்ப்பிணி பொண்ணுக்கு கை வீக்கம் லேசா,HOME_CARE
லேசான வயிறு வலி என் பேபிக்கு,HOME_CARE
பையனுக்கு லேசான காய்ச்சல்,HOME_CARE
என் மனைவிக்கு கர்ப்பத்தில் சாதாரணம்,HOME_CARE
மகளுக்கு வயிற்றுப்போக்கு ரெண்டு நாளா லேசா,HOME_CARE
பேபிக்கு காய்ச்சல் மற்றும் அழுகை,HOME_CARE
மகனுக்கு லேசான காய்ச்சல்,HOME_CARE
பேபி அழுது பால் குடிக்கல,HOME_CARE
லேசான சளி பேபிக்கு,HOME_CARE
பையனுக்கு லேசான ரேஷ்,HOME_CARE
பேபிக்கு லேசான காய்ச்சல் வயிற்றுப்போக்கு,HOME_CARE
என் சின்னு தொடர்ச்சியா அழுகை சாதாரணம்,HOME_CARE
கர்ப்பிணி பொண்ணுக்கு வாந்தி லேசா,HOME_CARE
மகனுக்கு மைல்ட் காய்ச்சல்,HOME_CARE
பேபிக்கு பால் குடிக்குறது குறைவு,HOME_CARE
என் மனைவிக்கு வீக்கம் லேசா,HOME_CARE
பேபிக்கு லேசான காய்ச்சல் ரெண்டு நாளா,HOME_CARE
கர்ப்பிணி மனைவிக்கு வயிறு லேசா வலி,HOME_CARE
என் பையனுக்கு அழுகை ரொம்ப,HOME_CARE
சின்னு ரேஷ் மற்றும் லேசான காய்ச்சல்,HOME_CARE
என் மகனுக்கு லேசான வயிற்றுப்போக்கு,HOME_CARE
பேபிக்கு அழுகை மற்றும் லேசான காய்ச்சல்,HOME_CARE
மனைவிக்கு லேசான மயக்கம்,HOME_CARE
மகளுக்கு லேசான வாந்தி,HOME_CARE
என் பேபிக்கு சுறுசுறுப்பு கொஞ்சம் குறைவு,HOME_CARE
கர்ப்பிணி மனைவிக்கு லேசான,HOME_CARE
சின்னு அழுகை நிற்கல ஆனா சரி,HOME_CARE
என் பேபிக்கு லேசான சளி மருந்து,HOME_CARE
மகளுக்கு லேசான ரேஷ்,HOME_CARE
என் கர்ப்பிணி பொண்ணுக்கு லேசான வலி,HOME_CARE
பேபிக்கு பால் முழுசா இல்ல,HOME_CARE
மனைவிக்கு கர்ப்பத்தில் லேசான,HOME_CARE
என் சின்னு லேசான வயிற்றுப்போக்கு,HOME_CARE
பையனுக்கு லேசான வாந்தி,HOME_CARE
என் பேபி அழுகை மற்றும் தூக்கம் குறைவு,HOME_CARE
சிஸ்டருக்கு கர்ப்ப வீக்கம் லேசா,HOME_CARE
பொண்ணுக்கு லேசான ரேஷ்,HOME_CARE
பேபிக்கு லேசான காய்ச்சல் அழுகை,HOME_CARE
மகனுக்கு லேசான வயிற்றுப்போக்கு,HOME_CARE
மனைவிக்கு லேசான வாந்தி கர்ப்பம்,HOME_CARE
என் சின்னு லேசான காய்ச்சல்,HOME_CARE
பேபிக்கு பால் சரியா இருக்கு,HOME_CARE
மகளுக்கு அழுகை ரொம்ப சாதாரணம்,HOME_CARE
பொண்டாட்டிக்கு முதுகு வலி லேசா,HOME_CARE
என் கர்ப்பிணி பொண்ணுக்கு லேசான மயக்கம்,HOME_CARE
மனைவிக்கு வீக்கம் லேசா,HOME_CARE
பேபிக்கு காய்ச்சல் ரெண்டு நாளா லேசா,HOME_CARE
என் பேபிக்கு தூக்கம் குறைவு,HOME_CARE
கர்ப்பிணி சிஸ்டருக்கு லேசான அசௌகரியம்,HOME_CARE
பொண்ணுக்கு மைல்ட் காய்ச்சல்,HOME_CARE
பேபிக்கு லேசான ரேஷ்,HOME_CARE
என் மனைவிக்கு தலைவலி லேசா,HOME_CARE
பேபிக்கு மைல்ட் காய்ச்சல்,HOME_CARE
என் பையனுக்கு லேசான வாந்தி,HOME_CARE
பேபி தொடர்ச்சியா அழுகை லேசா,HOME_CARE
சின்னு லேசான வீக்கம்,HOME_CARE
பேபிக்கு லேசான காய்ச்சல்,HOME_CARE
என் கர்ப்பிணி மனைவிக்கு வயிறு லேசா,HOME_CARE
மனைவிக்கு கர்ப்பத்தில் லேசான வலி,HOME_CARE
என் மகனுக்கு லேசான அழுகை,HOME_CARE
கர்ப்பிணி பொண்ணுக்கு லேசான வாந்தி,HOME_CARE
சின்னு சின்ன லேசான காயம்,HOME_CARE
என் பேபிக்கு லேசான உயர் காய்ச்சல் இல்ல,HOME_CARE
பொண்டாட்டிக்கு முதுகு லேசான வலி,HOME_CARE
பையனுக்கு லேசான அழுகை,HOME_CARE
பேபிக்கு லேசான காய்ச்சல் பலவீனம்,HOME_CARE
என் கர்ப்பிணி மனைவிக்கு லேசான வீக்கம்,HOME_CARE
பேபி ரொம்ப அழுகை லேசா,HOME_CARE
சிஸ்டருக்கு தலைவலி லேசா,HOME_CARE
என் பொண்ணுக்கு லேசான வாந்தி,HOME_CARE
மனைவிக்கு கர்ப்பத்தில் லேசான காய்ச்சல்,HOME_CARE
சின்னு லேசான வயிற்றுப்போக்கு,HOME_CARE
என் பேபிக்கு சுறுசுறுப்பு லேசா குறைவு,HOME_CARE
கர்ப்பிணி பொண்ணுக்கு லேசான அசௌகரியம்,HOME_CARE
பேபிக்கு அழுகை லேசான காய்ச்சல்,HOME_CARE
என் கர்ப்பிணி மனைவிக்கு லேசான ரத்தம் இல்ல,HOME_CARE
பேபிக்கு லேசான வயிற்றுப்போக்கு ஒரு நாளா,HOME_CARE
மனைவிக்கு முதுகு லேசான வலி,HOME_CARE
பேபிக்கு லேசான காய்ச்சல் இறங்கல,HOME_CARE
கர்ப்பிணி மனைவிக்கு லேசான வீக்கம்,HOME_CARE
என் பேபி அழுகை பால் குடிக்கல,HOME_CARE
மகனுக்கு லேசான காய்ச்சல் நேத்து,HOME_CARE
கர்ப்பிணி மனைவிக்கு வயிறு லேசான வலி,HOME_CARE
மகளுக்கு ரேஷ் லேசான அரிப்பு,HOME_CARE
என் பேபிக்கு சின்ன லேசான காயம் கால்ல,HOME_CARE
கர்ப்பிணி சிஸ்டருக்கு லேசான வாந்தி,HOME_CARE
சின்னு அழுகை லேசான பலவீனம்,HOME_CARE
பேபிக்கு லேசான காய்ச்சல் ஒரு நாளா,HOME_CARE
என் மனைவிக்கு கர்ப்பத்தில் முதுகு லேசான வலி,HOME_CARE
பையனுக்கு லேசான வயிற்றுப்போக்கு,HOME_CARE
பேபிக்கு பால் முழுசா குடிக்கல,HOME_CARE
கர்ப்பிணி பொண்ணுக்கு லேசான வீக்கம்,HOME_CARE
என் மகளுக்கு மைல்ட் காய்ச்சல்,HOME_CARE
என் பாட்டிக்கு கொஞ்சம் மூட்டு வலி இருக்கு வீட்டு வைத்தியம் பாக்கலாமா,HOME_CARE
எங்க தாத்தாவுக்கு சர்க்கரை கொஞ்சம் அதிகமா இருக்கு ஆனா காய்ச்சல் இல்ல,HOME_CARE
பாட்டி உடம்பு பலவீனமா இருக்கு சாதாரணமா தான்,HOME_CARE
எங்க அப்பாக்கு பிபி லைட்டா ஏறுது,HOME_CARE
தாத்தா கால் வலிக்குது நடக்க முடியல கொஞ்சம்,HOME_CARE
என் பொண்டாட்டிக்கு தலைவலி வருது ஆனா மருந்து சாப்பிட்டா சரியாகுது,HOME_CARE
பாட்டிக்கு வயசு வலி கொஞ்சம் இருக்கு வீட்டுல பார்த்துக்கலாம்,HOME_CARE
எங்க தாத்தாவுக்கு சளி பிடிச்சிருக்கு சல்லி பரவால,HOME_CARE
அப்பாவுக்கு உடம்பு வலி ஆனா காய்ச்சல் இல்லை,HOME_CARE
பாட்டி சர்க்கரை கட்டுப்பாட்டுல இருக்கு,HOME_CARE
தாத்தா மூட்டு வலி வருது ஆனா நடக்கலாம்,HOME_CARE
என் பாட்டிக்கு பலவீனம் இருக்கு வீட்டு வைத்தியம்,HOME_CARE
எங்க அம்மாக்கு பிபி சரியில்ல கொஞ்சம்,HOME_CARE
தாத்தாவுக்கு தலை சுத்துது லைட்டா,HOME_CARE
பாட்டி கை வலிக்குது சாதாரண வலி தான்,HOME_CARE
எங்க தாத்தாவுக்கு சர்க்கரை பிரச்சனை பழையது,HOME_CARE
அப்பாக்கு உடம்பு சோர்வா இருக்கு,HOME_CARE
பாட்டிக்கு முதுகு வலி கொஞ்சம்,HOME_CARE
தாத்தா நெஞ்சு வலி இல்லை ஆனா மூச்சு சிரமம் லைட்,HOME_CARE
என் பாட்டிக்கு கண் பார்வை கொஞ்சம் மங்குது வயசு காரணமா,HOME_CARE
தாத்தா கால் வீங்கல கொஞ்சம்,HOME_CARE
பாட்டி உடம்பு வலிக்குது ஆனா வேலை செய்யலாம்,HOME_CARE
எங்க அப்பாக்கு பிபி மருந்து சாப்பிடுறாரு,HOME_CARE
தாத்தாவுக்கு வயிறு அசௌகரியம் லைட்டா,HOME_CARE
பாட்டிக்கு தொண்டை கட்டுது சளி,HOME_CARE
என் பொண்டாட்டி பாட்டிக்கு மூட்டு வலி,HOME_CARE
தாத்தா சர்க்கரை டெஸ்ட் பண்ணணும் ஆனா சரியா தான் இருக்கு,HOME_CARE
பாட்டி பலவீனமா இருந்தாலும் சாப்பிடுறா,HOME_CARE
எங்க தாத்தாவுக்கு தலைவலி வருது,HOME_CARE
அம்மா உடம்பு சோர்வு,HOME_CARE
தாத்தா கை கால் வலி வயசு ஆகுது,HOME_CARE
பாட்டிக்கு பிபி லேசா அதிகம்,HOME_CARE
என் பாட்டிக்கு சளி இருக்கு வீட்டுல பார்க்கலாம்,HOME_CARE
தாத்தாவுக்கு மூட்டு வலி அதிகமில்ல,HOME_CARE
பாட்டி சர்க்கரை கட்டுப்பாடா இருக்கு,HOME_CARE
எங்க அப்பாக்கு உடம்பு வலிக்குது ஆனா ஓய்வு எடுத்தா சரி,HOME_CARE
தாத்தா தலை சுத்தல் லைட்,HOME_CARE
பாட்டிக்கு கழுத்து வலி,HOME_CARE
என் தாத்தாவுக்கு பலவீனம் வயசு காரணமா,HOME_CARE
பாட்டி மருந்து சாப்பிட்டா உடம்பு சரியாகுது,HOME_CARE
தாத்தா சல்லி பரவால இல்ல,HOME_CARE
எங்க பாட்டிக்கு வயிறு வலி கொஞ்சம்,HOME_CARE
அப்பா உடம்பு நல்லா இல்ல ஆனா ஆபத்து இல்ல,HOME_CARE
தாத்தாவுக்கு பிபி மருந்து தொடர்ந்து,HOME_CARE
பாட்டி மூட்டு வலி வீட்டு வைத்தியம் பண்ணலாம்,HOME_CARE
என் அப்பாக்கு சர்க்கரை சோதனை வேணும்,HOME_CARE
தாத்தா தொண்டை வலி லேசா,HOME_CARE
பாட்டிக்கு கால் வீக்கம் கொஞ்சம்,HOME_CARE
எங்க தாத்தாவுக்கு உடம்பு வலி சாதாரணம்,HOME_CARE
பாட்டி பலவீனம் ஆனா சாப்பாடு சரி,HOME_CARE
தாத்தா தலைவலி இல்லை ஆனா உடம்பு சோர்வு,HOME_CARE
என் பாட்டிக்கு முதுகு வலிக்குது,HOME_CARE
அப்பாக்கு சளி பிடிச்சு இருக்கு,HOME_CARE
தாத்தாவுக்கு வயசு வலி எல்லாம் சரியா தான்,HOME_CARE
பாட்டி சர்க்கரை கொஞ்சம் ஏறுது ஆனா கவலை இல்ல,HOME_CARE
எங்க பாட்டிக்கு கண்ணு எரிச்சல்,HOME_CARE
தாத்தா கை வலி,HOME_CARE
பாட்டிக்கு பிபி சரியில்ல லைட்,HOME_CARE
என் தாத்தாவுக்கு மூட்டு வலி பழைய பிரச்சனை,HOME_CARE
பாட்டி உடம்பு பலவீனமா இருக்கு வீட்டுல,HOME_CARE
தாத்தா சர்க்கரை கட்டுப்பாடு,HOME_CARE
எங்க அம்மாக்கு தலை வலி வருது,HOME_CARE
பாட்டிக்கு வயிறு அசௌகரியம்,HOME_CARE
தாத்தாவுக்கு கால் வலி ஆனா நடக்கலாம்,HOME_CARE
என் பாட்டிக்கு சளி வருது சாதாரணம்,HOME_CARE
அப்பா உடம்பு வலி கொஞ்சம்,HOME_CARE
தாத்தா பிபி ஏறுது மருந்து இருக்கு,HOME_CARE
பாட்டி மூட்டு வலி லேசா,HOME_CARE
எங்க தாத்தாவுக்கு பலவீனம்,HOME_CARE
பாட்டிக்கு தொண்டை கட்டல்,HOME_CARE
தாத்தா தலை சுத்துது,HOME_CARE
என் அப்பாக்கு சர்க்கரை பழையது,HOME_CARE
பாட்டி உடம்பு சோர்வு,HOME_CARE
தாத்தாவுக்கு முதுகு வலி,HOME_CARE
எங்க பாட்டிக்கு கை கால் வலி,HOME_CARE
அப்பா தலைவலி இல்ல,HOME_CARE
தாத்தா வீட்டு வைத்தியம் பண்ணலாம்,HOME_CARE
பாட்டிக்கு பிபி சரி,HOME_CARE
என் தாத்தாவுக்கு உடம்பு வலிக்குது ஆனா சரியாகும்,HOME_CARE
பாட்டி சளி பிடிச்சிருக்கு,HOME_CARE
தாத்தாவுக்கு சர்க்கரை லைட்டா,HOME_CARE
எங்க அப்பாக்கு மூட்டு வலி,HOME_CARE
பாட்டிக்கு பலவீனம் வயசு,HOME_CARE
தாத்தா காய்ச்சல் இல்லை ஆனா உடம்பு வலி,HOME_CARE
என் பாட்டிக்கு தலைவலி லேசா,HOME_CARE
அம்மாக்கு வயிறு வலி கொஞ்சம்,HOME_CARE
தாத்தாவுக்கு பிபி மருந்து,HOME_CARE
பாட்டி கால் வீங்குது லைட்,HOME_CARE
எங்க தாத்தாவுக்கு சோர்வு,HOME_CARE
பாட்டிக்கு முதுகு வலி சாதாரணம்,HOME_CARE
தாத்தா சளி,HOME_CARE
என் அப்பாக்கு உடம்பு பலவீனம்,HOME_CARE
பாட்டி தொண்டை வலி,HOME_CARE
தாத்தாவுக்கு மூட்டு வலி ஆனா வேலை செய்யலாம்,HOME_CARE
எங்க பாட்டிக்கு சர்க்கரை சரி,HOME_CARE
தாத்தா தலை சுத்தல்,HOME_CARE
பாட்டிக்கு பிபி லைட்,HOME_CARE
என் தாத்தாவுக்கு வயசு வலி,HOME_CARE
பாட்டி உடம்பு வலி கொஞ்சம்,HOME_CARE
தாத்தாவுக்கு சர்க்கரை பிரச்சனை இல்ல,HOME_CARE
எங்க அப்பாக்கு தலைவலி,HOME_CARE
பாட்டிக்கு கை வலி,HOME_CARE
தாத்தா பலவீனமா இருக்கு,HOME_CARE
என் பாட்டிக்கு மூட்டு வலி வீட்டுல பார்க்கலாம்,HOME_CARE
தாத்தாவுக்கு உடம்பு சோர்வு,HOME_CARE
பாட்டி சளி பிடிச்சிருக்கு வீட்டு வைத்தியம்,HOME_CARE
அப்பாக்கு பிபி அதிகமில்ல,HOME_CARE
தாத்தா கால் வலி லேசா,HOME_CARE
எங்க பாட்டிக்கு தொண்டை கட்டுது,HOME_CARE
பாட்டி வயிறு அசௌகரியம்,HOME_CARE
என் அம்மாக்கு உடம்பு வலி,HOME_CARE
பாட்டிக்கு பலவீனம்,HOME_CARE
பாட்டி மூட்டு வலி சரியா தான்,HOME_CARE
தாத்தாவுக்கு பிபி சோதனை,HOME_CARE
என் பாட்டிக்கு கால் வீக்கம்,HOME_CARE
அப்பா உடம்பு பலவீனம்,HOME_CARE
தாத்தா சளி இல்ல ஆனா வலி இருக்கு,HOME_CARE
பாட்டிக்கு தலை சுத்துது,HOME_CARE
எங்க அப்பாக்கு முதுகு வலி,HOME_CARE
தாத்தாவுக்கு வயசு பிரச்சனை,HOME_CARE
பாட்டி சர்க்கரை லைட்டா ஏறுது,HOME_CARE
என் தாத்தாவுக்கு உடம்பு வலிக்குது,HOME_CARE
பாட்டிக்கு பிபி மருந்து,HOME_CARE
தாத்தா கை கால் வலி,HOME_CARE
எங்க பாட்டிக்கு சோர்வு,HOME_CARE
அப்பாக்கு தொண்டை வலி,HOME_CARE
தாத்தாவுக்கு மூட்டு வலி பழையது,HOME_CARE
பாட்டி உடம்பு சரியில்ல லைட்,HOME_CARE
என் அப்பாக்கு சளி பிடிச்சிருக்கு,HOME_CARE
தாத்தா பலவீனம்,HOME_CARE
பாட்டிக்கு தலைவலி,HOME_CARE
எங்க தாத்தாவுக்கு சர்க்கரை சரி,HOME_CARE
பாட்டி கால் வலி,HOME_CARE
தாத்தாவுக்கு பிபி லைட்,HOME_CARE
என் பாட்டிக்கு முதுகு வலி கொஞ்சம்,HOME_CARE
அப்பா உடம்பு வலி,HOME_CARE
தாத்தாவுக்கு வயிறு வலி லேசா,HOME_CARE
பாட்டிக்கு சளி,HOME_CARE
எங்க அம்மாக்கு பலவீனம்,HOME_CARE
தாத்தா மூட்டு வலி,HOME_CARE
பாட்டிக்கு தலை சுத்தல்,HOME_CARE
என் தாத்தாவுக்கு உடம்பு சோர்வு,HOME_CARE
பாட்டி பிபி சரியா இருக்கு,HOME_CARE
தாத்தாவுக்கு சர்க்கரை,HOME_CARE
எங்க பாட்டிக்கு கை வலி,HOME_CARE
அப்பாக்கு தொண்டை கட்டுது,HOME_CARE
தாத்தா வயசு வலி,HOME_CARE
பாட்டிக்கு முதுகு வலி,HOME_CARE
தாத்தாவுக்கு சளி பிடிச்சிருக்கு,HOME_CARE
பாட்டி தலைவலி லேசா,HOME_CARE
பாட்டிக்கு பிபி ஏறுது ஆனா சரி,HOME_CARE
தாத்தா சர்க்கரை கட்டுப்பாட்டுல,HOME_CARE
என் பாட்டிக்கு உடம்பு வலி,HOME_CARE
அப்பா கால் வீங்குது,HOME_CARE
தாத்தாவுக்கு தலை சுத்துது,HOME_CARE
பாட்டி பலவீனமா,HOME_CARE
எங்க அப்பாக்கு வயிறு அசௌகரியம்,HOME_CARE
என் தாத்தாவுக்கு பிபி மருந்து,HOME_CARE
எங்க பாட்டிக்கு தலைவலி,HOME_CARE
அப்பாக்கு சர்க்கரை,HOME_CARE
பாட்டிக்கு தொண்டை வலி,HOME_CARE
என் அம்மாக்கு பலவீனம்,HOME_CARE
பாட்டி உடம்பு வலி,HOME_CARE
எங்க தாத்தாவுக்கு சளி,HOME_CARE
என் பாட்டிக்கு சர்க்கரை சோதனை,HOME_CARE
அப்பா தலை சுத்துது,HOME_CARE
தாத்தாவுக்கு உடம்பு வலி,HOME_CARE
பாட்டி பலவீனம்,HOME_CARE
தாத்தா சளி பிடிச்சிருக்கு,HOME_CARE
என் தாத்தாவுக்கு பிபி,HOME_CARE
எங்க பாட்டிக்கு உடம்பு சோர்வு,HOME_CARE
அப்பாக்கு மூட்டு வலி,HOME_CARE
தாத்தா தொண்டை கட்டுது,HOME_CARE
பாட்டிக்கு வயிறு வலி,HOME_CARE
என் அப்பாக்கு பலவீனம்,HOME_CARE
தாத்தாவுக்கு தலைவலி,HOME_CARE
பாட்டி சளி,HOME_CARE
எங்க தாத்தாவுக்கு பிபி லைட்,HOME_CARE
தாத்தா உடம்பு வலி,HOME_CARE
என் பாட்டிக்கு சர்க்கரை,HOME_CARE
அப்பா கை வலி,HOME_CARE
தாத்தாவுக்கு மூட்டு வலி,HOME_CARE
எங்க அம்மாக்கு தலை சுத்துது,HOME_CARE
என் பையனுக்கு மழையில நனைஞ்சு லைட் இருமல்,HOME_CARE
சாதாரணமா உடம்பு வலி,HOME_CARE
என் மகளுக்கு லைட்டா தலை வலி,HOME_CARE
பூச்சி மருந்து பட்டு மைல்ட் அரிப்பு,HOME_CARE
எங்க அம்மாவுக்கு சளி பரவால,HOME_CARE
கொஞ்சம் உடம்பு வலிக்குது,HOME_CARE
என் பொண்டாட்டிக்கு லைட் காய்ச்சல்,HOME_CARE
மழை வேலை செஞ்சு லைட்டா சளி,HOME_CARE
தலை வலி சாதாரணம் தான்,HOME_CARE
என் பையனுக்கு உடம்பு கொஞ்சம் வலி,HOME_CARE
எங்க அப்பாக்கு லைட்டா இருமல்,HOME_CARE
காய்ச்சல் இல்ல ஆனா உடம்பு சோர்வு,HOME_CARE
என் மகளுக்கு மழைல நனைஞ்சு கொஞ்சம் சளி,HOME_CARE
என் அப்பாவுக்கு பூச்சி மருந்து மைல்ட் ரேஷ்,HOME_CARE
உடம்பு வலி சாதாரணம்,HOME_CARE
என் பொண்டாட்டிக்கு லைட்டா சளி,HOME_CARE
நேத்து மழையில வேலை செஞ்சு கொஞ்சம் குளிர்,HOME_CARE
தலை வலி இல்ல ஆனா உடம்பு வலி,HOME_CARE
என் பையனுக்கு மைல்ட் தலை வலி,HOME_CARE
எங்க அம்மாவுக்கு லைட் உடம்பு வலி,HOME_CARE
என் மகனுக்கு மழை எஃபெக்ட் லைட்,HOME_CARE
லைட்டா காய்ச்சல்,HOME_CARE
என் பொண்டாட்டிக்கு உடம்பு சோர்வு சாதாரணம்,HOME_CARE
பூச்சி தொட்டு மைல்ட் அரிப்பு,HOME_CARE
எங்க அப்பாக்கு லைட் சளி,HOME_CARE
உடம்பு வலிக்குது ஆனா பரவால,HOME_CARE
என் பையனுக்கு மைல்ட் இருமல்,HOME_CARE
காய்ச்சல் இல்லை ஆனா கொஞ்சம் வலி,HOME_CARE
என் மகளுக்கு மழைல சளி,HOME_CARE
லைட் தலை வலி,HOME_CARE
என் அம்மாவுக்கு உடம்பு வலி சாதாரணம்,HOME_CARE
சளி கொஞ்சம் வருது,HOME_CARE
என் பொண்டாட்டிக்கு லைட்டா உடம்பு வலி,HOME_CARE
எங்க வீட்டுக்காரருக்கு லைட் காய்ச்சல்,HOME_CARE
தலை வலி பரவால,HOME_CARE
என் பையனுக்கு மழை வேலை கொஞ்சம் சளி,HOME_CARE
என் மகனுக்கு இருமல் சாதாரணம்,HOME_CARE
கொஞ்சம் தலைவலி,HOME_CARE
எங்க அப்பாக்கு பூச்சி மருந்து லைட் ரியாக்ஷன்,HOME_CARE
சளி இல்ல ஆனா உடம்பு சோர்வு,HOME_CARE
என் பொண்டாட்டிக்கு லைட் தலை வலி,HOME_CARE
மழையில நனைஞ்சு கொஞ்சம் குளிர்,HOME_CARE
என் மகளுக்கு உடம்பு வலி மைல்ட்,HOME_CARE
என் அம்மாவுக்கு லைட்டா இருமல்,HOME_CARE
காய்ச்சல் கொஞ்சம்,HOME_CARE
என் பையனுக்கு தலை வலி லைட்,HOME_CARE
உடம்பு வலிக்குது பரவால,HOME_CARE
எங்க வீட்டுக்காரருக்கு மழை எஃபெக்ட்,HOME_CARE
என் பொண்டாட்டிக்கு கொஞ்சம் உடம்பு வலி,HOME_CARE
தலைவலி சாதாரணம்,HOME_CARE
என் மகனுக்கு லைட்டா சளி,HOME_CARE
எங்க அப்பாக்கு மைல்ட் உடம்பு வலி,HOME_CARE
காய்ச்சல் இல்ல,HOME_CARE
என் மகளுக்கு பூச்சி அரிப்பு லைட்,HOME_CARE
என் அம்மாவுக்கு லைட் தலை வலி,HOME_CARE
மழைல கொஞ்சம் வலி,HOME_CARE
என் பையனுக்கு உடம்பு சோர்வு,HOME_CARE
லைட்டா இருமல்,HOME_CARE
என் பொண்டாட்டிக்கு சாதாரண சளி,HOME_CARE
எங்க அப்பாக்கு மைல்ட் காய்ச்சல்,HOME_CARE
என் மகளுக்கு இருமல் லைட்,HOME_CARE
பரவால உடம்பு வலி,HOME_CARE
என் அம்மாவுக்கு மழை சளி,HOME_CARE
லைட்டா உடம்பு வலி,HOME_CARE
என் பொண்டாட்டிக்கு தலை வலி மைல்ட்,HOME_CARE
என் பையனுக்கு லைட் காய்ச்சல்,HOME_CARE
உடம்பு வலிக்குது,HOME_CARE
எங்க வீட்டுக்காரருக்கு மைல்ட் இருமல்,HOME_CARE
தலைவலி இல்ல ஆனா சோர்வு,HOME_CARE
என் மகனுக்கு சளி சாதாரணம்,HOME_CARE
என் மகளுக்கு கொஞ்சம் தலை வலி,HOME_CARE
மழை எஃபெக்ட் லைட்,HOME_CARE
என் அப்பாக்கு லைட்டா சளி,HOME_CARE
என் பொண்டாட்டிக்கு உடம்பு வலி மைல்ட்,HOME_CARE
காய்ச்சல் சாதாரணம்,HOME_CARE
மழையில கொஞ்சம் வலி,HOME_CARE
என் மகனுக்கு மைல்ட் இருமல்,HOME_CARE
என் பொண்டாட்டிக்கு சளி லைட்,HOME_CARE
என் மகளுக்கு லைட்டா காய்ச்சல்,HOME_CARE
பூச்சி மைல்ட் அரிப்பு,HOME_CARE
எங்க அப்பாக்கு கொஞ்சம் தலை வலி,HOME_CARE
என் பையனுக்கு மழைல உடம்பு வலி,HOME_CARE
என் அம்மாவுக்கு சாதாரண சளி,HOME_CARE
என் பொண்டாட்டிக்கு லைட் உடம்பு வலி,HOME_CARE
கொஞ்சம் காய்ச்சல்,HOME_CARE
என் மகனுக்கு தலைவலி லைட்,HOME_CARE
சளி இல்ல ஆனா சோர்வு,HOME_CARE
என் மகளுக்கு மைல்ட் இருமல்,HOME_CARE
எங்க வீட்டுக்காரருக்கு லைட் சளி,HOME_CARE
தலை வலி சாதாரணம்,HOME_CARE
என் பையனுக்கு மழை எஃபெக்ட்,HOME_CARE
என் பொண்டாட்டிக்கு கொஞ்சம் தலை வலி,HOME_CARE
என் அப்பாக்கு லைட் காய்ச்சல்,HOME_CARE
என் மகளுக்கு உடம்பு சோர்வு,HOME_CARE
என் அம்மாவுக்கு மைல்ட் சளி,HOME_CARE
என் பொண்டாட்டிக்கு லைட்டா இருமல்,HOME_CARE
உடம்பு வலி பரவால,HOME_CARE
என் பையனுக்கு சாதாரண தலை வலி,HOME_CARE
உடம்பு வலிக்குது சாதாரணம்,HOME_CARE
என் பொண்டாட்டிக்கு மழை சளி,HOME_CARE
லைட்டா தலைவலி,HOME_CARE
என் அம்மாவுக்கு கொஞ்சம் உடம்பு வலி,HOME_CARE
எங்க வீட்டுக்காரருக்கு தலை வலி மைல்ட்,HOME_CARE
என் மகளுக்கு சளி லைட்,HOME_CARE
கொஞ்சம் உடம்பு வலி,HOME_CARE
என் அப்பாக்கு மைல்ட் இருமல்,HOME_CARE
மழை எஃபெக்ட்,HOME_CARE
என் மகனுக்கு சாதாரண சளி,HOME_CARE
காய்ச்சல் இல்ல ஆனா சோர்வு,HOME_CARE
என் மகளுக்கு லைட் உடம்பு வலி,HOME_CARE
எங்க அம்மாவுக்கு தலை வலி லைட்,HOME_CARE
என் பொண்டாட்டிக்கு மைல்ட் காய்ச்சல்,HOME_CARE
என் பையனுக்கு மழைல சளி,HOME_CARE
என் அப்பாக்கு லைட்டா இருமல்,HOME_CARE
உடம்பு சோர்வு பரவால,HOME_CARE
என் மகளுக்கு மைல்ட் தலை வலி,HOME_CARE
சளி லைட்,HOME_CARE
என் அம்மாவுக்கு உடம்பு வலி கொஞ்சம்,HOME_CARE
தலை வலி இல்ல,HOME_CARE
என் பையனுக்கு மைல்ட் உடம்பு வலி,HOME_CARE
எங்க அப்பாக்கு சளி பரவால,HOME_CARE
என் மகனுக்கு லைட் காய்ச்சல்,HOME_CARE
என் மகளுக்கு சாதாரண இருமல்,HOME_CARE
என் பொண்டாட்டிக்கு மழை வலி லைட்,HOME_CARE
என் அம்மாவுக்கு உடம்பு சோர்வு,HOME_CARE
லைட்டா சளி,HOME_CARE
என் பையனுக்கு தலைவலி மைல்ட்,HOME_CARE
எங்க வீட்டுக்காரருக்கு லைட் இருமல்,HOME_CARE
என் மகளுக்கு மைல்ட் உடம்பு வலி,HOME_CARE
என் அப்பாக்கு சாதாரண சளி,HOME_CARE
என் பையனுக்கு இருமல் லைட்,HOME_CARE
என் மகனுக்கு மழை எஃபெக்ட்,HOME_CARE
என் மகளுக்கு உடம்பு வலி லைட்,HOME_CARE
எங்க அம்மாவுக்கு சளி மைல்ட்,HOME_CARE
என் பொண்டாட்டிக்கு லைட்டா உடம்பு சோர்வு,HOME_CARE
என் அப்பாக்கு மைல்ட் தலைவலி,HOME_CARE
என் மகளுக்கு லைட் இருமல்,HOME_CARE
my daughter has a mild cold and cough we gave her syrup,HOME_CARE
light headache since morning,HOME_CARE
my father has no fever just body ache after farm work,HOME_CARE
my son has mild cough for 2 days,HOME_CARE
light body ache,HOME_CARE
my wife feels tired after household work,HOME_CARE
mild cold symptoms,HOME_CARE
my mother has slight throat pain we tried home remedies,HOME_CARE
headache not severe,HOME_CARE
my daughter has light body pain since yesterday,HOME_CARE
my husband has general tiredness no fever,HOME_CARE
slight headache,HOME_CARE
my son feels mild cold,HOME_CARE
body ache after work,HOME_CARE
my father has light cough we can manage at home,HOME_CARE
mild tiredness,HOME_CARE
my mother has slight throat discomfort,HOME_CARE
my wife has mild body ache since morning,HOME_CARE
cough not bad,HOME_CARE
my daughter feels tired after playing,HOME_CARE
my son has light headache,HOME_CARE
slight body pain,HOME_CARE
my father has mild cough for one day,HOME_CARE
tiredness only,HOME_CARE
my mother has no fever but light cold,HOME_CARE
headache mild,HOME_CARE
my husband feels body ache after farm,HOME_CARE
my daughter has slight cough,HOME_CARE
light tiredness,HOME_CARE
my son has mild throat pain we gave warm water,HOME_CARE
body ache not severe,HOME_CARE
my wife has light cold symptoms,HOME_CARE
my father feels tired since afternoon,HOME_CARE
my mother has mild body ache,HOME_CARE
my daughter has no fever just tiredness,HOME_CARE
my son has slight body pain after playing,HOME_CARE
my husband feels light headache,HOME_CARE
tiredness after work,HOME_CARE
my father has mild cold we can handle,HOME_CARE
slight throat pain,HOME_CARE
my mother has body ache mild,HOME_CARE
my wife has tiredness no other issue,HOME_CARE
my daughter feels light body ache,HOME_CARE
my son has slight cold since yesterday,HOME_CARE
tired feeling,HOME_CARE
my father has mild throat discomfort,HOME_CARE
my mother has no fever but mild cough,HOME_CARE
my husband feels tired after field work,HOME_CARE
my daughter has light headache,HOME_CARE
body ache mild,HOME_CARE
my son has slight tiredness,HOME_CARE
cough not much,HOME_CARE
my wife has mild body pain we gave balm,HOME_CARE
my father has slight cough,HOME_CARE
tiredness,HOME_CARE
my mother has mild headache since morning,HOME_CARE
body ache light,HOME_CARE
my daughter feels mild cold,HOME_CARE
slight throat issue,HOME_CARE
my son has light body ache,HOME_CARE
my husband has tiredness only,HOME_CARE
my father has mild cold symptoms,HOME_CARE
my mother has slight body pain after work,HOME_CARE
my wife has mild throat pain,HOME_CARE
headache not bad,HOME_CARE
my daughter feels tired,HOME_CARE
mild body ache,HOME_CARE
my son has light cough,HOME_CARE
slight cold,HOME_CARE
my father has mild tiredness,HOME_CARE
body pain light,HOME_CARE
my mother has slight headache we can manage,HOME_CARE
my husband has light body ache,HOME_CARE
tired after farm,HOME_CARE
my daughter has mild cold,HOME_CARE
my son feels no fever just tiredness,HOME_CARE
my wife has mild body pain,HOME_CARE
my father has light cold,HOME_CARE
my mother has cough mild,HOME_CARE
my daughter has slight throat pain,HOME_CARE
my son has mild headache,HOME_CARE
my husband feels body ache mild,HOME_CARE
cough slight,HOME_CARE
my father has tiredness since evening,HOME_CARE
my mother has light headache,HOME_CARE
body pain not severe,HOME_CARE
my wife has mild cough we gave syrup,HOME_CARE
slight tiredness,HOME_CARE
my daughter has light body ache,HOME_CARE
my son feels slight cough,HOME_CARE
my mother has no issue except mild cold,HOME_CARE
slight cough,HOME_CARE
my husband has light headache,HOME_CARE
tired after work,HOME_CARE
my daughter feels mild body ache,HOME_CARE
my wife has mild throat discomfort,HOME_CARE
my father has light cough,HOME_CARE
my mother feels tired only,HOME_CARE
my daughter has slight body pain,HOME_CARE
my son has mild cough since morning,HOME_CARE
my husband has light cold,HOME_CARE
slight body ache,HOME_CARE
my father has mild headache,HOME_CARE
my mother has tiredness after housework,HOME_CARE
my wife has slight cough,HOME_CARE
my daughter feels mild tiredness,HOME_CARE
my father has slight cold symptoms,HOME_CARE
my mother has mild body pain,HOME_CARE
my husband has light tiredness,HOME_CARE
my daughter has mild cold we can manage,HOME_CARE
body ache slight,HOME_CARE
my son feels light headache,HOME_CARE
my wife has slight body pain,HOME_CARE
my father has mild cold,HOME_CARE
my mother has light cough,HOME_CARE
my daughter feels body ache mild,HOME_CARE
my son has tiredness only,HOME_CARE
my husband has light body pain,HOME_CARE
my father has mild throat pain,HOME_CARE
my mother has slight tiredness,HOME_CARE
my wife has mild cough,HOME_CARE
my son feels slight cold,HOME_CARE
my father has mild body ache,HOME_CARE
my mother has tiredness mild,HOME_CARE
my husband has light cold symptoms,HOME_CARE
my daughter has mild cough,HOME_CARE
my son has slight headache,HOME_CARE
my wife feels light body ache,HOME_CARE
my mother has light cold,HOME_CARE
tiredness light,HOME_CARE
my son has mild body pain,HOME_CARE
my husband has mild cold we gave remedies,HOME_CARE
my father has light tiredness,HOME_CARE
my mother has slight headache,HOME_CARE
cold light,HOME_CARE
my daughter feels light body pain,HOME_CARE
my son has mild tiredness,HOME_CARE
my mother has light body ache,HOME_CARE
my daughter has mild cold symptoms,HOME_CARE
my son feels slight tiredness,HOME_CARE
my wife has light headache,HOME_CARE
cold mild,HOME_CARE
my mother has slight cough,HOME_CARE
my son has light cold,HOME_CARE
my husband has mild cough,HOME_CARE
my father has light headache,HOME_CARE
my mother feels body pain light,HOME_CARE
my wife has mild tiredness,HOME_CARE
my daughter has slight body ache,HOME_CARE
my son feels light cold,HOME_CARE
tiredness mild,HOME_CARE
my daughter has mild body pain,HOME_CARE
my son has slight cough,HOME_CARE
my wife has light tiredness,HOME_CARE
baby has mild cold and little cough we gave syrup,HOME_CARE
my pregnant wife has light headache since morning,HOME_CARE
son has body ache no fever after playing,HOME_CARE
daughter is crying a bit but feeding well,HOME_CARE
mild fever in baby,HOME_CARE
my pregnant wife has slight back pain,HOME_CARE
child has light cough since yesterday,HOME_CARE
baby not taking breast milk fully but active,HOME_CARE
son has mild cold we tried home remedy,HOME_CARE
light stomach discomfort my pregnant wife,HOME_CARE
baby has loose motion mild,HOME_CARE
child has no high fever just little tired,HOME_CARE
pregnant wife has leg swelling light,HOME_CARE
my son small scratch on hand,HOME_CARE
baby crying little more than usual,HOME_CARE
pregnant wife has mild body ache,HOME_CARE
daughter has light fever and runny nose,HOME_CARE
my baby mild fever for one day,HOME_CARE
light cough my young son,HOME_CARE
wife has light headache in pregnancy,HOME_CARE
baby is crying more but seems normal,HOME_CARE
mild fever my child,HOME_CARE
pregnant wife has slight stomach pain what to do,HOME_CARE
daughter has dry skin,HOME_CARE
baby has less feeding today,HOME_CARE
light back pain pregnant wife,HOME_CARE
son has mild cold 2 days,HOME_CARE
child feels little weak,HOME_CARE
baby crying after feeding,HOME_CARE
my pregnant wife has mild leg pain,HOME_CARE
son mild fever we gave medicine,HOME_CARE
baby breast feeding is ok,HOME_CARE
daughter has light loose motion,HOME_CARE
mild cold my baby,HOME_CARE
pregnant wife back pain slight,HOME_CARE
son has light rashes,HOME_CARE
baby has mild cough,HOME_CARE
my pregnant wife has light vomiting,HOME_CARE
baby not feeding full but ok,HOME_CARE
light loose motion my son,HOME_CARE
my pregnant wife feels little dizzy,HOME_CARE
child crying with mild cold,HOME_CARE
baby has small cut,HOME_CARE
wife has pregnancy discomfort mild,HOME_CARE
my son is little tired,HOME_CARE
pregnant sister has light swelling,HOME_CARE
baby crying more today,HOME_CARE
mild fever my daughter,HOME_CARE
my pregnant wife has very light spotting no,HOME_CARE
son has mild diarrhea,HOME_CARE
baby mild cold since 2 days,HOME_CARE
child has dry skin,HOME_CARE
my pregnant wife has light back pain,HOME_CARE
son light vomiting,HOME_CARE
baby crying and less feeding,HOME_CARE
my daughter light loose stools,HOME_CARE
pregnant wife vomiting light,HOME_CARE
my child has light rashes,HOME_CARE
baby crying little,HOME_CARE
pregnant wife light hand swelling,HOME_CARE
light stomach upset my baby,HOME_CARE
my son has mild fever,HOME_CARE
pregnant wife feels ok,HOME_CARE
daughter loose motion light,HOME_CARE
baby has mild fever and cry,HOME_CARE
my child has small injury,HOME_CARE
pregnant wife has light back ache,HOME_CARE
mild cold baby,HOME_CARE
pregnant sister has light vomiting,HOME_CARE
son light rashes,HOME_CARE
baby mild fever with loose,HOME_CARE
child crying little,HOME_CARE
pregnant wife light vomiting,HOME_CARE
my baby feeding less,HOME_CARE
pregnant wife light swelling,HOME_CARE
daughter mild loose motion,HOME_CARE
baby mild fever 2 days,HOME_CARE
my pregnant wife light stomach pain,HOME_CARE
son crying more,HOME_CARE
child has light rashes and cold,HOME_CARE
baby mild cough,HOME_CARE
my pregnant wife light back pain,HOME_CARE
son light loose motion,HOME_CARE
baby crying with mild fever,HOME_CARE
wife feels light dizziness,HOME_CARE
my daughter light vomiting,HOME_CARE
baby less active,HOME_CARE
pregnant wife mild symptoms,HOME_CARE
son light fever,HOME_CARE
my child crying nonstop but mild,HOME_CARE
baby mild cold we gave syrup,HOME_CARE
pregnant wife light leg swelling,HOME_CARE
daughter light rashes,HOME_CARE
my baby light loose motion,HOME_CARE
pregnant wife light pain,HOME_CARE
baby not feeding full,HOME_CARE
my pregnant wife mild discomfort,HOME_CARE
child light diarrhea,HOME_CARE
pregnant wife light back pain,HOME_CARE
my son light vomiting,HOME_CARE
baby crying and not sleeping well,HOME_CARE
pregnant sister light swelling,HOME_CARE
my baby mild fever and crying,HOME_CARE
pregnant wife light headache,HOME_CARE
my wife light vomiting in pregnancy,HOME_CARE
child mild fever,HOME_CARE
pregnant wife light stomach pain,HOME_CARE
my daughter crying little more,HOME_CARE
pregnant wife light dizziness,HOME_CARE
daughter light vomiting,HOME_CARE
my pregnant wife light swelling,HOME_CARE
child light loose motion,HOME_CARE
baby mild fever 3 days,HOME_CARE
baby not sleeping much,HOME_CARE
pregnant sister light discomfort,HOME_CARE
my baby light rashes,HOME_CARE
wife light headache,HOME_CARE
son light diarrhea,HOME_CARE
baby continuous mild crying,HOME_CARE
child light swelling,HOME_CARE
my baby mild fever,HOME_CARE
pregnant wife light stomach issue,HOME_CARE
baby light loose motion,HOME_CARE
my pregnant wife light pain,HOME_CARE
my child small light cut,HOME_CARE
son light crying,HOME_CARE
my baby mild fever and weakness,HOME_CARE
daughter light diarrhea,HOME_CARE
baby crying a lot mild,HOME_CARE
my pregnant sister light headache,HOME_CARE
wife pregnancy mild fever,HOME_CARE
my child light loose motion,HOME_CARE
baby not active mild,HOME_CARE
pregnant wife light discomfort,HOME_CARE
my baby crying with mild fever,HOME_CARE
pregnant wife light spotting no,HOME_CARE
baby mild diarrhea one day,HOME_CARE
baby mild fever not down,HOME_CARE
baby crying not feeding,HOME_CARE
son mild fever yesterday,HOME_CARE
my daughter rashes light itch,HOME_CARE
baby small light cut on leg,HOME_CARE
pregnant sister light vomiting,HOME_CARE
child crying light weak,HOME_CARE
my baby mild fever one day,HOME_CARE
wife pregnancy light back pain,HOME_CARE
son light loose,HOME_CARE
baby feeding not full,HOME_CARE
my grandfather has mild joint pain in his knees we can manage at home,HOME_CARE
my grandma feels slight body weakness after waking up,HOME_CARE
my father has light headache since morning no fever,HOME_CARE
my mother complains of mild back pain from age,HOME_CARE
grandpa has slight sugar increase but under control,HOME_CARE
my grandma has mild cold and cough we gave her warm water,HOME_CARE
father feeling tired after farm work no serious issue,HOME_CARE
my grandfather has joint pains but can walk slowly,HOME_CARE
grandma has light BP fluctuation takes her medicine,HOME_CARE
my mother has mild body ache nothing serious,HOME_CARE
slight weakness in legs for grandpa,HOME_CARE
my father no fever just mild shoulder pain,HOME_CARE
grandma sugar levels are stable today,HOME_CARE
my grandfather feels age related tiredness,HOME_CARE
mother has mild knee pain after sitting long,HOME_CARE
my grandma has light cold we can do home care,HOME_CARE
father has slight dizziness when standing up quickly,HOME_CARE
grandpa joint pain is manageable with rest,HOME_CARE
my mother complains of mild headache,HOME_CARE
grandfather has no chest pain just general weakness,HOME_CARE
my grandma feels body ache from old age,HOME_CARE
father sugar is bit high but he took medicine,HOME_CARE
mild back pain for my grandfather,HOME_CARE
grandma has light cough and running nose,HOME_CARE
my mother has joint stiffness in morning,HOME_CARE
grandpa BP is under control with tablets,HOME_CARE
slight tiredness in my father,HOME_CARE
my grandma no fever only mild weakness,HOME_CARE
grandfather has mild knee swelling from walking,HOME_CARE
mother feels light body pain after housework,HOME_CARE
my father has age related shoulder ache,HOME_CARE
grandma sugar levels normal today,HOME_CARE
mild cold for grandfather we can handle,HOME_CARE
my mother has slight neck pain,HOME_CARE
father feeling weak but ate well,HOME_CARE
grandpa has light headache after sun exposure,HOME_CARE
my grandma joint pains are usual for her age,HOME_CARE
mother no serious issue just mild fatigue,HOME_CARE
grandfather mild BP rise but medicine taken,HOME_CARE
my father has body ache after work,HOME_CARE
grandma feels slight dizziness,HOME_CARE
slight knee pain in grandfather,HOME_CARE
my mother has mild cough,HOME_CARE
father sugar is controlled,HOME_CARE
grandpa has age weakness but active,HOME_CARE
my grandma light back pain from sitting,HOME_CARE
mother has mild joint pain we gave oil massage,HOME_CARE
grandfather no fever just tiredness,HOME_CARE
grandma BP is stable,HOME_CARE
slight body weakness for my mother,HOME_CARE
grandpa has mild sugar fluctuation,HOME_CARE
my grandmother feels cold symptoms lightly,HOME_CARE
father has joint ache but can move,HOME_CARE
grandfather light dizziness when getting up,HOME_CARE
my mother has mild back ache,HOME_CARE
grandma no major problem only age tiredness,HOME_CARE
father mild cough and throat irritation,HOME_CARE
my grandfather sugar levels ok,HOME_CARE
grandmother has light knee pain,HOME_CARE
slight fatigue after walking for grandpa,HOME_CARE
my mother BP under control,HOME_CARE
father has mild body pain,HOME_CARE
grandma feels slight weakness in morning,HOME_CARE
my grandfather has usual joint stiffness,HOME_CARE
mother light cold we can manage at home,HOME_CARE
grandpa has mild headache,HOME_CARE
my father no fever only body ache,HOME_CARE
grandmother sugar is bit high but manageable,HOME_CARE
slight shoulder pain for grandpa,HOME_CARE
my mother feels tired from daily work,HOME_CARE
father has mild knee pain from age,HOME_CARE
grandma light BP change,HOME_CARE
my grandfather mild cough,HOME_CARE
mother has age related weakness,HOME_CARE
grandpa sugar controlled with diet,HOME_CARE
my grandma has mild back pain,HOME_CARE
father light dizziness,HOME_CARE
grandmother joint pain usual,HOME_CARE
slight tiredness in my grandfather,HOME_CARE
my mother has mild cold symptoms,HOME_CARE
grandpa BP medicine taken regularly,HOME_CARE
father has light body ache,HOME_CARE
my grandma no serious complaints just weakness,HOME_CARE
grandfather mild knee ache,HOME_CARE
mother sugar levels stable,HOME_CARE
my father has slight neck stiffness,HOME_CARE
grandma feels mild fatigue,HOME_CARE
grandpa has light cold,HOME_CARE
my mother joint pains mild,HOME_CARE
father age related tiredness,HOME_CARE
grandmother mild headache from sun,HOME_CARE
my grandfather has mild BP issue controlled,HOME_CARE
slight cough for grandma,HOME_CARE
mother body ache after chores,HOME_CARE
grandpa mild sugar rise,HOME_CARE
my father light weakness,HOME_CARE
grandmother knee pain manageable,HOME_CARE
mild dizziness for grandfather,HOME_CARE
my mother has no fever just tiredness,HOME_CARE
father mild back pain,HOME_CARE
grandma sugar under control,HOME_CARE
my grandfather feels joint stiffness,HOME_CARE
mother light cold and cough,HOME_CARE
grandpa has mild body weakness,HOME_CARE
my grandma BP stable,HOME_CARE
father slight headache,HOME_CARE
grandmother age related fatigue,HOME_CARE
my grandfather mild knee swelling,HOME_CARE
mother has light shoulder ache,HOME_CARE
grandpa no major issue only tiredness,HOME_CARE
my father sugar controlled,HOME_CARE
grandma mild joint pain,HOME_CARE
slight back ache for mother,HOME_CARE
my grandfather light cough,HOME_CARE
father mild dizziness on standing,HOME_CARE
grandmother BP under control,HOME_CARE
my mother feels age weakness,HOME_CARE
father light body pain after work,HOME_CARE
my grandma sugar levels ok,HOME_CARE
grandfather mild fatigue,HOME_CARE
mother has joint stiffness,HOME_CARE
my father no fever mild ache,HOME_CARE
grandma light cold symptoms,HOME_CARE
grandpa BP medicine taken,HOME_CARE
my mother mild knee pain,HOME_CARE
father slight tiredness,HOME_CARE
grandmother has mild back pain,HOME_CARE
my grandfather sugar stable,HOME_CARE
mother light dizziness,HOME_CARE
grandpa mild joint ache,HOME_CARE
my grandma feels body weakness,HOME_CARE
father mild cough,HOME_CARE
grandmother age related mild pain,HOME_CARE
my grandfather light BP rise controlled,HOME_CARE
mother has slight fatigue,HOME_CARE
grandpa mild sugar issue,HOME_CARE
my father joint pain mild,HOME_CARE
grandma no serious problem,HOME_CARE
slight headache for grandfather,HOME_CARE
father body ache from farm,HOME_CARE
grandmother light weakness,HOME_CARE
my grandpa has mild knee pain,HOME_CARE
mother BP controlled,HOME_CARE
grandfather sugar ok today,HOME_CARE
my father mild tiredness,HOME_CARE
grandma joint stiffness usual,HOME_CARE
slight cough in mother,HOME_CARE
my grandfather light dizziness,HOME_CARE
father has mild back ache,HOME_CARE
grandmother mild headache,HOME_CARE
my mother age weakness,HOME_CARE
grandpa mild body pain,HOME_CARE
my grandma sugar stable,HOME_CARE
father light knee pain,HOME_CARE
grandfather BP under control,HOME_CARE
my mother mild fatigue,HOME_CARE
grandma has slight cold,HOME_CARE
my father joint pains,HOME_CARE
grandpa mild cough,HOME_CARE
mother light body ache,HOME_CARE
my grandmother feels tired,HOME_CARE
grandfather sugar controlled,HOME_CARE
my mother mild dizziness,HOME_CARE
father has mild headache,HOME_CARE
grandma joint pain mild,HOME_CARE
my grandpa light weakness,HOME_CARE
mother BP stable,HOME_CARE
grandfather mild back pain,HOME_CARE
my father sugar levels ok,HOME_CARE
grandmother slight fatigue,HOME_CARE
my mother mild knee stiffness,HOME_CARE
grandpa light cold,HOME_CARE
father mild body weakness,HOME_CARE
my grandma has mild ache,HOME_CARE
grandfather joint pain manageable,HOME_CARE
mother no fever just tiredness,HOME_CARE
my father light BP change,HOME_CARE
grandma mild sugar rise controlled,HOME_CARE
grandpa slight dizziness,HOME_CARE
my mother mild cough,HOME_CARE
father age related weakness,HOME_CARE
grandmother light joint pain,HOME_CARE
my grandfather mild headache,HOME_CARE
mother body ache mild,HOME_CARE
grandpa sugar ok,HOME_CARE
my grandma feels light fatigue,HOME_CARE
father mild knee pain,HOME_CARE
grandfather BP controlled,HOME_CARE
my mother slight back pain,HOME_CARE
grandma mild cold symptoms,HOME_CARE
my father joint stiffness,HOME_CARE
grandpa light tiredness,HOME_CARE
mother has mild dizziness,HOME_CARE
grandmother mild body pain,HOME_CARE
father light cough,HOME_CARE
my grandma age weakness,HOME_CARE
grandpa mild headache,HOME_CARE
my son got mild cold after working in rain,HOME_CARE
light body ache no fever,HOME_CARE
my wife has mild headache after farm,HOME_CARE
mild rashes from pesticide spray,HOME_CARE
my mother has light cough since yesterday,HOME_CARE
slight body pain after rain work,HOME_CARE
my son mild fever we gave paracetamol,HOME_CARE
light cold no serious issue,HOME_CARE
my husband has mild body ache,HOME_CARE
slight headache after working outside,HOME_CARE
my daughter light cough from rain,HOME_CARE
mild skin itch from pesticide,HOME_CARE
my father no fever but light tiredness,HOME_CARE
slight cold after getting wet,HOME_CARE
my son has light cough we can manage at home,HOME_CARE
mild rashes on hand,HOME_CARE
my mother slight body pain after farm,HOME_CARE
light fever since last night,HOME_CARE
my daughter mild cold no problem,HOME_CARE
my husband light body ache after rain,HOME_CARE
mild cough and cold,HOME_CARE
my father has no fever just mild ache,HOME_CARE
light skin reaction from pesticide,HOME_CARE
my son mild headache after work,HOME_CARE
slight cold we tried home remedy,HOME_CARE
my wife light body pain,HOME_CARE
mild fever for one day,HOME_CARE
light headache no vomiting,HOME_CARE
my daughter slight body ache after rain,HOME_CARE
mild rashes on arms,HOME_CARE
my son light cold from farm,HOME_CARE
slight tiredness no fever,HOME_CARE
my husband mild headache,HOME_CARE
light cough since morning,HOME_CARE
my father has mild body ache after work,HOME_CARE
no fever but light cold,HOME_CARE
my wife slight skin itch,HOME_CARE
mild fever we can handle,HOME_CARE
my daughter light body pain,HOME_CARE
slight headache after rain,HOME_CARE
my son mild cough,HOME_CARE
light rashes from pesticide,HOME_CARE
my mother has mild cold,HOME_CARE
my husband light fever,HOME_CARE
mild headache we gave medicine,HOME_CARE
my father no serious issue just light cough,HOME_CARE
slight cold after farm work,HOME_CARE
my daughter mild body pain,HOME_CARE
light skin reaction,HOME_CARE
mild cough no fever,HOME_CARE
my wife slight body ache after rain,HOME_CARE
light fever for one day,HOME_CARE
my husband light body pain,HOME_CARE
mild rashes,HOME_CARE
my father has mild cough,HOME_CARE
light tiredness no fever,HOME_CARE
my daughter slight cold,HOME_CARE
mild headache after work,HOME_CARE
my son light body ache,HOME_CARE
my wife has mild fever,HOME_CARE
light skin itch from farm,HOME_CARE
my mother slight body pain,HOME_CARE
mild cold we can manage,HOME_CARE
my husband light headache,HOME_CARE
slight cough after rain,HOME_CARE
my father mild body ache,HOME_CARE
my daughter no fever just mild cold,HOME_CARE
my son mild rashes from pesticide,HOME_CARE
my wife has light cough,HOME_CARE
my mother slight body ache after farm,HOME_CARE
slight skin reaction,HOME_CARE
my father light headache,HOME_CARE
my daughter slight body pain,HOME_CARE
light fever no issue,HOME_CARE
my son mild cold after rain,HOME_CARE
my wife light body ache,HOME_CARE
my husband slight cold,HOME_CARE
my father light body pain,HOME_CARE
slight fever,HOME_CARE
my daughter mild cold,HOME_CARE
light cough after farm,HOME_CARE
my wife light rashes,HOME_CARE
my mother mild fever,HOME_CARE
my husband slight body pain,HOME_CARE
my father light cold,HOME_CARE
slight skin itch,HOME_CARE
my daughter mild body ache,HOME_CARE
my son has mild headache after rain,HOME_CARE
my mother slight headache,HOME_CARE
my husband mild cough,HOME_CARE
my father light fever,HOME_CARE
my daughter has slight headache,HOME_CARE
my son mild rashes,HOME_CARE
my wife light cold,HOME_CARE
my mother slight body ache,HOME_CARE
my husband mild cold after rain,HOME_CARE
my father light cough,HOME_CARE
my daughter slight headache,HOME_CARE
my son mild fever,HOME_CARE
my wife light cough,HOME_CARE
my mother slight rashes,HOME_CARE
my husband mild body pain,HOME_CARE
my son mild headache,HOME_CARE
slight rashes,HOME_CARE
my husband mild skin itch,HOME_CARE
my father light body ache,HOME_CARE
my daughter slight cough,HOME_CARE
my son mild body pain after farm,HOME_CARE
my daughter slight skin reaction,HOME_CARE
my son mild cold,HOME_CARE
my mother slight cough,HOME_CARE
my father light rashes,HOME_CARE
my daughter slight fever,HOME_CARE
my son mild body ache,HOME_CARE
my wife light fever,HOME_CARE
my husband mild body ache,HOME_CARE
my wife light cold after rain,HOME_CARE
my mother slight fever,HOME_CARE
my mother slight cold,HOME_CARE
enga ammaku intha tablet epo poda num nu konjam sollunga,CALL_ASHA
baby ku oosi poda date epo,CALL_ASHA
enaku fever illa aana romba asathiya iruku iron mathirai venum,CALL_ASHA
en payyanuku calcium tablet eppo thara num,CALL_ASHA
enga pondatiku vitamin tablet venum nu sollu,CALL_ASHA
baby ku next vaccine epo,CALL_ASHA
en ammaku sugar tablet dosage enna,CALL_ASHA
konjam doubt iruku intha marundhu eppo kuduka,CALL_ASHA
en payyan ku multivitamin venuma,CALL_ASHA
baby ku polio oosi epo podanum,CALL_ASHA
enga appaku blood test eppo vena,CALL_ASHA
en pondati iron tablet eduthukalaama,CALL_ASHA
baby ku oru month ku oru oosi epo,CALL_ASHA
en amma ku calcium tablet eppo kudukura,CALL_ASHA
intha marundhu side effect iruka nu konjam sollunga,CALL_ASHA
en payyanuku protein powder venuma,CALL_ASHA
enga thatha ku pressure tablet epo,CALL_ASHA
baby ku next vaccination date enna,CALL_ASHA
en ponnu ku vitamin syrup eppo,CALL_ASHA
enaku asathiya iruku multivitamin venum,CALL_ASHA
enga ammaku intha tablet mattum poda num,CALL_ASHA
baby ku oosi time epo irukku,CALL_ASHA
en pondatiku calcium tablet dosage enna,CALL_ASHA
en payyan ku cough syrup eppo kudukalam,CALL_ASHA
enga appaku diabetic tablet epo,CALL_ASHA
baby ku vaccine epo podanum nu sollu,CALL_ASHA
en amma ku iron tablet venuma,CALL_ASHA
intha marundhu eppo sapda num konjam sollu,CALL_ASHA
en ponnu ku vitamin tablet epo,CALL_ASHA
baby ku next oosi epo,CALL_ASHA
enga pondati ku protein supplement venum,CALL_ASHA
en payyanuku fever illa aana energy illa,CALL_ASHA
enga thatha ku pressure check epo,CALL_ASHA
baby ku oru varusham vaccine epo,CALL_ASHA
en ammaku calcium eppo kudukura,CALL_ASHA
intha tablet epo eduthukalam nu sollu,CALL_ASHA
en ponnu ku multivitamin venum,CALL_ASHA
enga appa ku sugar control tablet epo,CALL_ASHA
baby ku polio drop epo kudukura,CALL_ASHA
en pondatiku iron tablet dosage enna,CALL_ASHA
en payyan ku energy tablet venuma,CALL_ASHA
enga amma ku vitamin eppo,CALL_ASHA
baby ku next injection epo irukku,CALL_ASHA
en ponnu ku cough syrup eppo,CALL_ASHA
enaku calcium tablet venum,CALL_ASHA
enga thatha ku marundhu epo poda num,CALL_ASHA
baby ku vaccine list enna,CALL_ASHA
en pondati ku protein powder eppo,CALL_ASHA
en payyan ku multivitamin syrup epo,CALL_ASHA
enga appaku diabetic tablet konjam doubt irukku,CALL_ASHA
baby ku oru month vaccine epo,CALL_ASHA
en ammaku iron tablet eppo,CALL_ASHA
intha marundhu side effect enna,CALL_ASHA
en ponnu ku calcium tablet venum,CALL_ASHA
enga pondati ku vitamin tablet epo,CALL_ASHA
baby ku next oosi date epo,CALL_ASHA
en payyanuku energy illa tablet venum,CALL_ASHA
enga amma ku pressure tablet epo,CALL_ASHA
en ponnu ku syrup eppo kudukura,CALL_ASHA
baby ku vaccine epo nu konjam sollu,CALL_ASHA
en pondatiku iron mathirai venum,CALL_ASHA
enga thatha ku calcium tablet epo,CALL_ASHA
en payyan ku vitamin eppo,CALL_ASHA
en ammaku multivitamin venuma,CALL_ASHA
enga appa ku sugar tablet epo,CALL_ASHA
en ponnu ku energy tablet venum,CALL_ASHA
baby ku next injection epo,CALL_ASHA
en pondati ku calcium eppo,CALL_ASHA
en payyan ku cough syrup epo,CALL_ASHA
enga amma ku iron tablet epo,CALL_ASHA
baby ku vaccine time enna,CALL_ASHA
en ponnu ku vitamin syrup epo,CALL_ASHA
enga pondati ku protein venum,CALL_ASHA
en payyanuku multivitamin epo,CALL_ASHA
baby ku oru varusham oosi epo,CALL_ASHA
en ammaku tablet dosage enna,CALL_ASHA
enga appaku diabetic marundhu epo,CALL_ASHA
en ponnu ku calcium tablet epo,CALL_ASHA
en pondatiku iron tablet venum,CALL_ASHA
en payyanuku energy illa tablet epo,CALL_ASHA
baby ku polio drop epo,CALL_ASHA
en amma ku vitamin eppo,CALL_ASHA
en ponnu ku syrup epo,CALL_ASHA
enga pondati ku calcium tablet epo,CALL_ASHA
en payyanuku multivitamin venum,CALL_ASHA
baby ku injection epo podanum,CALL_ASHA
enga appa ku sugar tablet konjam sollu,CALL_ASHA
baby ku vaccine date epo,CALL_ASHA
en pondatiku protein powder epo,CALL_ASHA
en payyanuku cough syrup epo,CALL_ASHA
enga amma ku calcium eppo,CALL_ASHA
en ponnu ku vitamin eppo,CALL_ASHA
en pondati ku multivitamin venum,CALL_ASHA
enga thatha ku tablet epo,CALL_ASHA
en payyanuku iron tablet epo,CALL_ASHA
baby ku polio vaccine epo,CALL_ASHA
en ammaku energy illa tablet venum,CALL_ASHA
en ponnu ku calcium eppo,CALL_ASHA
baby ku injection epo,CALL_ASHA
en pondati ku iron mathirai epo,CALL_ASHA
en payyanuku vitamin syrup epo,CALL_ASHA
baby ku vaccine epo nu sollu,CALL_ASHA
en ponnu ku multivitamin epo,CALL_ASHA
en payyanuku cough medicine epo,CALL_ASHA
baby ku next date epo,CALL_ASHA
en ammaku calcium tablet venum,CALL_ASHA
enga appa ku sugar control epo,CALL_ASHA
en ponnu ku iron tablet epo,CALL_ASHA
baby ku oosi epo,CALL_ASHA
en pondati ku energy tablet venum,CALL_ASHA
baby ku vaccine list konjam sollu,CALL_ASHA
en ponnu ku syrup dosage enna,CALL_ASHA
enga thatha ku tablet epo poda num,CALL_ASHA
en payyanuku iron venum,CALL_ASHA
baby ku polio epo,CALL_ASHA
en ammaku energy illa,CALL_ASHA
enga appaku diabetic tablet doubt,CALL_ASHA
en ponnu ku vitamin epo,CALL_ASHA
en pondati ku protein epo,CALL_ASHA
enga amma ku calcium venum,CALL_ASHA
baby ku vaccine epo,CALL_ASHA
enga pondati ku multivitamin epo,CALL_ASHA
en payyanuku energy tablet venum,CALL_ASHA
baby ku oosi date epo,CALL_ASHA
en ammaku pressure tablet epo,CALL_ASHA
en pondati ku vitamin syrup venum,CALL_ASHA
en ponnu ku energy illa tablet,CALL_ASHA
enga thatha ku tablet dosage,CALL_ASHA
en pondati ku calcium tablet epo,CALL_ASHA
en payyanuku cough medicine,CALL_ASHA
en ammaku vitamin venum,CALL_ASHA
enga appaku diabetic doubt,CALL_ASHA
baby ku vaccine time,CALL_ASHA
en pondati ku protein powder,CALL_ASHA
en payyanuku iron tablet,CALL_ASHA
en ponnu ku multivitamin,CALL_ASHA
enga pondati ku energy tablet,CALL_ASHA
baby ku next oosi,CALL_ASHA
en ammaku pressure tablet,CALL_ASHA
enga appa ku sugar tablet,CALL_ASHA
en pondati ku iron venum,CALL_ASHA
en payyanuku calcium tablet epo,CALL_ASHA
enga amma ku multivitamin,CALL_ASHA
baby ku injection date,CALL_ASHA
en ponnu ku energy tablet,CALL_ASHA
en pondati ku syrup epo,CALL_ASHA
en payyanuku vitamin venum,CALL_ASHA
baby ku polio drop,CALL_ASHA
en ammaku calcium eppo,CALL_ASHA
enga appaku diabetic tablet,CALL_ASHA
en ponnu ku iron tablet,CALL_ASHA
baby ku next vaccine,CALL_ASHA
en pondati ku protein,CALL_ASHA
enga amma ku energy tablet,CALL_ASHA
enga pondati ku calcium,CALL_ASHA
baby ku vaccine list,CALL_ASHA
en ammaku vitamin syrup,CALL_ASHA
enga appa ku sugar control,CALL_ASHA
en ponnu ku energy illa,CALL_ASHA
en pondati ku tablet epo,CALL_ASHA
en baby ku next vaccination eppo varum konjam sollunga,CALL_ASHA
pregnant pondati ku iron tablet eppo podanum,CALL_ASHA
baby ku oosi poda date enna,CALL_ASHA
payyanuku multivitamin venum,CALL_ASHA
en chinnu ponnu breast feeding nalla varala eppadi,CALL_ASHA
next polio vaccine eppo baby ku,CALL_ASHA
pregnant wife ku calcium tablet venum,CALL_ASHA
baby ku mild juram irukku aana fever illa enna panrathu,CALL_ASHA
en maganuku deworming medicine eppo,CALL_ASHA
baby ku iron drops eppo tharam,CALL_ASHA
pondati ku pregnancy checkup eppo venum,CALL_ASHA
chinnu ku vitamin syrup konjam venum,CALL_ASHA
next vaccination camp eppo en payyanuku,CALL_ASHA
pregnant ponnu ku folic acid tablet eppo,CALL_ASHA
baby ku saptu nalla illa enna seiyalam,CALL_ASHA
wife ku pregnancy la calcium venum,CALL_ASHA
baby ku next shot date enna,CALL_ASHA
chinnu paiyanuku cough syrup eppo tharam,CALL_ASHA
pregnant wife ku thala vali varuthu aana severe illa enna,CALL_ASHA
baby ku weight eppadi increase panrathu,CALL_ASHA
en daughter ku next vaccine eppo,CALL_ASHA
pondati ku iron supplement venum,CALL_ASHA
baby ku mild cold irukku paravaala na,CALL_ASHA
payyanuku vitamin tablet eppo,CALL_ASHA
en pregnant la irukura ponnuku diet enna venum,CALL_ASHA
baby ku feeding time eppadi irukkanum,CALL_ASHA
chinnu ku vaccination date eppo,CALL_ASHA
wife ku calcium tablet konjam venum,CALL_ASHA
en baby ku nalla thoongala enna panrathu,CALL_ASHA
next tetanus shot eppo en pregnant wife ku,CALL_ASHA
magaluku iron syrup venum,CALL_ASHA
baby ku loose motion irukku aana fever illa,CALL_ASHA
en pondati ku pregnancy tablet eppo,CALL_ASHA
baby ku next polio dose eppo,CALL_ASHA
chinnu ku multivitamin eppo tharam,CALL_ASHA
pregnant wife ku back pain light ah irukku enna,CALL_ASHA
en payyanuku deworm tablet eppo,CALL_ASHA
baby ku breast milk poda eppadi,CALL_ASHA
daughter ku vitamin drops venum,CALL_ASHA
pregnant ponnu ku checkup date eppo,CALL_ASHA
en baby ku mild salli irukku enna seiyanum,CALL_ASHA
wife ku folic acid eppo venum,CALL_ASHA
baby ku vaccination eppo next,CALL_ASHA
chinnu paiyanuku cough medicine eppo,CALL_ASHA
en pregnant wife ku calcium venum konjam,CALL_ASHA
baby ku weight gain illa enna panrathu,CALL_ASHA
maganuku next vaccine date sollunga,CALL_ASHA
pondati ku iron tablet eppo,CALL_ASHA
en baby ku nalla saptu illa enna,CALL_ASHA
pregnant la irukura ku diet plan venum,CALL_ASHA
payyanuku vitamin syrup eppo,CALL_ASHA
chinnu ku vaccination camp eppo,CALL_ASHA
en wife ku pregnancy la tablet venum,CALL_ASHA
baby ku mild fever irukku aana paravaala na,CALL_ASHA
daughter ku iron supplement eppo,CALL_ASHA
baby ku feeding kashtam enna seiyalam,CALL_ASHA
en pregnant wife ku thala vali light,CALL_ASHA
son ku deworming eppo,CALL_ASHA
baby ku next shot eppo,CALL_ASHA
pondati ku calcium tablet venum,CALL_ASHA
en chinnu ku mild cold irukku enna,CALL_ASHA
pregnant ponnu ku folic acid eppo,CALL_ASHA
baby ku thoongura time enna,CALL_ASHA
wife ku pregnancy checkup eppo,CALL_ASHA
baby ku salli irukku aana fever illa,CALL_ASHA
daughter ku next vaccine eppo,CALL_ASHA
pregnant wife ku iron tablet eppo,CALL_ASHA
en baby ku weight eppadi add panrathu,CALL_ASHA
maganuku cough syrup eppo,CALL_ASHA
pondati ku diet enna venum pregnancy la,CALL_ASHA
chinnu ku vitamin eppo tharam,CALL_ASHA
en baby ku mild irumal irukku,CALL_ASHA
pregnant la irukura ponnuku calcium venum,CALL_ASHA
payyanuku vaccination date eppo,CALL_ASHA
baby ku feeding nalla illa enna,CALL_ASHA
en wife ku thala vali irukku aana severe illa,CALL_ASHA
daughter ku iron drops eppo,CALL_ASHA
baby ku next polio eppo,CALL_ASHA
pregnant wife ku tablet eppo podanum,CALL_ASHA
en chinnu ku deworm medicine venum,CALL_ASHA
baby ku cry romba aana fever illa,CALL_ASHA
pondati ku folic acid eppo,CALL_ASHA
son ku mild cold enna seiyanum,CALL_ASHA
en pregnant ponnu ku checkup eppo,CALL_ASHA
baby ku breast feed eppadi,CALL_ASHA
wife ku calcium venum,CALL_ASHA
en baby ku loose motion light,CALL_ASHA
daughter ku vaccination eppo next,CALL_ASHA
pregnant wife ku iron venum,CALL_ASHA
baby ku saptu kashtam enna,CALL_ASHA
en maganuku multivitamin eppo,CALL_ASHA
pondati ku pregnancy diet konjam,CALL_ASHA
chinnu ku cough syrup venum,CALL_ASHA
baby ku mild juram irukku enna,CALL_ASHA
en pregnant la tablet eppo,CALL_ASHA
payyanuku deworm eppo,CALL_ASHA
baby ku feeding time eppo,CALL_ASHA
wife ku light back pain enna,CALL_ASHA
en daughter ku iron tablet eppo,CALL_ASHA
baby ku next shot date,CALL_ASHA
pregnant wife ku calcium eppo,CALL_ASHA
chinnu ku mild salli,CALL_ASHA
en baby ku weight illa enna panrathu,CALL_ASHA
pondati ku folic acid venum,CALL_ASHA
son ku vaccination camp eppo,CALL_ASHA
baby ku cry and not sleep enna,CALL_ASHA
en pregnant ponnu ku diet venum,CALL_ASHA
payyanuku vitamin eppo,CALL_ASHA
baby ku mild cold,CALL_ASHA
wife ku pregnancy tablet eppo,CALL_ASHA
en daughter ku deworm venum,CALL_ASHA
baby ku feeding illa enna,CALL_ASHA
pregnant wife ku light thala vali,CALL_ASHA
maganuku next vaccine eppo,CALL_ASHA
en pondati ku iron supplement,CALL_ASHA
chinnu ku multivitamin venum,CALL_ASHA
baby ku loose light,CALL_ASHA
pregnant la irukura ku checkup eppo,CALL_ASHA
en payyanuku cough medicine eppo,CALL_ASHA
baby ku mild fever enna,CALL_ASHA
wife ku calcium tablet,CALL_ASHA
daughter ku vaccination eppo,CALL_ASHA
en baby ku salli paravaala na,CALL_ASHA
pregnant wife ku folic eppo,CALL_ASHA
son ku mild cold enna,CALL_ASHA
baby ku breast milk eppadi,CALL_ASHA
en pondati ku diet enna,CALL_ASHA
chinnu ku iron drops,CALL_ASHA
baby ku thoongala enna,CALL_ASHA
pregnant ponnu ku light pain enna,CALL_ASHA
baby ku next oosi eppo,CALL_ASHA
wife ku pregnancy checkup,CALL_ASHA
daughter ku mild juram enna,CALL_ASHA
en baby ku feeding kashtam,CALL_ASHA
pregnant wife ku calcium venum,CALL_ASHA
maganuku deworm eppo,CALL_ASHA
pondati ku iron tablet,CALL_ASHA
en chinnu ku vaccination date,CALL_ASHA
baby ku cry romba enna,CALL_ASHA
pregnant la tablet eppo,CALL_ASHA
payyanuku multivitamin,CALL_ASHA
en baby ku mild salli,CALL_ASHA
wife ku light headache enna,CALL_ASHA
daughter ku next shot,CALL_ASHA
baby ku weight enna panrathu,CALL_ASHA
en pregnant wife ku diet venum,CALL_ASHA
son ku cough syrup eppo,CALL_ASHA
baby ku feeding nalla illa,CALL_ASHA
pondati ku folic acid,CALL_ASHA
en chinnu ku mild cold enna,CALL_ASHA
baby ku next vaccine eppo,CALL_ASHA
pregnant ponnu ku calcium,CALL_ASHA
payyanuku iron venum,CALL_ASHA
wife ku pregnancy la enna,CALL_ASHA
daughter ku vitamin eppo,CALL_ASHA
baby ku saptu illa enna,CALL_ASHA
en pregnant wife ku light vali,CALL_ASHA
maganuku deworm,CALL_ASHA
pondati ku checkup eppo,CALL_ASHA
chinnu ku multivitamin,CALL_ASHA
en baby ku mild fever enna,CALL_ASHA
pregnant la irukura ku iron,CALL_ASHA
payyanuku vaccination eppo,CALL_ASHA
baby ku cry enna,CALL_ASHA
en wife ku calcium venum,CALL_ASHA
daughter ku mild salli,CALL_ASHA
baby ku feeding eppadi,CALL_ASHA
pregnant wife ku tablet eppo,CALL_ASHA
en son ku next oosi,CALL_ASHA
baby ku mild cold paravaala,CALL_ASHA
pondati ku diet,CALL_ASHA
chinnu ku iron drops eppo,CALL_ASHA
en baby ku thoongura enna,CALL_ASHA
pregnant ponnu ku light thala vali,CALL_ASHA
payyanuku vitamin tablet,CALL_ASHA
baby ku next date eppo,CALL_ASHA
en wife ku pregnancy enna,CALL_ASHA
daughter ku deworm venum,CALL_ASHA
baby ku weight illa,CALL_ASHA
pregnant wife ku folic,CALL_ASHA
en maganuku cough eppo,CALL_ASHA
pondati ku calcium,CALL_ASHA
chinnu ku mild juram enna,CALL_ASHA
baby ku feeding kashtam,CALL_ASHA
en pregnant la tablet venum,CALL_ASHA
payyanuku multivitamin eppo,CALL_ASHA
baby ku salli light,CALL_ASHA
wife ku checkup eppo,CALL_ASHA
en daughter ku vaccination,CALL_ASHA
baby ku cry aana mild,CALL_ASHA
son ku deworm eppo,CALL_ASHA
en baby ku next shot,CALL_ASHA
pondati ku light pain enna,CALL_ASHA
chinnu ku vitamin eppo,CALL_ASHA
baby ku loose light enna,CALL_ASHA
payyanuku calcium tablet,CALL_ASHA
wife ku folic acid eppo,CALL_ASHA
en daughter ku iron venum,CALL_ASHA
pregnant wife ku light vali,CALL_ASHA
maganuku next vaccine,CALL_ASHA
en pondati ku multivitamin,CALL_ASHA
chinnu ku cough syrup,CALL_ASHA
pregnant la checkup eppo,CALL_ASHA
en payyanuku vitamin drops,CALL_ASHA
baby ku saptu enna,CALL_ASHA
en baby ku cry enna panrathu,CALL_ASHA
son ku deworm,CALL_ASHA
chinnu ku iron eppo,CALL_ASHA
baby ku feeding time,CALL_ASHA
pregnant ponnu ku light headache,CALL_ASHA
en payyanuku multivitamin,CALL_ASHA
baby ku weight enna,CALL_ASHA
wife ku pregnancy enna seiyanum,CALL_ASHA
en baby ku mild loose,CALL_ASHA
maganuku cough eppo,CALL_ASHA
enga thathaku BP tablet epo podanum konjam sollunga,CALL_ASHA
en paati sugar level check pannanum epo varum,CALL_ASHA
thatha joint pain ku enna home remedy venum,CALL_ASHA
enga appaku odambu thalaruchi irukku iron tablet venuma,CALL_ASHA
paati BP medicine mattum poda num nu theriyala,CALL_ASHA
en thatha ku sugar tablet eppadi adjust pannanum,CALL_ASHA
thatha vali illa aana konjam thalaruchi irukku enna seiyalam,CALL_ASHA
enga paati ku muthuku vali ku enna oil use pannalam,CALL_ASHA
thathaku BP high aana enna immediate aah seiyanum,CALL_ASHA
en paati sugar check epo pannanum,CALL_ASHA
appa ku joint pain romba varuthu medicine change venuma,CALL_ASHA
enga thathaku calcium tablet venum nu kelvi,CALL_ASHA
paati odambu thalaruthu aana fever illa enna tablet,CALL_ASHA
thatha BP tablet time epo,CALL_ASHA
en ammaku sugar control ku enna diet venum konjam sollunga,CALL_ASHA
enga paati ku moolai vali illa aana thala vali varuthu,CALL_ASHA
thathaku age weakness ku enna supplement,CALL_ASHA
paati ku BP medicine mattum pothuma,CALL_ASHA
en thatha sugar test epo pannanum,CALL_ASHA
appa ku joint pain ku oil thadavi vidanum,CALL_ASHA
enga paati ku iron tablet eppadi edukanum,CALL_ASHA
thatha odambu valikuthu aana romba illa,CALL_ASHA
en thathaku BP low aana enna seiyalam,CALL_ASHA
paati sugar high a irukku aana fever illa,CALL_ASHA
enga appaku muthuku vali ku enna,CALL_ASHA
thatha ku calcium venum nu solranga,CALL_ASHA
en paati ku joint pain medicine epo,CALL_ASHA
appa odambu thalaruchi irukku supplement venum,CALL_ASHA
enga thatha ku sugar tablet miss aana enna,CALL_ASHA
paati BP check epo varum,CALL_ASHA
thathaku age weakness konjam irukku enna pannalam,CALL_ASHA
en ammaku joint vali ku home remedy,CALL_ASHA
enga paati ku BP tablet eppadi,CALL_ASHA
thatha sugar control ku enna fruit venum,CALL_ASHA
appa ku moolai vali illa aana thala vali varuthu,CALL_ASHA
en thatha ku weakness irukku aana BP normal,CALL_ASHA
paati ku iron mathirai venum,CALL_ASHA
enga appaku joint pain ku enna doctor ku poga venuma,CALL_ASHA
thatha BP medicine epo podanum konjam sollu,CALL_ASHA
en paati sugar level eppadi maintain pannanum,CALL_ASHA
appa ku odambu vali konjam irukku,CALL_ASHA
thathaku calcium tablet eppadi edukanum,CALL_ASHA
enga paati ku age weakness ku enna tonic venum,CALL_ASHA
en thatha ku BP high illa aana sugar irukku,CALL_ASHA
paati joint pain ku oil use pannalam,CALL_ASHA
appa ku sugar tablet time miss aachu enna,CALL_ASHA
thatha ku muthuku vali konjam irukku,CALL_ASHA
enga ammaku weakness irukku supplement venum,CALL_ASHA
paati BP check pannanum epo,CALL_ASHA
en thatha ku joint pain medicine venum,CALL_ASHA
thathaku sugar ku enna diet,CALL_ASHA
appa odambu thalaruthu aana vali illa,CALL_ASHA
enga paati ku iron tablet epo,CALL_ASHA
thatha BP tablet change venuma nu kelvi,CALL_ASHA
en appaku age related weakness konjam irukku,CALL_ASHA
paati ku moolai vali illa thala vali mattum,CALL_ASHA
thathaku calcium venum,CALL_ASHA
enga thatha ku sugar control eppadi,CALL_ASHA
en paati ku BP medicine eppadi podanum,CALL_ASHA
appa ku joint pain ku enna seiyalam,CALL_ASHA
thatha odambu valikithu konjam,CALL_ASHA
paati sugar test epo pannanum,CALL_ASHA
en thathaku weakness ku tonic venum,CALL_ASHA
enga appaku BP low aana enna,CALL_ASHA
thatha joint pain medicine epo,CALL_ASHA
paati ku age weakness irukku enna pannalam,CALL_ASHA
en ammaku sugar ku enna,CALL_ASHA
thathaku BP tablet venum nu solranga,CALL_ASHA
appa ku muthuku vali,CALL_ASHA
enga paati ku iron mathirai,CALL_ASHA
thatha sugar high a irukku aana serious illa,CALL_ASHA
en thatha ku joint vali ku oil,CALL_ASHA
paati BP eppadi check pannanum,CALL_ASHA
enga appaku weakness konjam irukku supplement,CALL_ASHA
thathaku calcium tablet eppadi,CALL_ASHA
en paati ku sugar tablet time,CALL_ASHA
appa ku odambu thalaruchi,CALL_ASHA
thatha joint pain konjam irukku,CALL_ASHA
enga thatha ku BP medicine miss aana,CALL_ASHA
paati ku age weakness tonic venum,CALL_ASHA
en appaku moolai vali illa,CALL_ASHA
thatha sugar ku diet enna venum,CALL_ASHA
enga paati ku joint pain ku enna,CALL_ASHA
thathaku BP check epo,CALL_ASHA
en ammaku weakness irukku,CALL_ASHA
paati ku iron tablet venum,CALL_ASHA
appa ku sugar control,CALL_ASHA
thatha muthuku vali konjam,CALL_ASHA
enga thatha ku calcium,CALL_ASHA
en paati ku BP tablet epo,CALL_ASHA
thathaku joint pain medicine,CALL_ASHA
appa odambu valikuthu,CALL_ASHA
enga appaku sugar test epo,CALL_ASHA
paati ku weakness konjam irukku,CALL_ASHA
thatha BP low irukku enna seiyalam,CALL_ASHA
en thatha ku age weakness,CALL_ASHA
paati joint vali,CALL_ASHA
enga ammaku iron mathirai venum,CALL_ASHA
thathaku sugar tablet,CALL_ASHA
en paati ku muthuku vali,CALL_ASHA
appa ku BP medicine eppadi,CALL_ASHA
thatha calcium tablet venum,CALL_ASHA
enga thatha ku joint pain,CALL_ASHA
paati sugar eppadi control,CALL_ASHA
en appaku weakness tonic,CALL_ASHA
thathaku BP tablet time,CALL_ASHA
enga paati ku odambu thalaruchi,CALL_ASHA
thatha moolai vali illa aana thala vali,CALL_ASHA
en thatha ku iron tablet,CALL_ASHA
paati ku joint pain oil,CALL_ASHA
appa sugar check,CALL_ASHA
enga appaku age weakness,CALL_ASHA
thatha BP high illa,CALL_ASHA
en paati ku calcium venum,CALL_ASHA
thathaku sugar diet,CALL_ASHA
enga thatha ku muthuku vali,CALL_ASHA
paati weakness konjam,CALL_ASHA
en ammaku BP tablet,CALL_ASHA
thatha joint pain konjam,CALL_ASHA
enga paati ku sugar tablet epo,CALL_ASHA
appa ku iron mathirai,CALL_ASHA
thathaku age weakness tonic,CALL_ASHA
en thatha ku BP check epo,CALL_ASHA
paati muthuku vali ku enna,CALL_ASHA
enga appaku joint pain medicine,CALL_ASHA
thatha sugar control ku enna,CALL_ASHA
en paati ku weakness irukku,CALL_ASHA
appa ku calcium tablet,CALL_ASHA
thathaku BP medicine venum,CALL_ASHA
enga thatha ku sugar test,CALL_ASHA
paati joint vali konjam,CALL_ASHA
en ammaku odambu thalaruchi,CALL_ASHA
thatha iron tablet venum,CALL_ASHA
enga paati ku BP eppadi,CALL_ASHA
thathaku age related weakness,CALL_ASHA
en thatha ku joint pain ku enna,CALL_ASHA
paati sugar high aana enna,CALL_ASHA
enga appaku calcium,CALL_ASHA
thatha BP tablet epo podanum,CALL_ASHA
en paati ku weakness tonic venum,CALL_ASHA
appa ku sugar tablet miss aana,CALL_ASHA
thathaku joint pain oil,CALL_ASHA
paati BP check pannanum,CALL_ASHA
en ammaku iron venum,CALL_ASHA
thatha age weakness,CALL_ASHA
enga paati ku sugar diet,CALL_ASHA
appa ku BP low,CALL_ASHA
en thatha ku joint pain,CALL_ASHA
paati weakness konjam irukku,CALL_ASHA
enga appaku sugar control,CALL_ASHA
thatha muthuku vali ku oil,CALL_ASHA
en paati ku BP medicine,CALL_ASHA
thathaku age weakness enna pannalam,CALL_ASHA
enga thatha ku sugar test epo,CALL_ASHA
paati joint pain medicine venum,CALL_ASHA
en ammaku BP tablet time,CALL_ASHA
thatha calcium venum,CALL_ASHA
enga paati ku weakness,CALL_ASHA
thathaku sugar ku enna,CALL_ASHA
en thatha ku joint vali konjam,CALL_ASHA
paati BP eppadi irukku,CALL_ASHA
enga appaku iron tablet,CALL_ASHA
thatha age related thalaruchi,CALL_ASHA
en paati ku calcium tablet,CALL_ASHA
appa ku sugar check epo,CALL_ASHA
thathaku joint pain ku enna remedy,CALL_ASHA
enga thatha ku BP medicine,CALL_ASHA
paati weakness tonic,CALL_ASHA
en ammaku muthuku vali,CALL_ASHA
thatha sugar tablet epo,CALL_ASHA
enga paati ku joint pain,CALL_ASHA
appa ku BP low aana enna seiyalam,CALL_ASHA
thathaku iron mathirai venum,CALL_ASHA
paati sugar control ku diet,CALL_ASHA
enga appaku calcium venum,CALL_ASHA
en paati ku BP tablet,CALL_ASHA
appa ku joint pain oil,CALL_ASHA
thathaku weakness konjam irukku,CALL_ASHA
enga thatha ku sugar eppadi,CALL_ASHA
paati iron tablet epo,CALL_ASHA
en ammaku BP check,CALL_ASHA
thatha joint pain medicine,CALL_ASHA
enga paati ku age weakness,CALL_ASHA
appa ku muthuku vali ku enna,CALL_ASHA
thathaku calcium eppadi,CALL_ASHA
en thatha ku sugar tablet,CALL_ASHA
paati BP medicine venum,CALL_ASHA
enga appaku joint pain konjam,CALL_ASHA
thatha weakness tonic venum,CALL_ASHA
en paati ku iron mathirai,CALL_ASHA
appa ku age thalaruchi,CALL_ASHA
thathaku BP tablet epo,CALL_ASHA
paati sugar test venum,CALL_ASHA
en payyanukku vitamin tablet eppadi kudukka,CALL_ASHA
enga pondatiku calcium mathirai epo venum,CALL_ASHA
baby ku next vaccination epo varum,CALL_ASHA
maganukku iron syrup eppavum kudukka,CALL_ASHA
en ammaku sleeping tablet epo kudukkalaam,CALL_ASHA
mild ah salli irukku enna marundhu venum,CALL_ASHA
veetukararukku protein powder epo saapda,CALL_ASHA
baby ku polio oosi epo,CALL_ASHA
en ponnukku multivitamin eppadi,CALL_ASHA
enga appaku sugar tablet epo podanum,CALL_ASHA
fever illa aana konjam thala vali enna panlam,CALL_ASHA
magalukku next vaccine date epo,CALL_ASHA
iron tablet venum en pondatiku,CALL_ASHA
baby ku oru oosi epo poda num,CALL_ASHA
payyanukku cough syrup epo kudukka,CALL_ASHA
enga ammaku calcium eppavum,CALL_ASHA
mild body pain enna marundhu,CALL_ASHA
veetukararukku vitamin d tablet epo,CALL_ASHA
baby ku measles vaccine epo,CALL_ASHA
ponnukku iron mathirai venum,CALL_ASHA
en appaku BP tablet epo,CALL_ASHA
light ah cold irukku enna seyya,CALL_ASHA
maganukku next injection date sollunga,CALL_ASHA
enga pondatiku folic acid epo venum,CALL_ASHA
baby ku polio booster epo,CALL_ASHA
payyanukku multivitamin syrup eppadi,CALL_ASHA
ammaku sleeping issue enna tablet,CALL_ASHA
iron tablet epo poda num en ponnuku,CALL_ASHA
baby ku DPT oosi epo,CALL_ASHA
veetukararukku calcium tablet venum,CALL_ASHA
mild thala vali enna panlam,CALL_ASHA
magalukku vitamin tablet epo,CALL_ASHA
enga appaku sugar mathirai epo,CALL_ASHA
baby ku next vaccine epo varum,CALL_ASHA
pondatiku iron syrup eppavum,CALL_ASHA
light cough irukku marundhu sollunga,CALL_ASHA
en payyanukku protein epo,CALL_ASHA
baby ku BCG date epo,CALL_ASHA
ponnukku calcium venum,CALL_ASHA
ammaku BP tablet epo poda,CALL_ASHA
fever illa aana konjam weak enna venum,CALL_ASHA
veetukararukku vitamin tablet epo,CALL_ASHA
baby ku measles oosi epo,CALL_ASHA
maganukku iron mathirai eppadi,CALL_ASHA
enga pondati ku folic acid epo,CALL_ASHA
mild salli enna marundhu,CALL_ASHA
appaku sleeping tablet venum,CALL_ASHA
en payyanukku multivitamin epo,CALL_ASHA
light body pain enna seyya,CALL_ASHA
ponnukku calcium mathirai,CALL_ASHA
ammaku iron tablet epo,CALL_ASHA
veetukararukku protein powder,CALL_ASHA
magalukku vitamin d epo venum,CALL_ASHA
enga appaku BP mathirai epo,CALL_ASHA
mild cold irukku enna panradhu,CALL_ASHA
baby ku DPT booster epo,CALL_ASHA
pondatiku iron venum,CALL_ASHA
payyanukku cough syrup epo,CALL_ASHA
en ponnukku calcium epo poda,CALL_ASHA
light thala vali enna marundhu,CALL_ASHA
ammaku vitamin tablet venum,CALL_ASHA
en veetukararukku folic acid epo,CALL_ASHA
maganukku iron syrup eppadi,CALL_ASHA
enga pondati ku mild salli enna seyya,CALL_ASHA
baby ku measles vaccine date,CALL_ASHA
en appaku calcium tablet epo,CALL_ASHA
payyanukku vitamin epo,CALL_ASHA
light weak feel enna venum,CALL_ASHA
ponnukku BP tablet doubt,CALL_ASHA
en ammaku sleeping issue enna,CALL_ASHA
baby ku polio epo podanum,CALL_ASHA
veetukararukku protein epo,CALL_ASHA
magalukku iron mathirai venum,CALL_ASHA
enga appaku mild cough enna panlam,CALL_ASHA
baby ku BCG oosi epo,CALL_ASHA
pondatiku calcium venum,CALL_ASHA
payyanukku multivitamin syrup,CALL_ASHA
light body vali enna marundhu,CALL_ASHA
ponnukku folic acid epo,CALL_ASHA
ammaku vitamin d tablet,CALL_ASHA
baby ku DPT epo,CALL_ASHA
en veetukararukku iron tablet epo,CALL_ASHA
maganukku calcium epo poda,CALL_ASHA
enga pondati ku vitamin epo,CALL_ASHA
en appaku protein powder venum,CALL_ASHA
light salli enna seyya,CALL_ASHA
payyanukku BP mathirai doubt,CALL_ASHA
ponnukku iron syrup epo,CALL_ASHA
en ammaku folic acid epo,CALL_ASHA
baby ku measles oosi,CALL_ASHA
veetukarar mild thala vali enna,CALL_ASHA
enga appaku calcium epo,CALL_ASHA
pondatiku multivitamin epo,CALL_ASHA
payyanukku light cold enna marundhu,CALL_ASHA
en ponnukku protein epo,CALL_ASHA
ammaku iron tablet venum,CALL_ASHA
baby ku DPT date epo,CALL_ASHA
veetukararukku sleeping tablet,CALL_ASHA
en maganukku folic acid epo,CALL_ASHA
enga pondati ku calcium mathirai,CALL_ASHA
baby ku BCG epo,CALL_ASHA
appaku vitamin d venum,CALL_ASHA
light headache enna panlam,CALL_ASHA
payyanukku iron epo,CALL_ASHA
ponnukku mild salli enna,CALL_ASHA
ammaku BP tablet epo,CALL_ASHA
veetukararukku multivitamin,CALL_ASHA
magalukku protein powder,CALL_ASHA
enga appaku calcium tablet,CALL_ASHA
baby ku measles vaccine,CALL_ASHA
pondatiku iron syrup epo,CALL_ASHA
payyanukku folic acid venum,CALL_ASHA
light body pain enna venum,CALL_ASHA
en ponnukku vitamin tablet epo,CALL_ASHA
ammaku mild cough enna,CALL_ASHA
veetukararukku iron tablet,CALL_ASHA
en maganukku calcium epo,CALL_ASHA
enga pondati ku vitamin d,CALL_ASHA
baby ku DPT booster,CALL_ASHA
appaku sleeping tablet epo,CALL_ASHA
en payyanukku light weak enna,CALL_ASHA
ponnukku protein epo,CALL_ASHA
ammaku folic acid,CALL_ASHA
baby ku BCG date,CALL_ASHA
en veetukarar mild salli enna,CALL_ASHA
magalukku iron mathirai,CALL_ASHA
enga appaku multivitamin epo,CALL_ASHA
en pondatiku calcium venum,CALL_ASHA
payyanukku BP doubt,CALL_ASHA
ponnukku vitamin epo,CALL_ASHA
ammaku iron epo,CALL_ASHA
veetukararukku protein,CALL_ASHA
magan light headache enna,CALL_ASHA
baby ku polio booster,CALL_ASHA
appaku calcium tablet venum,CALL_ASHA
payyanukku mild cold enna,CALL_ASHA
ponnukku iron syrup,CALL_ASHA
en ammaku vitamin d epo,CALL_ASHA
veetukararukku sleeping issue,CALL_ASHA
magalukku multivitamin,CALL_ASHA
enga appaku light body pain,CALL_ASHA
pondatiku protein powder epo,CALL_ASHA
payyanukku calcium mathirai,CALL_ASHA
en ponnukku mild salli,CALL_ASHA
ammaku iron tablet,CALL_ASHA
baby ku next injection,CALL_ASHA
veetukararukku folic acid venum,CALL_ASHA
en maganukku vitamin tablet epo,CALL_ASHA
enga pondati ku BP mathirai,CALL_ASHA
appaku light cough enna,CALL_ASHA
en payyanukku iron epo,CALL_ASHA
ponnukku calcium epo,CALL_ASHA
ammaku protein epo,CALL_ASHA
baby ku polio date,CALL_ASHA
en veetukarar mild weak enna,CALL_ASHA
magalukku multivitamin syrup,CALL_ASHA
enga appaku folic acid epo,CALL_ASHA
baby ku DPT,CALL_ASHA
en pondatiku vitamin d venum,CALL_ASHA
payyanukku sleeping tablet,CALL_ASHA
ponnukku light thala vali enna,CALL_ASHA
ammaku calcium tablet,CALL_ASHA
baby ku BCG booster,CALL_ASHA
veetukararukku iron syrup epo,CALL_ASHA
maganukku protein powder,CALL_ASHA
enga pondati ku mild cold enna,CALL_ASHA
baby ku next vaccine date,CALL_ASHA
appaku multivitamin epo,CALL_ASHA
payyanukku folic acid,CALL_ASHA
ponnukku iron tablet venum,CALL_ASHA
en ammaku BP tablet doubt,CALL_ASHA
baby ku measles epo,CALL_ASHA
veetukararukku calcium epo,CALL_ASHA
magal light body pain enna,CALL_ASHA
enga appaku vitamin epo,CALL_ASHA
baby ku polio oosi,CALL_ASHA
pondatiku protein venum,CALL_ASHA
payyanukku mild salli enna,CALL_ASHA
en ponnukku multivitamin,CALL_ASHA
ammaku iron syrup epo,CALL_ASHA
veetukararukku folic acid,CALL_ASHA
en maganukku calcium mathirai,CALL_ASHA
enga pondati ku vitamin d tablet,CALL_ASHA
baby ku BCG,CALL_ASHA
appaku light fever illa enna,CALL_ASHA
en payyanukku sleeping issue enna,CALL_ASHA
ponnukku protein powder epo,CALL_ASHA
ammaku mild cough marundhu,CALL_ASHA
எங்க அம்மாவுக்கு இந்த மாத்திரை எப்போ போடணும்னு கொஞ்சம் சொல்லுங்க,CALL_ASHA
பாப்பாக்கு ஊசி போடுற தேதி எப்போ,CALL_ASHA
எனக்கு ரொம்ப சோர்வா இருக்கு சத்து மாத்திரை வேணும்,CALL_ASHA
என் பையனுக்கு கால்சியம் மாத்திரை எப்போ கொடுக்கணும்,CALL_ASHA
எங்க பொண்டாட்டிக்கு வைட்டமின் டேப்லெட் வேணும் கொஞ்சம் சொல்லுங்க,CALL_ASHA
பாப்பாக்கு அடுத்த வேக்சின் எப்போ,CALL_ASHA
எங்க அப்பாவுக்கு பிரஷர் மாத்திரை டோஸ் என்ன,CALL_ASHA
என் பொண்ணுக்கு இருமல் சிரப் எப்போ கொடுக்கலாம்,CALL_ASHA
பாப்பாக்கு போலியோ ஊசி தேதி எப்போ,CALL_ASHA
எங்க அம்மாவுக்கு இரும்பு மாத்திரை வேணுமா,CALL_ASHA
என் பையனுக்கு மல்டிவிட்டமின் சிரப் எப்போ,CALL_ASHA
பாப்பாக்கு அடுத்த ஊசி எப்போ போடணும்,CALL_ASHA
எங்க பொண்டாட்டிக்கு கால்சியம் டேப்லெட் டோஸ் என்ன,CALL_ASHA
என் அப்பாக்கு சர்க்கரை மாத்திரை எப்போ சாப்பிடணும்,CALL_ASHA
பாப்பாக்கு வைட்டமின் கொடுக்கணுமா,CALL_ASHA
எங்க அம்மாவுக்கு புரோட்டீன் பவுடர் வேணும்,CALL_ASHA
என் பொண்ணுக்கு எர்ஜி மாத்திரை வேணும்,CALL_ASHA
பாப்பாக்கு அடுத்த இன்ஜெக்ஷன் தேதி எப்போ,CALL_ASHA
எங்க தாத்தாவுக்கு பிரஷர் டேப்லெட் எப்போ,CALL_ASHA
என் பையனுக்கு கால்சியம் டேப்லெட் வேணும்,CALL_ASHA
பாப்பாக்கு போலியோ டிராப் எப்போ கொடுக்கணும்,CALL_ASHA
எங்க பொண்டாட்டிக்கு இரும்பு மாத்திரை டோஸ் என்ன,CALL_ASHA
என் அம்மாவுக்கு வைட்டமின் சிரப் எப்போ,CALL_ASHA
பாப்பாக்கு வேக்சின் லிஸ்ட் கொஞ்சம் சொல்லுங்க,CALL_ASHA
எங்க அப்பாக்கு டயபடிக் மாத்திரை எப்போ,CALL_ASHA
என் பொண்ணுக்கு சத்து மாத்திரை வேணும்,CALL_ASHA
பாப்பாக்கு அடுத்த ஊசி எப்போ,CALL_ASHA
எங்க தாத்தாவுக்கு கால்சியம் மாத்திரை எப்போ,CALL_ASHA
என் பையனுக்கு மல்டிவிட்டமின் வேணுமா,CALL_ASHA
எங்க அம்மாவுக்கு இரும்பு டேப்லெட் டோஸ் என்ன,CALL_ASHA
பாப்பாக்கு இன்ஜெக்ஷன் தேதி எப்போ,CALL_ASHA
என் பொண்டாட்டிக்கு புரோட்டீன் பவுடர் எப்போ,CALL_ASHA
எங்க அப்பாவுக்கு சர்க்கரை கண்ட்ரோல் மாத்திரை,CALL_ASHA
என் பொண்ணுக்கு கால்சியம் டேப்லெட் வேணும்,CALL_ASHA
பாப்பாக்கு போலியோ ஊசி எப்போ,CALL_ASHA
எங்க பொண்டாட்டிக்கு வைட்டமின் டேப்லெட் எப்போ,CALL_ASHA
என் பையனுக்கு எர்ஜி இல்லை மாத்திரை வேணும்,CALL_ASHA
பாப்பாக்கு அடுத்த வேக்சின் தேதி,CALL_ASHA
எங்க அம்மாவுக்கு இரும்பு மாத்திரை வேணும்,CALL_ASHA
என் அப்பாக்கு டயபடிக் டேப்லெட் டோஸ் என்ன,CALL_ASHA
பாப்பாக்கு வைட்டமின் சிரப் எப்போ,CALL_ASHA
எங்க தாத்தாவுக்கு கால்சியம் மாத்திரை,CALL_ASHA
என் பொண்ணுக்கு மல்டிவிட்டமின் எப்போ,CALL_ASHA
பாப்பாக்கு ஊசி போடுற தேதி,CALL_ASHA
எங்க பொண்டாட்டிக்கு புரோட்டீன் வேணும்,CALL_ASHA
என் பையனுக்கு இருமல் சிரப் எப்போ,CALL_ASHA
எங்க அம்மாவுக்கு சத்து மாத்திரை வேணும்,CALL_ASHA
பாப்பாக்கு அடுத்த இன்ஜெக்ஷன் எப்போ,CALL_ASHA
என் அப்பாக்கு பிரஷர் மாத்திரை எப்போ,CALL_ASHA
எங்க பொண்ணுக்கு கால்சியம் டேப்லெட்,CALL_ASHA
பாப்பாக்கு போலியோ டிராப்,CALL_ASHA
என் பொண்டாட்டிக்கு இரும்பு மாத்திரை,CALL_ASHA
எங்க தாத்தாவுக்கு வைட்டமின் எப்போ,CALL_ASHA
என் பையனுக்கு எர்ஜி மாத்திரை வேணும்,CALL_ASHA
பாப்பாக்கு வேக்சின் டேட் எப்போ,CALL_ASHA
எங்க அம்மாவுக்கு மல்டிவிட்டமின் சிரப்,CALL_ASHA
என் அப்பாக்கு சர்க்கரை மாத்திரை,CALL_ASHA
எங்க பொண்டாட்டிக்கு கால்சியம் வேணும்,CALL_ASHA
பாப்பாக்கு அடுத்த ஊசி,CALL_ASHA
என் பொண்ணுக்கு இரும்பு டேப்லெட்,CALL_ASHA
எங்க அப்பாவுக்கு டயபடிக் டவுட்,CALL_ASHA
என் பையனுக்கு வைட்டமின் சிரப்,CALL_ASHA
பாப்பாக்கு இன்ஜெக்ஷன் தேதி,CALL_ASHA
எங்க அம்மாவுக்கு புரோட்டீன் பவுடர்,CALL_ASHA
என் பொண்டாட்டிக்கு எர்ஜி மாத்திரை,CALL_ASHA
பாப்பாக்கு போலியோ ஊசி,CALL_ASHA
எங்க தாத்தாவுக்கு கால்சியம் டேப்லெட்,CALL_ASHA
என் பொண்ணுக்கு மல்டிவிட்டமின்,CALL_ASHA
எங்க அப்பாக்கு சத்து மாத்திரை,CALL_ASHA
பாப்பாக்கு வேக்சின் லிஸ்ட்,CALL_ASHA
என் பையனுக்கு இரும்பு மாத்திரை,CALL_ASHA
எங்க பொண்டாட்டிக்கு வைட்டமின் டேப்லெட்,CALL_ASHA
பாப்பாக்கு அடுத்த வேக்சின்,CALL_ASHA
எங்க அம்மாவுக்கு கால்சியம் மாத்திரை,CALL_ASHA
என் அப்பாக்கு பிரஷர் டேப்லெட்,CALL_ASHA
என் பொண்ணுக்கு சிரப் டோஸ்,CALL_ASHA
பாப்பாக்கு ஊசி எப்போ,CALL_ASHA
எங்க பொண்டாட்டிக்கு புரோட்டீன்,CALL_ASHA
என் பையனுக்கு எர்ஜி டேப்லெட்,CALL_ASHA
எங்க தாத்தாவுக்கு வைட்டமின்,CALL_ASHA
என் அம்மாவுக்கு இரும்பு மாத்திரை,CALL_ASHA
பாப்பாக்கு இன்ஜெக்ஷன்,CALL_ASHA
எங்க அப்பாக்கு சர்க்கரை மாத்திரை,CALL_ASHA
என் பொண்ணுக்கு கால்சியம்,CALL_ASHA
எங்க பொண்டாட்டிக்கு மல்டிவிட்டமின்,CALL_ASHA
பாப்பாக்கு வேக்சின் தேதி,CALL_ASHA
என் பையனுக்கு சத்து மாத்திரை,CALL_ASHA
எங்க அம்மாவுக்கு புரோட்டீன்,CALL_ASHA
என் அப்பாக்கு டயபடிக் மாத்திரை,CALL_ASHA
பாப்பாக்கு போலியோ,CALL_ASHA
எங்க பொண்டாட்டிக்கு வைட்டமின் சிரப்,CALL_ASHA
என் பையனுக்கு கால்சியம்,CALL_ASHA
எங்க தாத்தாவுக்கு எர்ஜி மாத்திரை,CALL_ASHA
பாப்பாக்கு வேக்சின்,CALL_ASHA
எங்க அம்மாவுக்கு மல்டிவிட்டமின்,CALL_ASHA
என் அப்பாக்கு பிரஷர் மாத்திரை,CALL_ASHA
என் பொண்ணுக்கு சத்து மாத்திரை,CALL_ASHA
எங்க பொண்டாட்டிக்கு இரும்பு மாத்திரை,CALL_ASHA
என் பையனுக்கு வைட்டமின்,CALL_ASHA
எங்க அம்மாவுக்கு கால்சியம் டேப்லெட்,CALL_ASHA
என் அப்பாக்கு சர்க்கரை கண்ட்ரோல்,CALL_ASHA
என் பொண்ணுக்கு புரோட்டீன்,CALL_ASHA
எங்க தாத்தாவுக்கு இரும்பு மாத்திரை,CALL_ASHA
பாப்பாக்கு ஊசி,CALL_ASHA
என் பையனுக்கு மல்டிவிட்டமின் சிரப்,CALL_ASHA
எங்க அம்மாவுக்கு வைட்டமின் டேப்லெட்,CALL_ASHA
என் அப்பாக்கு டயபடிக் டேப்லெட்,CALL_ASHA
என் பொண்ணுக்கு கால்சியம் மாத்திரை,CALL_ASHA
பாப்பாக்கு வேக்சின் டேட்,CALL_ASHA
எங்க பொண்டாட்டிக்கு சத்து மாத்திரை,CALL_ASHA
எங்க தாத்தாவுக்கு புரோட்டீன்,CALL_ASHA
என் பொண்ணுக்கு வைட்டமின் சிரப்,CALL_ASHA
எங்க பொண்டாட்டிக்கு கால்சியம்,CALL_ASHA
எங்க அம்மாவுக்கு இரும்பு மாத்திரை,CALL_ASHA
என் பொண்ணுக்கு புரோட்டீன் பவுடர்,CALL_ASHA
எங்க தாத்தாவுக்கு மல்டிவிட்டமின்,CALL_ASHA
என் பொண்டாட்டிக்கு சத்து மாத்திரை,CALL_ASHA
என் பையனுக்கு கால்சியம் டேப்லெட்,CALL_ASHA
பாப்பாக்கு ஊசி தேதி,CALL_ASHA
எங்க அம்மாவுக்கு வைட்டமின்,CALL_ASHA
என் அப்பாக்கு டயபடிக்,CALL_ASHA
என் பொண்ணுக்கு இரும்பு,CALL_ASHA
எங்க பொண்டாட்டிக்கு பிரஷர் மாத்திரை,CALL_ASHA
என் பையனுக்கு எர்ஜி மாத்திரை,CALL_ASHA
எங்க அம்மாவுக்கு கால்சியம்,CALL_ASHA
என் அப்பாக்கு புரோட்டீன்,CALL_ASHA
எங்க தாத்தாவுக்கு சத்து மாத்திரை,CALL_ASHA
என் பொண்டாட்டிக்கு வைட்டமின் சிரப்,CALL_ASHA
எங்க அம்மாவுக்கு டயபடிக் மாத்திரை,CALL_ASHA
என் அப்பாக்கு கால்சியம்,CALL_ASHA
என் அப்பாக்கு வைட்டமின்,CALL_ASHA
என் பொண்ணுக்கு எர்ஜி மாத்திரை,CALL_ASHA
எங்க தாத்தாவுக்கு பிரஷர் மாத்திரை,CALL_ASHA
என் பொண்டாட்டிக்கு கால்சியம் டேப்லெட்,CALL_ASHA
என் பையனுக்கு புரோட்டீன்,CALL_ASHA
என் அப்பாக்கு சத்து மாத்திரை,CALL_ASHA
எங்க பொண்டாட்டிக்கு வைட்டமின்,CALL_ASHA
என் அப்பாக்கு எர்ஜி மாத்திரை,CALL_ASHA
என் பொண்டாட்டிக்கு மல்டிவிட்டமின்,CALL_ASHA
என் பையனுக்கு இரும்பு,CALL_ASHA
எங்க அம்மாவுக்கு எர்ஜி மாத்திரை,CALL_ASHA
என் அப்பாக்கு மல்டிவிட்டமின்,CALL_ASHA
என் பொண்ணுக்கு வைட்டமின்,CALL_ASHA
எங்க தாத்தாவுக்கு கால்சியம்,CALL_ASHA
என் பொண்டாட்டிக்கு புரோட்டீன்,CALL_ASHA
என் பொண்ணுக்கு எர்ஜி,CALL_ASHA
பேபிக்கு அடுத்த ஊசி எப்போ போடணும் கொஞ்சம் சொல்லுங்க,CALL_ASHA
கர்ப்பிணி மனைவிக்கு இரும்பு மாத்திரை எப்போ சாப்பிடணும்,CALL_ASHA
பாப்பாக்கு கால்சியம் டிராப்ஸ் வேணும்,CALL_ASHA
என் பையனுக்கு மல்டிவிட்டமின் சிரப் எப்போ தரணும்,CALL_ASHA
சின்னு பொண்ணு பால் குடிக்குறது குறைஞ்சிருக்கு என்ன பண்ணலாம்,CALL_ASHA
அடுத்த போலியோ தடுப்பூசி எப்போ பாப்பாவுக்கு,CALL_ASHA
கர்ப்பிணி பொண்டாட்டிக்கு கால்சியம் டேப்லட் வேணும்,CALL_ASHA
என் பேபிக்கு லேசான ஜுரம் இருக்கு ஆனா பரவாயில்லையே,CALL_ASHA
மகனுக்கு டீவார்மிங் மருந்து எப்போ தரணும்,CALL_ASHA
பேபிக்கு இரும்பு டிராப்ஸ் கொஞ்சம் வேணும்,CALL_ASHA
கர்ப்பிணி மனைவிக்கு அடுத்த செக் அப் எப்போ,CALL_ASHA
என் சின்னு பையனுக்கு விட்டமின் சிரப் வேணும்,CALL_ASHA
அடுத்த வாக்சினேஷன் கேம்ப் எப்போ என் பையனுக்கு,CALL_ASHA
கர்ப்பிணி பொண்ணுக்கு ஃபோலிக் ஆசிட் மாத்திரை எப்போ,CALL_ASHA
பேபி சாப்பிடுறது சரியில்ல எப்படி பண்ணலாம்,CALL_ASHA
என் மனைவிக்கு கர்ப்பத்தில் கால்சியம் மாத்திரை வேணும்,CALL_ASHA
பாப்பாக்கு அடுத்த ஷாட் தேதி என்ன,CALL_ASHA
சின்னு பையனுக்கு இருமல் சிரப் எப்போ தரலாம்,CALL_ASHA
கர்ப்பிணி மனைவிக்கு தலைவலி வருது ஆனா சீரியஸ் இல்ல,CALL_ASHA
என் பேபிக்கு வெயிட்டை எப்படி அதிகரிக்கலாம் கொஞ்சம் சொல்லுங்க,CALL_ASHA
மகளுக்கு அடுத்த வாக்சின் எப்போ,CALL_ASHA
பொண்டாட்டிக்கு இரும்பு சப்ளிமெண்ட் வேணும்,CALL_ASHA
பேபிக்கு லேசான சளி இருக்கு பரவாயில்லையா,CALL_ASHA
என் பையனுக்கு விட்டமின் டேப்லட் எப்போ,CALL_ASHA
கர்ப்பிணி பொண்ணுக்கு டயட் என்ன வேணும்,CALL_ASHA
பேபிக்கு பால் கொடுக்குற நேரம் எப்படி இருக்கணும்,CALL_ASHA
சின்னு பையனுக்கு வாக்சினேஷன் தேதி எப்போ,CALL_ASHA
என் மனைவிக்கு கால்சியம் டேப்லட் கொஞ்சம் வேணும்,CALL_ASHA
பேபி நல்லா தூங்கல என்ன பண்ணலாம்,CALL_ASHA
கர்ப்பிணி மனைவிக்கு டெட்டனஸ் ஷாட் எப்போ,CALL_ASHA
மகளுக்கு இரும்பு சிரப் வேணும்,CALL_ASHA
என் பேபிக்கு லேசான வயிற்றுப்போக்கு இருக்கு ஆனா ஜுரம் இல்ல,CALL_ASHA
பொண்டாட்டிக்கு கர்ப்ப மாத்திரை எப்போ சாப்பிடணும்,CALL_ASHA
பாப்பாக்கு அடுத்த போலியோ டோஸ் எப்போ,CALL_ASHA
சின்னு பையனுக்கு மல்டிவிட்டமின் எப்போ தரணும்,CALL_ASHA
என் கர்ப்பிணி மனைவிக்கு முதுகு வலி லேசா இருக்கு என்ன,CALL_ASHA
பையனுக்கு டீவார்மிங் டேப்லட் எப்போ,CALL_ASHA
பேபிக்கு தாய்ப்பால் எப்படி கொடுக்கணும்,CALL_ASHA
மகளுக்கு விட்டமின் டிராப்ஸ் வேணும்,CALL_ASHA
என் கர்ப்பிணி பொண்ணுக்கு செக் அப் தேதி எப்போ,CALL_ASHA
பேபிக்கு லேசான சளி இருக்கு என்ன செய்யணும்,CALL_ASHA
மனைவிக்கு ஃபோலிக் ஆசிட் எப்போ வேணும்,CALL_ASHA
பேபிக்கு அடுத்த வாக்சினேஷன் எப்போ,CALL_ASHA
என் சின்னு பையனுக்கு இருமல் மருந்து எப்போ,CALL_ASHA
கர்ப்பிணி மனைவிக்கு கால்சியம் வேணும் கொஞ்சம்,CALL_ASHA
பேபிக்கு வெயிட் கெயின் இல்ல என்ன பண்ணலாம்,CALL_ASHA
மகனுக்கு அடுத்த வாக்சின் தேதி சொல்லுங்க,CALL_ASHA
என் பொண்டாட்டிக்கு இரும்பு மாத்திரை எப்போ,CALL_ASHA
பேபி சாப்பிடுறது சரியில்ல,CALL_ASHA
கர்ப்பிணி பொண்ணுக்கு டயட் பிளான் வேணும்,CALL_ASHA
பையனுக்கு விட்டமின் சிரப் எப்போ,CALL_ASHA
என் சின்னு பையனுக்கு வாக்சினேஷன் கேம்ப் எப்போ,CALL_ASHA
மனைவிக்கு கர்ப்பத்தில் மாத்திரை வேணும்,CALL_ASHA
பேபிக்கு லேசான ஜுரம் இருக்கு பரவாயில்லையா,CALL_ASHA
மகளுக்கு இரும்பு சப்ளிமெண்ட் எப்போ,CALL_ASHA
என் பேபிக்கு பால் குடிக்க சிரமம் என்ன செய்யலாம்,CALL_ASHA
கர்ப்பிணி மனைவிக்கு தலைவலி லேசா இருக்கு,CALL_ASHA
மகனுக்கு டீவார்மிங் எப்போ,CALL_ASHA
பேபிக்கு அடுத்த ஷாட் எப்போ,CALL_ASHA
என் பொண்டாட்டிக்கு கால்சியம் டேப்லட் வேணும்,CALL_ASHA
சின்னு பையனுக்கு லேசான சளி இருக்கு என்ன,CALL_ASHA
கர்ப்பிணி பொண்ணுக்கு ஃபோலிக் ஆசிட் எப்போ,CALL_ASHA
பேபி தூங்குற நேரம் என்ன,CALL_ASHA
என் மனைவிக்கு கர்ப்ப செக் அப் எப்போ,CALL_ASHA
பையனுக்கு மல்டிவிட்டமின் வேணும்,CALL_ASHA
பேபிக்கு சளி இருக்கு ஆனா ஜுரம் இல்ல,CALL_ASHA
என் கர்ப்பிணி மனைவிக்கு இரும்பு மாத்திரை எப்போ,CALL_ASHA
பேபிக்கு வெயிட் எப்படி அதிகப்படுத்தலாம்,CALL_ASHA
மகனுக்கு இருமல் சிரப் எப்போ,CALL_ASHA
பொண்டாட்டிக்கு கர்ப்ப டயட் என்ன வேணும்,CALL_ASHA
என் சின்னு பையனுக்கு விட்டமின் எப்போ தரணும்,CALL_ASHA
பேபிக்கு லேசான இருமல் இருக்கு,CALL_ASHA
கர்ப்பிணி பொண்ணுக்கு கால்சியம் வேணும்,CALL_ASHA
பையனுக்கு வாக்சினேஷன் தேதி எப்போ,CALL_ASHA
என் பேபிக்கு பால் கொடுக்க சிரமம்,CALL_ASHA
மனைவிக்கு தலைவலி இருக்கு ஆனா சீரியஸ் இல்ல,CALL_ASHA
மகளுக்கு இரும்பு டிராப்ஸ் எப்போ,CALL_ASHA
பேபிக்கு அடுத்த போலியோ எப்போ,CALL_ASHA
என் கர்ப்பிணி மனைவிக்கு மாத்திரை எப்போ போடணும்,CALL_ASHA
சின்னு பையனுக்கு டீவார்மிங் மருந்து வேணும்,CALL_ASHA
பேபி அழுகை அதிகம் ஆனா ஜுரம் இல்ல,CALL_ASHA
பொண்டாட்டிக்கு ஃபோலிக் ஆசிட் வேணும்,CALL_ASHA
என் மகனுக்கு லேசான சளி என்ன செய்யணும்,CALL_ASHA
கர்ப்பிணி பொண்ணுக்கு செக் அப் எப்போ,CALL_ASHA
பேபிக்கு தாய்ப்பால் எப்படி,CALL_ASHA
மனைவிக்கு கால்சியம் வேணும்,CALL_ASHA
மகளுக்கு வாக்சினேஷன் எப்போ அடுத்தது,CALL_ASHA
கர்ப்பிணி மனைவிக்கு இரும்பு வேணும்,CALL_ASHA
என் பேபிக்கு சாப்பிட சிரமம் என்ன செய்யலாம்,CALL_ASHA
மகனுக்கு மல்டிவிட்டமின் வேணும்,CALL_ASHA
பொண்டாட்டிக்கு கர்ப்ப டயட் கொஞ்சம் சொல்லுங்க,CALL_ASHA
சின்னு பையனுக்கு இருமல் சிரப் வேணும்,CALL_ASHA
என் பேபிக்கு லேசான ஜுரம் இருக்கு என்ன,CALL_ASHA
கர்ப்பிணி பொண்ணுக்கு மாத்திரை எப்போ,CALL_ASHA
பையனுக்கு டீவார்மிங் எப்போ,CALL_ASHA
பேபிக்கு பால் கொடுக்குற நேரம்,CALL_ASHA
என் மனைவிக்கு லேசான முதுகு வலி என்ன,CALL_ASHA
மகளுக்கு இரும்பு மாத்திரை எப்போ,CALL_ASHA
பேபிக்கு அடுத்த ஷாட் தேதி,CALL_ASHA
கர்ப்பிணி மனைவிக்கு கால்சியம் வேணும்,CALL_ASHA
என் சின்னு பையனுக்கு லேசான சளி,CALL_ASHA
பேபிக்கு வெயிட் அதிகரிக்க என்ன பண்ணலாம்,CALL_ASHA
மகனுக்கு வாக்சினேஷன் கேம்ப் எப்போ,CALL_ASHA
என் பேபி அழுதுகிட்டே தூங்கல என்ன,CALL_ASHA
கர்ப்பிணி பொண்ணுக்கு டயட் வேணும்,CALL_ASHA
பையனுக்கு விட்டமின் எப்போ,CALL_ASHA
பேபிக்கு லேசான சளி,CALL_ASHA
என் மனைவிக்கு கர்ப்பத்தில் மாத்திரை வேணும்,CALL_ASHA
மகளுக்கு டீவார்மிங் வேணும்,CALL_ASHA
பேபிக்கு பால் குடிக்க சிரமம்,CALL_ASHA
கர்ப்பிணி மனைவிக்கு லேசான தலைவலி,CALL_ASHA
என் மகனுக்கு அடுத்த வாக்சின்,CALL_ASHA
பொண்டாட்டிக்கு இரும்பு சப்ளிமெண்ட்,CALL_ASHA
சின்னு பையனுக்கு மல்டிவிட்டமின் வேணும்,CALL_ASHA
பேபிக்கு லேசான வயிற்றுப்போக்கு என்ன,CALL_ASHA
என் கர்ப்பிணி பொண்ணுக்கு செக் அப் எப்போ,CALL_ASHA
பையனுக்கு இருமல் மருந்து எப்போ,CALL_ASHA
பேபிக்கு லேசான ஜுரம் என்ன செய்யலாம்,CALL_ASHA
மனைவிக்கு கால்சியம் டேப்லட்,CALL_ASHA
என் மகளுக்கு வாக்சினேஷன் எப்போ,CALL_ASHA
பேபிக்கு சளி பரவாயில்லையா,CALL_ASHA
கர்ப்பிணி மனைவிக்கு ஃபோலிக் ஆசிட் எப்போ,CALL_ASHA
மகனுக்கு லேசான சளி என்ன செய்யணும்,CALL_ASHA
என் பேபிக்கு தாய்ப்பால் எப்படி கொடுக்கணும்,CALL_ASHA
பொண்டாட்டிக்கு டயட் என்ன வேணும்,CALL_ASHA
சின்னு பையனுக்கு இரும்பு டிராப்ஸ்,CALL_ASHA
பேபி தூங்க சிரமம் what,CALL_ASHA
என் கர்ப்பிணி பொண்ணுக்கு லேசான வலி என்ன,CALL_ASHA
பையனுக்கு விட்டமின் டேப்லட் வேணும்,CALL_ASHA
பேபிக்கு அடுத்த ஊசி எப்போ,CALL_ASHA
மனைவிக்கு கர்ப்ப செக் அப்,CALL_ASHA
என் மகளுக்கு லேசான ஜுரம் என்ன,CALL_ASHA
சின்னு பையனுக்கு வாக்சினேஷன் தேதி,CALL_ASHA
பேபி அழுகை அதிகம் என்ன பண்ணலாம்,CALL_ASHA
என் பையனுக்கு மல்டிவிட்டமின்,CALL_ASHA
மனைவிக்கு லேசான தலைவலி என்ன,CALL_ASHA
மகளுக்கு அடுத்த ஷாட்,CALL_ASHA
என் பேபிக்கு வெயிட் என்ன பண்ணலாம்,CALL_ASHA
கர்ப்பிணி மனைவிக்கு டயட் வேணும்,CALL_ASHA
பேபிக்கு பால் சிரமம்,CALL_ASHA
என் பொண்டாட்டிக்கு ஃபோலிக் ஆசிட்,CALL_ASHA
சின்னு பையனுக்கு லேசான சளி என்ன,CALL_ASHA
பேபிக்கு அடுத்த வாக்சின் எப்போ,CALL_ASHA
கர்ப்பிணி பொண்ணுக்கு கால்சியம்,CALL_ASHA
என் பையனுக்கு இரும்பு வேணும்,CALL_ASHA
மனைவிக்கு கர்ப்பத்தில் என்ன,CALL_ASHA
மகளுக்கு விட்டமின் எப்போ,CALL_ASHA
என் பேபிக்கு சாப்பிட சிரமம்,CALL_ASHA
மகனுக்கு அடுத்த வாக்சின்,CALL_ASHA
பொண்டாட்டிக்கு மல்டிவிட்டமின்,CALL_ASHA
என் சின்னு பையனுக்கு இருமல் சிரப்,CALL_ASHA
பேபிக்கு லேசான ஜுரம் என்ன,CALL_ASHA
பையனுக்கு விட்டமின் டிராப்ஸ்,CALL_ASHA
என் பேபிக்கு சாப்பிட என்ன,CALL_ASHA
மகளுக்கு லேசான சளி,CALL_ASHA
பேபி அழுகை என்ன பண்ணலாம்,CALL_ASHA
என் கர்ப்பிணி மனைவிக்கு இரும்பு வேணும்,CALL_ASHA
மகனுக்கு டீவார்மிங்,CALL_ASHA
பொண்டாட்டிக்கு அடுத்த ஷாட்,CALL_ASHA
சின்னு பையனுக்கு மல்டிவிட்டமின்,CALL_ASHA
என் பேபிக்கு லேசான சளி என்ன,CALL_ASHA
பையனுக்கு வாக்சினேஷன் எப்போ,CALL_ASHA
பேபிக்கு பால் கொடுக்க எப்படி,CALL_ASHA
என் மனைவிக்கு கர்ப்பத்தில் மாத்திரை,CALL_ASHA
மகளுக்கு இரும்பு மாத்திரை,CALL_ASHA
கர்ப்பிணி மனைவிக்கு ஃபோலிக் ஆசிட்,CALL_ASHA
என் மகனுக்கு இருமல் மருந்து,CALL_ASHA
பொண்டாட்டிக்கு கால்சியம்,CALL_ASHA
எங்க தாத்தாவுக்கு பிபி மாத்திரை எப்போ போடணும்னு கொஞ்சம் சொல்லுங்க,CALL_ASHA
என் பாட்டிக்கு சர்க்கரை அளவு எப்படி கட்டுப்படுத்தணும்,CALL_ASHA
தாத்தா மூட்டு வலிக்கு என்ன எண்ணெய் போடலாம் கொஞ்சம் சொல்லுங்க,CALL_ASHA
எங்க அப்பாவுக்கு உடம்பு சோர்வா இருக்கு சத்து மாத்திரை வேணும்,CALL_ASHA
பாட்டிக்கு பிபி மருந்து தொடர்ந்து போடணுமா,CALL_ASHA
என் தாத்தாவுக்கு சர்க்கரை மாத்திரை அளவு எப்படி மாற்றணும்,CALL_ASHA
தாத்தாவுக்கு வலி இல்லை ஆனா கொஞ்சம் பலவீனம் இருக்கு என்ன செய்யலாம்,CALL_ASHA
எங்க பாட்டிக்கு முதுகு வலிக்கு என்ன வீட்டு மருந்து,CALL_ASHA
தாத்தாவுக்கு பிபி அதிகமா இருந்தா என்ன செய்யணும்,CALL_ASHA
என் பாட்டிக்கு சர்க்கரை சோதனை எப்போ பண்ணணும்,CALL_ASHA
அப்பாவுக்கு மூட்டு வலி ரொம்ப வருது மருந்து மாத்திரை வேணுமா,CALL_ASHA
எங்க தாத்தாவுக்கு கால்சியம் மாத்திரை வேணும்,CALL_ASHA
பாட்டிக்கு உடம்பு சோர்வு ஆனா காய்ச்சல் இல்லை என்ன மாத்திரை,CALL_ASHA
தாத்தா பிபி மருந்து நேரம் எப்போ,CALL_ASHA
என் அம்மாவுக்கு சர்க்கரை கட்டுப்பாட்டுக்கு என்ன சாப்பாடு வேணும் கொஞ்சம் சொல்லுங்க,CALL_ASHA
எங்க பாட்டிக்கு தலைவலி வருது மூளை வலி இல்லை,CALL_ASHA
தாத்தாவுக்கு வயசு பலவீனத்துக்கு என்ன சத்து மருந்து,CALL_ASHA
பாட்டிக்கு பிபி மருந்து மட்டும் போதுமா,CALL_ASHA
என் தாத்தாவுக்கு சர்க்கரை டெஸ்ட் எப்போ பண்ணணும்,CALL_ASHA
அப்பாவுக்கு மூட்டு வலிக்கு எண்ணெய் தடவலாமா,CALL_ASHA
எங்க பாட்டிக்கு இரும்பு மாத்திரை எப்படி சாப்பிடணும்,CALL_ASHA
தாத்தா உடம்பு வலிக்குது ஆனா ரொம்ப இல்லை,CALL_ASHA
என் தாத்தாவுக்கு பிபி குறைவா இருந்தா என்ன செய்யலாம்,CALL_ASHA
பாட்டிக்கு சர்க்கரை கொஞ்சம் அதிகம் ஆனா காய்ச்சல் இல்ல,CALL_ASHA
எங்க அப்பாவுக்கு முதுகு வலி கொஞ்சம் இருக்கு,CALL_ASHA
தாத்தாவுக்கு கால்சியம் மாத்திரை வேணும்னு சொல்றாங்க,CALL_ASHA
என் பாட்டிக்கு மூட்டு வலி மருந்து எப்போ கொடுக்கணும்,CALL_ASHA
அப்பா உடம்பு சோர்வா இருக்கு சத்து மருந்து வேணும்,CALL_ASHA
எங்க தாத்தாவுக்கு சர்க்கரை மாத்திரை தவறா விட்டுட்டா என்ன,CALL_ASHA
பாட்டி பிபி சோதனை எப்போ வரும்,CALL_ASHA
தாத்தாவுக்கு வயசு பலவீனம் கொஞ்சம் இருக்கு என்ன பண்ணலாம்,CALL_ASHA
என் அம்மாவுக்கு மூட்டு வலிக்கு வீட்டு மருந்து,CALL_ASHA
எங்க பாட்டிக்கு பிபி மாத்திரை எப்படி போடணும்,CALL_ASHA
தாத்தா சர்க்கரை கட்டுப்பாட்டுக்கு என்ன பழம் சாப்பிடலாம்,CALL_ASHA
அப்பாவுக்கு தலைவலி வருது மூளை வலி இல்லை,CALL_ASHA
என் தாத்தாவுக்கு பலவீனம் இருக்கு ஆனா பிபி நார்மல்,CALL_ASHA
பாட்டிக்கு இரும்பு மாத்திரை வேணும்,CALL_ASHA
எங்க அப்பாவுக்கு மூட்டு வலி டாக்டர்கிட்ட போகணுமா,CALL_ASHA
தாத்தா பிபி மருந்து எப்போ போடணும் கொஞ்சம் சொல்லு,CALL_ASHA
என் பாட்டிக்கு சர்க்கரை அளவு எப்படி பராமரிக்கணும்,CALL_ASHA
அப்பா உடம்பு வலி கொஞ்சம் இருக்கு,CALL_ASHA
தாத்தாவுக்கு கால்சியம் மாத்திரை எப்படி எடுக்கணும்,CALL_ASHA
எங்க பாட்டிக்கு வயசு பலவீனத்துக்கு என்ன டானிக் வேணும்,CALL_ASHA
என் தாத்தாவுக்கு பிபி அதிகம் இல்லை ஆனா சர்க்கரை இருக்கு,CALL_ASHA
பாட்டிக்கு மூட்டு வலிக்கு எண்ணெய் உபயோகிக்கலாமா,CALL_ASHA
அப்பாவுக்கு சர்க்கரை மாத்திரை நேரம் தவறிட்டா என்ன,CALL_ASHA
தாத்தா முதுகு வலி கொஞ்சம் இருக்கு,CALL_ASHA
எங்க அம்மாவுக்கு பலவீனம் இருக்கு சத்து மருந்து வேணும்,CALL_ASHA
பாட்டி பிபி சோதனை எப்போ பண்ணணும்,CALL_ASHA
என் தாத்தாவுக்கு மூட்டு வலி மருந்து வேணும்,CALL_ASHA
தாத்தா சர்க்கரைக்கு என்ன டயட்,CALL_ASHA
அப்பா உடம்பு சோர்வா இருக்கு ஆனா வலி இல்லை,CALL_ASHA
எங்க பாட்டிக்கு இரும்பு மாத்திரை எப்போ,CALL_ASHA
தாத்தா பிபி மருந்து மாத்திரை மாற்றணுமா,CALL_ASHA
என் அப்பாவுக்கு வயசு சம்பந்தமான பலவீனம் கொஞ்சம் இருக்கு,CALL_ASHA
பாட்டிக்கு தலைவலி வருது மூளை வலி இல்ல,CALL_ASHA
தாத்தாவுக்கு கால்சியம் வேணும்,CALL_ASHA
எங்க தாத்தாவுக்கு சர்க்கரை கட்டுப்பாடு எப்படி,CALL_ASHA
என் பாட்டிக்கு பிபி மருந்து எப்படி போடணும்,CALL_ASHA
அப்பாவுக்கு மூட்டு வலிக்கு என்ன செய்யலாம்,CALL_ASHA
தாத்தா உடம்பு வலிக்குது கொஞ்சம்,CALL_ASHA
பாட்டிக்கு சர்க்கரை சோதனை எப்போ பண்ணணும்,CALL_ASHA
என் தாத்தாவுக்கு பலவீனத்துக்கு டானிக் வேணும்,CALL_ASHA
எங்க அப்பாவுக்கு பிபி குறைவா இருந்தா என்ன,CALL_ASHA
தாத்தா மூட்டு வலி மருந்து எப்போ,CALL_ASHA
பாட்டிக்கு வயசு பலவீனம் இருக்கு என்ன பண்ணலாம்,CALL_ASHA
என் அம்மாவுக்கு சர்க்கரைக்கு என்ன,CALL_ASHA
தாத்தாவுக்கு பிபி மாத்திரை வேணும்னு சொல்றாங்க,CALL_ASHA
அப்பாவுக்கு முதுகு வலி,CALL_ASHA
எங்க பாட்டிக்கு இரும்பு மாத்திரை,CALL_ASHA
தாத்தா சர்க்கரை கொஞ்சம் அதிகம் ஆனா சீரியஸ் இல்ல,CALL_ASHA
என் தாத்தாவுக்கு மூட்டு வலிக்கு எண்ணெய்,CALL_ASHA
பாட்டி பிபி எப்படி சோதனை பண்ணணும்,CALL_ASHA
எங்க அப்பாவுக்கு பலவீனம் கொஞ்சம் இருக்கு சத்து மருந்து,CALL_ASHA
தாத்தாவுக்கு கால்சியம் மாத்திரை எப்படி,CALL_ASHA
என் பாட்டிக்கு சர்க்கரை மாத்திரை நேரம்,CALL_ASHA
அப்பா உடம்பு சோர்வா இருக்கு,CALL_ASHA
தாத்தா மூட்டு வலி கொஞ்சம் இருக்கு,CALL_ASHA
எங்க தாத்தாவுக்கு பிபி மருந்து தவறா விட்டுட்டா,CALL_ASHA
பாட்டிக்கு வயசு பலவீனத்துக்கு டானிக் வேணும்,CALL_ASHA
என் அப்பாவுக்கு தலைவலி இல்லை,CALL_ASHA
தாத்தா சர்க்கரைக்கு டயட் என்ன வேணும்,CALL_ASHA
எங்க பாட்டிக்கு மூட்டு வலிக்கு என்ன,CALL_ASHA
தாத்தா பிபி சோதனை எப்போ,CALL_ASHA
என் அம்மாவுக்கு பலவீனம் இருக்கு,CALL_ASHA
அப்பா சர்க்கரை கட்டுப்பாடு,CALL_ASHA
தாத்தா முதுகு வலி கொஞ்சம்,CALL_ASHA
என் பாட்டிக்கு பிபி மாத்திரை எப்போ,CALL_ASHA
தாத்தா மூட்டு வலி மருந்து,CALL_ASHA
அப்பா உடம்பு வலிக்குது,CALL_ASHA
எங்க அப்பாவுக்கு சர்க்கரை சோதனை எப்போ,CALL_ASHA
பாட்டிக்கு பலவீனம் கொஞ்சம் இருக்கு,CALL_ASHA
தாத்தா பிபி குறைவா இருக்கு என்ன செய்யலாம்,CALL_ASHA
என் தாத்தாவுக்கு வயசு பலவீனம்,CALL_ASHA
தாத்தா சர்க்கரை மாத்திரை,CALL_ASHA
என் பாட்டிக்கு முதுகு வலி,CALL_ASHA
அப்பாவுக்கு பிபி மருந்து எப்படி,CALL_ASHA
தாத்தா கால்சியம் மாத்திரை வேணும்,CALL_ASHA
பாட்டி சர்க்கரை எப்படி கட்டுப்படுத்த,CALL_ASHA
என் அப்பாவுக்கு பலவீனத்துக்கு டானிக்,CALL_ASHA
தாத்தா பிபி மாத்திரை நேரம்,CALL_ASHA
எங்க பாட்டிக்கு உடம்பு சோர்வா இருக்கு,CALL_ASHA
தாத்தா தலைவலி இல்லை ஆனா வருது,CALL_ASHA
என் தாத்தாவுக்கு இரும்பு மாத்திரை,CALL_ASHA
பாட்டிக்கு மூட்டு வலிக்கு எண்ணெய்,CALL_ASHA
அப்பா சர்க்கரை சோதனை,CALL_ASHA
எங்க அப்பாவுக்கு வயசு பலவீனம்,CALL_ASHA
தாத்தா பிபி அதிகம் இல்லை,CALL_ASHA
என் பாட்டிக்கு கால்சியம் வேணும்,CALL_ASHA
தாத்தா சர்க்கரை டயட்,CALL_ASHA
எங்க தாத்தாவுக்கு முதுகு வலி,CALL_ASHA
பாட்டி பலவீனம் கொஞ்சம்,CALL_ASHA
என் அம்மாவுக்கு பிபி மாத்திரை,CALL_ASHA
தாத்தா மூட்டு வலி கொஞ்சம்,CALL_ASHA
எங்க பாட்டிக்கு சர்க்கரை மாத்திரை எப்போ,CALL_ASHA
அப்பாவுக்கு இரும்பு மாத்திரை,CALL_ASHA
தாத்தா வயசு பலவீனத்துக்கு டானிக்,CALL_ASHA
என் தாத்தாவுக்கு பிபி சோதனை எப்போ,CALL_ASHA
பாட்டி முதுகு வலிக்கு என்ன,CALL_ASHA
எங்க அப்பாவுக்கு மூட்டு வலி மருந்து,CALL_ASHA
தாத்தா சர்க்கரை கட்டுப்பாட்டுக்கு என்ன,CALL_ASHA
என் பாட்டிக்கு பலவீனம் இருக்கு,CALL_ASHA
அப்பாவுக்கு கால்சியம் மாத்திரை,CALL_ASHA
தாத்தா பிபி மருந்து வேணும்,CALL_ASHA
எங்க தாத்தாவுக்கு சர்க்கரை சோதனை,CALL_ASHA
பாட்டி மூட்டு வலி கொஞ்சம்,CALL_ASHA
என் அம்மாவுக்கு உடம்பு சோர்வா இருக்கு,CALL_ASHA
தாத்தா இரும்பு மாத்திரை வேணும்,CALL_ASHA
எங்க பாட்டிக்கு பிபி எப்படி,CALL_ASHA
தாத்தா வயசு சம்பந்த பலவீனம்,CALL_ASHA
என் தாத்தாவுக்கு மூட்டு வலிக்கு என்ன,CALL_ASHA
பாட்டி சர்க்கரை அதிகமா இருந்தா என்ன,CALL_ASHA
எங்க அப்பாவுக்கு கால்சியம்,CALL_ASHA
தாத்தா பிபி மாத்திரை எப்போ போடணும்,CALL_ASHA
என் பாட்டிக்கு பலவீனத்துக்கு டானிக் வேணும்,CALL_ASHA
அப்பா சர்க்கரை மாத்திரை தவறிட்டா,CALL_ASHA
தாத்தா மூட்டு வலிக்கு எண்ணெய்,CALL_ASHA
பாட்டி பிபி சோதனை பண்ணணும்,CALL_ASHA
என் அம்மாவுக்கு இரும்பு வேணும்,CALL_ASHA
தாத்தா வயசு பலவீனம்,CALL_ASHA
எங்க பாட்டிக்கு சர்க்கரை டயட்,CALL_ASHA
அப்பாவுக்கு பிபி குறைவு,CALL_ASHA
தாத்தா கால்சியம் மாத்திரை எப்படி,CALL_ASHA
என் தாத்தாவுக்கு மூட்டு வலி,CALL_ASHA
பாட்டி பலவீனம் கொஞ்சம் இருக்கு,CALL_ASHA
எங்க அப்பாவுக்கு சர்க்கரை கட்டுப்பாடு,CALL_ASHA
தாத்தா முதுகு வலிக்கு எண்ணெய்,CALL_ASHA
என் பாட்டிக்கு பிபி மருந்து,CALL_ASHA
அப்பாவுக்கு இரும்பு மாத்திரை வேணும்,CALL_ASHA
தாத்தா வயசு பலவீனம் என்ன செய்யலாம்,CALL_ASHA
எங்க தாத்தாவுக்கு சர்க்கரை எப்படி,CALL_ASHA
பாட்டிக்கு இரும்பு மாத்திரை எப்போ,CALL_ASHA
என் அம்மாவுக்கு பிபி சோதனை,CALL_ASHA
எங்க பாட்டிக்கு வயசு பலவீனம்,CALL_ASHA
அப்பாவுக்கு முதுகு வலிக்கு என்ன,CALL_ASHA
தாத்தா கால்சியம் எப்படி,CALL_ASHA
என் தாத்தாவுக்கு சர்க்கரை மாத்திரை,CALL_ASHA
பாட்டி பிபி மருந்து வேணும்,CALL_ASHA
எங்க அப்பாவுக்கு மூட்டு வலி கொஞ்சம்,CALL_ASHA
தாத்தா பலவீனத்துக்கு டானிக் வேணும்,CALL_ASHA
என் பாட்டிக்கு இரும்பு மாத்திரை,CALL_ASHA
அப்பா வயசு சோர்வு,CALL_ASHA
தாத்தா பிபி மாத்திரை எப்போ,CALL_ASHA
பாட்டி சர்க்கரை சோதனை வேணும்,CALL_ASHA
என் அம்மாவுக்கு மூட்டு வலி,CALL_ASHA
தாத்தா கால்சியம் மாத்திரை,CALL_ASHA
எங்க பாட்டிக்கு பலவீனம் இருக்கு கொஞ்சம்,CALL_ASHA
பாட்டி இரும்பு வேணும்,CALL_ASHA
எங்க அப்பாவுக்கு முதுகு வலி,CALL_ASHA
தாத்தா வயசு பலவீனம் என்ன,CALL_ASHA
என் பாட்டிக்கு பிபி மாத்திரை நேரம்,CALL_ASHA
அப்பாவுக்கு கால்சியம்,CALL_ASHA
தாத்தா சர்க்கரைக்கு டயட்,CALL_ASHA
எங்க தாத்தாவுக்கு மூட்டு வலிக்கு மருந்து,CALL_ASHA
என் அம்மாவுக்கு பிபி குறைவு,CALL_ASHA
தாத்தா இரும்பு மாத்திரை,CALL_ASHA
எங்க பாட்டிக்கு சர்க்கரை மாத்திரை,CALL_ASHA
என் தாத்தாவுக்கு வயசு பலவீனத்துக்கு டானிக்,CALL_ASHA
பாட்டி பிபி மருந்து எப்படி,CALL_ASHA
எங்க அப்பாவுக்கு கால்சியம் மாத்திரை வேணும்,CALL_ASHA
தாத்தா சர்க்கரை சோதனை,CALL_ASHA
என் பாட்டிக்கு மூட்டு வலி கொஞ்சம்,CALL_ASHA
அப்பா பலவீனம்,CALL_ASHA
எங்க தாத்தாவுக்கு பிபி மாத்திரை,CALL_ASHA
பாட்டி இரும்பு மாத்திரை,CALL_ASHA
என் அம்மாவுக்கு சர்க்கரை கட்டுப்பாடு,CALL_ASHA
தாத்தா மூட்டு வலி மருந்து வேணும்,CALL_ASHA
அப்பாவுக்கு பிபி எப்படி,CALL_ASHA
தாத்தா கால்சியம்,CALL_ASHA
என் தாத்தாவுக்கு பலவீனம் கொஞ்சம் இருக்கு,CALL_ASHA
பாட்டி சர்க்கரை டயட்,CALL_ASHA
எங்க அப்பாவுக்கு மூட்டு வலி,CALL_ASHA
என் பாட்டிக்கு பிபி சோதனை வேணும்,CALL_ASHA
அப்பா இரும்பு மாத்திரை வேணும்,CALL_ASHA
எங்க தாத்தாவுக்கு சர்க்கரை மாத்திரை எப்போ,CALL_ASHA
பாட்டி மூட்டு வலிக்கு என்ன,CALL_ASHA
என் அம்மாவுக்கு கால்சியம் வேணும்,CALL_ASHA
என் பையனுக்கு வைட்டமின் சிரப் எப்பவும் கொடுக்கணும்,CALL_ASHA
எங்க பொண்டாட்டிக்கு கால்சியம் மாத்திரை வேணும்,CALL_ASHA
பாப்பாக்கு அடுத்த தடுப்பூசி எப்போ,CALL_ASHA
என் மகனுக்கு இரும்பு சிரப் எப்போ கொடுக்கலாம்,CALL_ASHA
எங்க அப்பாவுக்கு பி.பி மாத்திரை எப்போ சாப்பிடணும்,CALL_ASHA
மைல்ட் சளி இருக்கு என்ன மருந்து வேணும்,CALL_ASHA
என் மகளுக்கு அடுத்த ஊசி தேதி சொல்லுங்க,CALL_ASHA
எங்க அம்மாவுக்கு கால்சியம் மாத்திரை எப்போ,CALL_ASHA
பாப்பாக்கு போலியோ ஊசி எப்போ போடணும்,CALL_ASHA
என் பையனுக்கு மல்டிவிட்டமின் எப்பவும்,CALL_ASHA
எங்க பொண்டாட்டிக்கு ஃபோலிக் ஆசிட் வேணும்,CALL_ASHA
சோர்வா இருக்கு என்ன சத்து மாத்திரை வேணும்,CALL_ASHA
என் மகனுக்கு அடுத்த தடுப்பூசி எப்போ,CALL_ASHA
எங்க அப்பாவுக்கு இரும்பு மாத்திரை எப்போ,CALL_ASHA
பாப்பாக்கு டி.பி.டி ஊசி தேதி எப்போ,CALL_ASHA
என் பொண்டாட்டிக்கு புரோட்டீன் பவுடர் வேணும்,CALL_ASHA
லைட் தலைவலி இருக்கு என்ன செய்யலாம்,CALL_ASHA
எங்க அம்மாவுக்கு வைட்டமின் டி மாத்திரை,CALL_ASHA
பாப்பாக்கு மீசல்ஸ் ஊசி எப்போ,CALL_ASHA
என் மகளுக்கு கால்சியம் மாத்திரை வேணும்,CALL_ASHA
எங்க பொண்டாட்டிக்கு இரும்பு சிரப் எப்போ,CALL_ASHA
பாப்பாக்கு பி.சி.ஜி ஊசி தேதி,CALL_ASHA
என் பையனுக்கு தூக்க மாத்திரை வேணுமா,CALL_ASHA
எங்க அப்பாவுக்கு சர்க்கரை மாத்திரை எப்போ,CALL_ASHA
லைட் சளி இருக்கு என்ன மருந்து,CALL_ASHA
என் மகனுக்கு அடுத்த ஊசி எப்போ வரும்,CALL_ASHA
எங்க அம்மாவுக்கு ஃபோலிக் ஆசிட் மாத்திரை,CALL_ASHA
பாப்பாக்கு போலியோ பூஸ்டர் எப்போ,CALL_ASHA
என் பொண்டாட்டிக்கு மல்டிவிட்டமின் சிரப்,CALL_ASHA
உடம்பு சோர்வா இருக்கு சத்து வேணும்,CALL_ASHA
என் மகளுக்கு இரும்பு மாத்திரை எப்போ,CALL_ASHA
எங்க அப்பாவுக்கு கால்சியம் டேப்லெட்,CALL_ASHA
பாப்பாக்கு டி.பி.டி பூஸ்டர் எப்போ,CALL_ASHA
என் பையனுக்கு புரோட்டீன் பவுடர் வேணும்,CALL_ASHA
எங்க பொண்டாட்டிக்கு லைட் சளி என்ன செய்ய,CALL_ASHA
பாப்பாக்கு மீசல்ஸ் தடுப்பூசி தேதி,CALL_ASHA
என் மகனுக்கு வைட்டமின் டி வேணும்,CALL_ASHA
எங்க அம்மாவுக்கு பி.பி மாத்திரை எப்போ,CALL_ASHA
லைட் உடம்பு வலி இருக்கு என்ன மருந்து,CALL_ASHA
என் பொண்டாட்டிக்கு ஃபோலிக் ஆசிட் எப்போ,CALL_ASHA
என் பையனுக்கு இரும்பு சிரப் எப்பவும்,CALL_ASHA
எங்க அப்பாவுக்கு மல்டிவிட்டமின் மாத்திரை,CALL_ASHA
பாப்பாக்கு பி.சி.ஜி தேதி எப்போ,CALL_ASHA
என் மகளுக்கு கால்சியம் வேணும்,CALL_ASHA
எங்க பொண்டாட்டிக்கு சோர்வுக்கு மருந்து,CALL_ASHA
என் பையனுக்கு லைட் தலைவலி என்ன செய்ய,CALL_ASHA
பாப்பாக்கு டி.பி.டி எப்போ போடணும்,CALL_ASHA
என் மகனுக்கு புரோட்டீன் எப்போ,CALL_ASHA
எங்க அப்பாவுக்கு சளி மருந்து சொல்லுங்க,CALL_ASHA
பாப்பாக்கு மீசல்ஸ் ஊசி,CALL_ASHA
என் பொண்டாட்டிக்கு வைட்டமின் டி மாத்திரை,CALL_ASHA
என் மகளுக்கு அடுத்த தடுப்பூசி தேதி,CALL_ASHA
எங்க பொண்டாட்டிக்கு லைட் சோர்வு என்ன வேணும்,CALL_ASHA
பாப்பாக்கு கால்சியம் சிரப் எப்போ,CALL_ASHA
என் பையனுக்கு ஃபோலிக் ஆசிட் வேணும்,CALL_ASHA
எங்க அம்மாவுக்கு மல்டிவிட்டமின் எப்போ,CALL_ASHA
பாப்பாக்கு போலியோ பூஸ்டர்,CALL_ASHA
என் மகனுக்கு இரும்பு டேப்லெட்,CALL_ASHA
எங்க அப்பாவுக்கு புரோட்டீன் பவுடர் வேணும்,CALL_ASHA
பாப்பாக்கு அடுத்த ஊசி தேதி சொல்லுங்க,CALL_ASHA
என் பொண்டாட்டிக்கு கால்சியம் மாத்திரை,CALL_ASHA
என் மகளுக்கு லைட் சளி என்ன மருந்து,CALL_ASHA
எங்க அம்மாவுக்கு வைட்டமின் மாத்திரை வேணும்,CALL_ASHA
பாப்பாக்கு டி.பி.டி ஊசி,CALL_ASHA
என் பையனுக்கு சோர்வுக்கு என்ன வேணும்,CALL_ASHA
எங்க பொண்டாட்டிக்கு இரும்பு சிரப்,CALL_ASHA
பாப்பாக்கு மீசல்ஸ் தேதி,CALL_ASHA
என் மகனுக்கு பி.பி மாத்திரை எப்போ,CALL_ASHA
எங்க அப்பாவுக்கு லைட் தலைவலி என்ன செய்ய,CALL_ASHA
பாப்பாக்கு பி.சி.ஜி ஊசி எப்போ,CALL_ASHA
என் மகளுக்கு ஃபோலிக் ஆசிட் மாத்திரை,CALL_ASHA
எங்க அம்மாவுக்கு கால்சியம் வேணும்,CALL_ASHA
பாப்பாக்கு போலியோ அடுத்தது,CALL_ASHA
என் மகனுக்கு வைட்டமின் டி,CALL_ASHA
எங்க அப்பாவுக்கு சளி மருந்து வேணும்,CALL_ASHA
பாப்பாக்கு அடுத்த தடுப்பூசி,CALL_ASHA
என் மகளுக்கு மல்டிவிட்டமின் சிரப்,CALL_ASHA
எங்க அம்மாவுக்கு இரும்பு வேணும்,CALL_ASHA
எங்க பொண்டாட்டிக்கு ஃபோலிக் ஆசிட்,CALL_ASHA
பாப்பாக்கு போலியோ ஊசி தேதி,CALL_ASHA
என் மகனுக்கு புரோட்டீன் பவுடர்,CALL_ASHA
எங்க அப்பாவுக்கு லைட் உடம்பு வலி என்ன,CALL_ASHA
பாப்பாக்கு டி.பி.டி எப்போ,CALL_ASHA
என் பொண்டாட்டிக்கு வைட்டமின் மாத்திரை,CALL_ASHA
என் மகளுக்கு இரும்பு சிரப்,CALL_ASHA
பாப்பாக்கு பி.சி.ஜி தேதி,CALL_ASHA
என் பையனுக்கு மல்டிவிட்டமின் வேணும்,CALL_ASHA
என் மகனுக்கு ஃபோலிக் ஆசிட்,CALL_ASHA
எங்க அப்பாவுக்கு பி.பி மாத்திரை,CALL_ASHA
பாப்பாக்கு மீசல்ஸ் தடுப்பூசி,CALL_ASHA
என் மகளுக்கு லைட் சளி மருந்து,CALL_ASHA
எங்க பொண்டாட்டிக்கு வைட்டமின் டி,CALL_ASHA
என் மகனுக்கு லைட் தலைவலி என்ன,CALL_ASHA
எங்க அப்பாவுக்கு மல்டிவிட்டமின்,CALL_ASHA
பாப்பாக்கு பி.சி.ஜி எப்போ,CALL_ASHA
என் மகளுக்கு இரும்பு சிரப் வேணும்,CALL_ASHA
எங்க அம்மாவுக்கு சோர்வு மருந்து,CALL_ASHA
பாப்பாக்கு மீசல்ஸ் ஊசி தேதி,CALL_ASHA
என் பையனுக்கு கால்சியம் மாத்திரை,CALL_ASHA
எங்க பொண்டாட்டிக்கு புரோட்டீன் பவுடர்,CALL_ASHA
பாப்பாக்கு போலியோ அடுத்த ஊசி,CALL_ASHA
என் மகனுக்கு லைட் சளி என்ன மருந்து,CALL_ASHA
எங்க அப்பாவுக்கு இரும்பு மாத்திரை,CALL_ASHA
பாப்பாக்கு டி.பி.டி பூஸ்டர்,CALL_ASHA
என் மகளுக்கு வைட்டமின் டி மாத்திரை,CALL_ASHA
எங்க அம்மாவுக்கு ஃபோலிக் ஆசிட்,CALL_ASHA
பாப்பாக்கு அடுத்த தடுப்பூசி தேதி,CALL_ASHA
என் பையனுக்கு பி.பி மாத்திரை,CALL_ASHA
எங்க பொண்டாட்டிக்கு சளி மருந்து,CALL_ASHA
என் மகனுக்கு கால்சியம் வேணும்,CALL_ASHA
எங்க அப்பாவுக்கு இரும்பு சிரப்,CALL_ASHA
என் மகளுக்கு லைட் சோர்வு என்ன,CALL_ASHA
எங்க அம்மாவுக்கு மல்டிவிட்டமின் மாத்திரை,CALL_ASHA
பாப்பாக்கு பி.சி.ஜி ஊசி,CALL_ASHA
என் மகனுக்கு இரும்பு மாத்திரை,CALL_ASHA
என் பொண்டாட்டிக்கு லைட் தலைவலி,CALL_ASHA
என் மகளுக்கு புரோட்டீன் பவுடர்,CALL_ASHA
எங்க அம்மாவுக்கு சளி மருந்து,CALL_ASHA
பாப்பாக்கு டி.பி.டி,CALL_ASHA
என் மகனுக்கு லைட் சளி மருந்து,CALL_ASHA
எங்க அப்பாவுக்கு ஃபோலிக் ஆசிட்,CALL_ASHA
பாப்பாக்கு அடுத்த ஊசி தேதி,CALL_ASHA
என் மகளுக்கு வைட்டமின் மாத்திரை,CALL_ASHA
எங்க அம்மாவுக்கு புரோட்டீன் வேணும்,CALL_ASHA
என் மகனுக்கு சோர்வுக்கு மருந்து,CALL_ASHA
என் பொண்டாட்டிக்கு லைட் சளி என்ன,CALL_ASHA
என் மகளுக்கு ஃபோலிக் ஆசிட்,CALL_ASHA
என் பையனுக்கு வைட்டமின் டி,CALL_ASHA
என் மகனுக்கு மல்டிவிட்டமின் சிரப்,CALL_ASHA
எங்க அப்பாவுக்கு லைட் சோர்வு,CALL_ASHA
என் பொண்டாட்டிக்கு கால்சியம் வேணும்,CALL_ASHA
என் பையனுக்கு புரோட்டீன் பவுடர்,CALL_ASHA
என் மகனுக்கு லைட் தலைவலி மருந்து,CALL_ASHA
என் மகளுக்கு சளி மருந்து,CALL_ASHA
என் பையனுக்கு ஃபோலிக் ஆசிட்,CALL_ASHA
என் மகனுக்கு வைட்டமின் டி மாத்திரை,CALL_ASHA
எங்க அப்பாவுக்கு லைட் சளி என்ன மருந்து,CALL_ASHA
பாப்பாக்கு பி.சி.ஜி,CALL_ASHA
என் மகளுக்கு இரும்பு வேணும்,CALL_ASHA
என் மகனுக்கு லைட் சோர்வு என்ன வேணும்,CALL_ASHA
என் பொண்டாட்டிக்கு இரும்பு சிரப்,CALL_ASHA
என் மகளுக்கு வைட்டமின்,CALL_ASHA
எங்க அப்பாவுக்கு லைட் தலைவலி,CALL_ASHA
என் பொண்டாட்டிக்கு ஃபோலிக் ஆசிட் வேணும்,CALL_ASHA
என் மகளுக்கு புரோட்டீன்,CALL_ASHA
என் மகனுக்கு மல்டிவிட்டமின்,CALL_ASHA
பாப்பாக்கு மீசல்ஸ்,CALL_ASHA
என் பொண்டாட்டிக்கு கால்சியம்,CALL_ASHA
என் மகளுக்கு லைட் சோர்வு,CALL_ASHA
எங்க பொண்டாட்டிக்கு வைட்டமின் மாத்திரை,CALL_ASHA
எங்க பொண்டாட்டிக்கு இரும்பு,CALL_ASHA
எங்க அப்பாவுக்கு சோர்வு மருந்து,CALL_ASHA
என் மகளுக்கு லைட் தலைவலி,CALL_ASHA
when should my mother take this tablet,CALL_ASHA
i need iron supplements for tiredness can you bring them,CALL_ASHA
when is the next vaccination date for my baby,CALL_ASHA
my baby has mild cough but is playing fine,CALL_ASHA
can you tell my wife about her prenatal vitamins,CALL_ASHA
my mother feels little tired after walking can you check,CALL_ASHA
when should my child get the next polio dose,CALL_ASHA
my baby is not feeding well but no fever,CALL_ASHA
please bring some vitamin tablets for my grandmother,CALL_ASHA
how many days my mother should take this medicine,CALL_ASHA
my son has small rash on skin is it normal,CALL_ASHA
when can i bring my daughter for checkup,CALL_ASHA
my baby got little cold should i worry,CALL_ASHA
can you give iron syrup for my child next week,CALL_ASHA
my mother has back pain after housework what to do,CALL_ASHA
next vaccination time for my baby please,CALL_ASHA
my wife needs calcium tablets can you arrange,CALL_ASHA
baby is sleeping well but cries sometimes at night,CALL_ASHA
when should my mother visit for sugar check,CALL_ASHA
my child has loose motions but is active,CALL_ASHA
please tell when to take the fever medicine my son,CALL_ASHA
my grandmother wants multivitamin can you bring,CALL_ASHA
is it ok if my baby skips one feed at night,CALL_ASHA
my mother feeling dizzy after standing long,CALL_ASHA
when is the next tetanus shot for my daughter,CALL_ASHA
my baby has mild eye redness but no pain,CALL_ASHA
can you bring deworming medicine for my child,CALL_ASHA
how much milk should my baby drink daily,CALL_ASHA
my mother has mild headache after sun exposure,CALL_ASHA
next appointment date for my wife pregnancy,CALL_ASHA
my son is not gaining weight properly can you advise,CALL_ASHA
when to give vitamin drops to my baby,CALL_ASHA
my mother complains of knee pain in evening,CALL_ASHA
baby had little vomit once but now fine,CALL_ASHA
can you check my child for regular health,CALL_ASHA
my wife feels weak can you suggest food,CALL_ASHA
when should we give next dose of iron to baby,CALL_ASHA
my mother has constipation since two days,CALL_ASHA
is the vaccination due for my daughter this month,CALL_ASHA
my baby is teething and salivating a lot,CALL_ASHA
please bring some ointment for my sons skin,CALL_ASHA
when can my mother start walking exercise,CALL_ASHA
my child has small wound on leg from play,CALL_ASHA
can you tell diet plan for my pregnant wife,CALL_ASHA
my baby sleeps less during day time,CALL_ASHA
how long my mother should rest after medicine,CALL_ASHA
next checkup when for my grandmother sugar,CALL_ASHA
my son has running nose but goes to school,CALL_ASHA
please advise on calcium for my mother bones,CALL_ASHA
when is the camp for child vaccination next,CALL_ASHA
my baby has hiccups after feeding often,CALL_ASHA
my wife has swelling in legs after work,CALL_ASHA
can you bring folic acid tablets for my sister,CALL_ASHA
my child is asking for more food these days,CALL_ASHA
when should i give the cough syrup to baby,CALL_ASHA
my mother feels burning in stomach after meals,CALL_ASHA
is my daughters weight normal for age,CALL_ASHA
my baby has dry skin in winter can you help,CALL_ASHA
please tell when to take bp medicine my father,CALL_ASHA
my son had fever two days back but now ok,CALL_ASHA
when is next visit for my wifes checkup,CALL_ASHA
my mother needs eye drops for dryness,CALL_ASHA
baby is active but not gaining much weight,CALL_ASHA
can you suggest home remedy for my childs cold,CALL_ASHA
how many times my baby should feed at night,CALL_ASHA
my grandmother has joint pain what to do,CALL_ASHA
when to give the next round of supplements,CALL_ASHA
my wife is having mild nausea in morning,CALL_ASHA
my child has ear pain but no discharge,CALL_ASHA
please bring sanitary pads for my daughter,CALL_ASHA
is it normal my baby cries during bath,CALL_ASHA
my mother has gas problem after eating,CALL_ASHA
when should my son get measles vaccine,CALL_ASHA
my baby has small pimples on face,CALL_ASHA
can you check my wifes hemoglobin level soon,CALL_ASHA
how to increase appetite for my child,CALL_ASHA
my mother feels tired in afternoon often,CALL_ASHA
next polio camp date for my baby please,CALL_ASHA
my son has itching on hands after playing,CALL_ASHA
when can i start giving solids to my baby,CALL_ASHA
my wife needs rest advice for pregnancy,CALL_ASHA
my child has mild diarrhea after mango,CALL_ASHA
please tell dosage for paracetamol my daughter,CALL_ASHA
my grandmother wants walking stick advice,CALL_ASHA
baby is constipated but drinking water well,CALL_ASHA
when should my mother take calcium tablet,CALL_ASHA
my son has chapped lips from sun,CALL_ASHA
can you bring vitamin A for my child,CALL_ASHA
my baby wakes up at night for milk,CALL_ASHA
how long to continue iron for my wife,CALL_ASHA
my mother has leg cramps at night,CALL_ASHA
is the next checkup due for my baby,CALL_ASHA
when to give deworm tablet to my son,CALL_ASHA
my baby has soft spot on head is normal,CALL_ASHA
can you advise on nutrition for my mother,CALL_ASHA
my wife feels backache after sitting,CALL_ASHA
my child is not interested in food much,CALL_ASHA
when is the family planning meeting,CALL_ASHA
my mother has dry cough no fever though,CALL_ASHA
baby has small birth mark on arm,CALL_ASHA
whn shuld my mother take ths medcine,CALL_ASHA
i ned iron suplement for my baby tireness,CALL_ASHA
wen is nxt vacination for my babby,CALL_ASHA
my mother has litl back pain after work,CALL_ASHA
can yu bring vitmin for my child,CALL_ASHA
my babby has mild cold but plays ok,CALL_ASHA
when should my son get nex dose,CALL_ASHA
my wife needs calcum tablt can you,CALL_ASHA
baby not feeding wel but active,CALL_ASHA
pleese tell when to take medcine my mother,CALL_ASHA
my daughtr has small rash is ok,CALL_ASHA
wen can i bring my baby for check,CALL_ASHA
my child has loos motion no fever,CALL_ASHA
can you give suplement next week,CALL_ASHA
my mother feelng dizy after standing,CALL_ASHA
next shot time for my daughtr,CALL_ASHA
my baby ey redness mild no pain,CALL_ASHA
how much milk my babby daily,CALL_ASHA
my mother mild headach after sun,CALL_ASHA
next appointmnt for my wife preg,CALL_ASHA
my son not gain weight can advise,CALL_ASHA
whn to give vit drop to baby,CALL_ASHA
my grandmothr knee pain evening,CALL_ASHA
baby vomit once now fine,CALL_ASHA
can yu check my child health,CALL_ASHA
my wife weak suggest food,CALL_ASHA
when give next iron dose baby,CALL_ASHA
my mother consipton two days,CALL_ASHA
is vacine due this month daughter,CALL_ASHA
my baby teething saliv lots,CALL_ASHA
pleese bring oinment for son skin,CALL_ASHA
wen my mother start walk exrcise,CALL_ASHA
my child small wound from play,CALL_ASHA
diet plan for preg wife,CALL_ASHA
baby sleeps less day time,CALL_ASHA
how long rest after med my mother,CALL_ASHA
next chekup when for sugar,CALL_ASHA
my son runing nose goes school,CALL_ASHA
advise calcum for mother bone,CALL_ASHA
wen nxt camp child vacine,CALL_ASHA
my baby hicup after feed,CALL_ASHA
wife sweling legs after work,CALL_ASHA
bring folic acid my sister,CALL_ASHA
child asking more food days,CALL_ASHA
when give cough sirup baby,CALL_ASHA
mother burning stomch after meal,CALL_ASHA
daughters weight normal age,CALL_ASHA
baby dry skin winter help,CALL_ASHA
tell dosage paracetmol daughter,CALL_ASHA
my grandmothr joint pain do,CALL_ASHA
baby consipted drink water wel,CALL_ASHA
when mother take calcum tablt,CALL_ASHA
son chaped lips from sun,CALL_ASHA
bring vit A for child,CALL_ASHA
baby wake night for milk,CALL_ASHA
how long iron for wife,CALL_ASHA
mother leg cramp at nite,CALL_ASHA
next checkup due baby,CALL_ASHA
daughtr mild throat pain,CALL_ASHA
when deworm tablt son,CALL_ASHA
baby soft spot head normal,CALL_ASHA
advise nutriton mother,CALL_ASHA
wife backache after sit,CALL_ASHA
child not interest food,CALL_ASHA
when family plan meet,CALL_ASHA
mother dry cough no fevr,CALL_ASHA
baby small birth mark arm,CALL_ASHA
my mother has back pain but not severe,CALL_ASHA
the baby is eating less these days no vomiting,CALL_ASHA
my child has cough but goes to play outside,CALL_ASHA
can you bring the tablets when you come next time,CALL_ASHA
when should my wife take the iron if no nausea,CALL_ASHA
my mother feels better but still little weak,CALL_ASHA
baby not crying much at night but wakes for feed,CALL_ASHA
my son has no fever now after the medicine,CALL_ASHA
please advise diet although my grandmother is ok,CALL_ASHA
when is the vaccination although my baby is fine,CALL_ASHA
my daughter has rash but it is not spreading,CALL_ASHA
can you check my child who is active but thin,CALL_ASHA
my wife needs checkup but no emergency,CALL_ASHA
baby has mild cold no breathing issue though,CALL_ASHA
my mother has pain but only after long walk,CALL_ASHA
when to give next dose since baby is improving,CALL_ASHA
my son is not sleeping well but eats normally,CALL_ASHA
can you bring supplements for my family members,CALL_ASHA
my baby has no fever but little loose stool,CALL_ASHA
when should we visit although symptoms mild,CALL_ASHA
my mother complains but only in morning,CALL_ASHA
the child has small injury no bleeding now,CALL_ASHA
my wife feels tired but does all work,CALL_ASHA
baby is fine overall just more saliva,CALL_ASHA
when next camp if my daughter is healthy,CALL_ASHA
my son has no appetite but plays well,CALL_ASHA
can you tell although my grandmother is stable,CALL_ASHA
my baby not gaining but no other problem,CALL_ASHA
mother has gas but eats normal food,CALL_ASHA
when to start solid food my baby is ready,CALL_ASHA
my child has cold but no school absence,CALL_ASHA
please bring medicine when you visit next,CALL_ASHA
my wife has swelling but can walk fine,CALL_ASHA
baby hiccups often but smiles after,CALL_ASHA
when is checkup date my mother sugar level,CALL_ASHA
my daughter has dry skin no itching severe,CALL_ASHA
can you advise food for my son who is picky,CALL_ASHA
my mother knee pain but does household work,CALL_ASHA
the baby is active although mild cough,CALL_ASHA
when should i give vitamin although baby ok,CALL_ASHA
my child has ear discomfort no discharge,CALL_ASHA
my wife pregnancy is going well mild backache,CALL_ASHA
baby teething but no high fever issue,CALL_ASHA
when should my baby get the next vaccination,CALL_ASHA
i need iron supplements for my pregnant wife can you bring them,CALL_ASHA
when is the next polio dose for my son,CALL_ASHA
my baby is not feeding well what should i do,CALL_ASHA
when should my daughter take vitamin drops,CALL_ASHA
pregnant wife needs calcium tablets,CALL_ASHA
baby has mild cough but playing fine when to worry,CALL_ASHA
can you bring iron syrup for my child,CALL_ASHA
when should my baby start solid food,CALL_ASHA
son has light cold can you advise,CALL_ASHA
next vaccination date for my baby please,CALL_ASHA
my pregnant wife feels tired can you suggest diet,CALL_ASHA
when to give deworming medicine to my daughter,CALL_ASHA
baby cries at night but no fever,CALL_ASHA
please bring multivitamin for my son,CALL_ASHA
pregnant wife needs folic acid tablets,CALL_ASHA
when is the next checkup for my baby,CALL_ASHA
child has small rash is it normal,CALL_ASHA
can you tell when to give cough syrup to baby,CALL_ASHA
baby not gaining weight properly what to do,CALL_ASHA
when should my pregnant wife take iron tablets,CALL_ASHA
son has loose motion but active,CALL_ASHA
next camp for child vaccination please,CALL_ASHA
baby has mild eye redness,CALL_ASHA
can you bring calcium for my pregnant wife,CALL_ASHA
when to start breastfeeding more for my baby,CALL_ASHA
my daughter needs vitamin A drops,CALL_ASHA
pregnant wife has back pain after work what to do,CALL_ASHA
when should my baby get measles vaccine,CALL_ASHA
child is asking more food these days,CALL_ASHA
please advise diet for my pregnant wife,CALL_ASHA
baby has dry skin in winter,CALL_ASHA
when is next tetanus shot for my pregnant wife,CALL_ASHA
son has small wound from play,CALL_ASHA
can you check my baby weight next time,CALL_ASHA
pregnant wife needs rest advice,CALL_ASHA
when to give next iron dose to my child,CALL_ASHA
baby has hiccups often after feeding,CALL_ASHA
please bring sanitary pads for my pregnant sister,CALL_ASHA
when should my baby get next polio dose,CALL_ASHA
child has chapped lips from sun,CALL_ASHA
can you suggest home remedy for my babys cold,CALL_ASHA
pregnant wife feels weak these days,CALL_ASHA
baby wakes up at night for milk often,CALL_ASHA
when to continue iron tablets for my wife,CALL_ASHA
next family planning meeting when,CALL_ASHA
baby has soft spot on head is normal,CALL_ASHA
can you advise nutrition for my pregnant wife,CALL_ASHA
when is the next vaccination for my daughter,CALL_ASHA
baby has mild fever but active,CALL_ASHA
pregnant wife needs calcium can you bring,CALL_ASHA
when should we give vitamin drops to baby,CALL_ASHA
son has constipation since two days,CALL_ASHA
please tell dosage for paracetamol my child,CALL_ASHA
pregnant wife has mild nausea in morning,CALL_ASHA
can you bring deworming syrup for my son,CALL_ASHA
when is next checkup for my pregnant wife,CALL_ASHA
daughter has dry skin what to do,CALL_ASHA
pregnant wife has swelling in legs after work,CALL_ASHA
when should my baby get the next dose,CALL_ASHA
child has ear pain but no discharge,CALL_ASHA
can you bring folic acid for my pregnant sister,CALL_ASHA
baby has small pimples on face,CALL_ASHA
pregnant wife feels backache after sitting,CALL_ASHA
when to start giving solids to my baby,CALL_ASHA
please advise on nutrition for my child,CALL_ASHA
pregnant wife needs walking advice,CALL_ASHA
when is the next camp for baby vaccination,CALL_ASHA
daughter has mild cough no fever,CALL_ASHA
baby has no appetite but plays well,CALL_ASHA
can you tell diet for my pregnant wife,CALL_ASHA
my child has gas problem after eating,CALL_ASHA
when should my pregnant wife visit for check,CALL_ASHA
baby has running nose but no fever,CALL_ASHA
son needs multivitamin can you bring,CALL_ASHA
my pregnant wife has mild headache,CALL_ASHA
when to give next round of supplements to baby,CALL_ASHA
daughter is not gaining weight,CALL_ASHA
baby cries during bath is it normal,CALL_ASHA
can you suggest food for my child who is picky,CALL_ASHA
pregnant wife has mild swelling,CALL_ASHA
son has small injury on leg,CALL_ASHA
when should i bring my baby for regular check,CALL_ASHA
my baby has mild eye discharge,CALL_ASHA
pregnant wife needs iron can you arrange,CALL_ASHA
child has loose motions but is active,CALL_ASHA
when is next polio camp for my baby,CALL_ASHA
my daughter has chapped lips,CALL_ASHA
baby is sleeping well but cries sometimes,CALL_ASHA
can you bring vitamin tablets for my pregnant wife,CALL_ASHA
son feels tired after playing,CALL_ASHA
my pregnant wife has constipation what to do,CALL_ASHA
when to give cough syrup to my baby,CALL_ASHA
child has small rash on skin,CALL_ASHA
baby has mild cold should i worry,CALL_ASHA
my pregnant wife needs calcium tablets can you bring them,CALL_ASHA
wen shuld my baby get nxt vacine,CALL_ASHA
i ned iron suplement for my pregnant wife tireness,CALL_ASHA
when is nxt vaccination for my chld,CALL_ASHA
my baby has litl cough but plays ok,CALL_ASHA
can yu bring vitmin drops for baby,CALL_ASHA
son has mild cold but active,CALL_ASHA
when shuld my daughter take calcum tablt,CALL_ASHA
my pregnant wife needs iron can yu arrange,CALL_ASHA
baby not feeding wel but no fever,CALL_ASHA
pleese tell when to give medcine to my baby,CALL_ASHA
chld has small rash is ok,CALL_ASHA
wen can i bring my baby for checkup,CALL_ASHA
daughter has loos motion no fever,CALL_ASHA
pregnant wife feelng weak after work,CALL_ASHA
next shot time for my baby,CALL_ASHA
baby has litl eye redness,CALL_ASHA
how much milk my baby daily,CALL_ASHA
pregnant wife has mild headach,CALL_ASHA
son not gain weight can advise,CALL_ASHA
daughter has knee pain evening,CALL_ASHA
pregnant wife weak suggest food,CALL_ASHA
my son has consipton two days,CALL_ASHA
is vacine due this month for daughter,CALL_ASHA
baby teething saliv lots,CALL_ASHA
pleese bring oinment for sons skin,CALL_ASHA
wen my pregnant wife start walk,CALL_ASHA
child small wound from play,CALL_ASHA
how long rest after med my son,CALL_ASHA
next chekup when for my baby,CALL_ASHA
daughter runing nose goes school,CALL_ASHA
advise calcum for pregnant wife,CALL_ASHA
baby hicup after feed,CALL_ASHA
pregnant wife sweling legs,CALL_ASHA
pregnant wife burning stomch,CALL_ASHA
tell dosage paracetmol child,CALL_ASHA
when pregnant wife take calcum tablt,CALL_ASHA
how long iron for pregnant wife,CALL_ASHA
my daughter leg cramp at nite,CALL_ASHA
next checkup due for baby,CALL_ASHA
child mild throat pain,CALL_ASHA
when deworm tablt for son,CALL_ASHA
advise nutriton for pregnant wife,CALL_ASHA
son backache after sit,CALL_ASHA
baby dry cough no fevr,CALL_ASHA
daughter small birth mark,CALL_ASHA
baby has back pain but not severe,CALL_ASHA
child has cough but goes to play,CALL_ASHA
can you bring the tablets when you come,CALL_ASHA
when should my pregnant wife take iron,CALL_ASHA
my baby feels better but still little weak,CALL_ASHA
baby not crying much at night but wakes,CALL_ASHA
son has no fever now after medicine,CALL_ASHA
when is the vaccination for my baby,CALL_ASHA
daughter has rash but not spreading,CALL_ASHA
can you check my child who is active,CALL_ASHA
pregnant wife needs checkup but no emergency,CALL_ASHA
baby has mild cold no breathing issue,CALL_ASHA
son has pain but only after play,CALL_ASHA
when to give next dose since baby improving,CALL_ASHA
daughter is not sleeping well but eats,CALL_ASHA
my can you bring supplements for my baby,CALL_ASHA
baby has no fever but little loose stool,CALL_ASHA
pregnant wife complains but only morning,CALL_ASHA
the child has small injury no bleeding,CALL_ASHA
pregnant wife feels tired but does work,CALL_ASHA
when next camp if my son is healthy,CALL_ASHA
my daughter has no appetite but plays,CALL_ASHA
can you tell although my baby is stable,CALL_ASHA
baby not gaining but no other problem,CALL_ASHA
pregnant wife has gas but eats normal,CALL_ASHA
child has cold but no school absence,CALL_ASHA
please bring medicine when you visit,CALL_ASHA
pregnant wife has swelling but can walk,CALL_ASHA
when is checkup date for my baby,CALL_ASHA
daughter has dry skin no severe itch,CALL_ASHA
can you advise food for my picky son,CALL_ASHA
my pregnant wife knee pain but does work,CALL_ASHA
child has ear discomfort no discharge,CALL_ASHA
my pregnant wife pregnancy going well mild ache,CALL_ASHA
baby teething but no high fever,CALL_ASHA
when should my grandfather take his BP medicine,CALL_ASHA
my grandma needs sugar level check when can you tell me,CALL_ASHA
my father has mild joint pain can we manage it,CALL_ASHA
when to give iron supplement for my mothers weakness,CALL_ASHA
my grandfather BP tablet timing please,CALL_ASHA
my grandma sugar is bit high but no fever what to do,CALL_ASHA
my father feels age weakness can you suggest tonic,CALL_ASHA
joint pain medicine for my grandma when should she take,CALL_ASHA
my grandfather has no chest pain just tiredness when to check,CALL_ASHA
when is next BP check for my father,CALL_ASHA
my mother needs calcium tablet for joint pain,CALL_ASHA
my grandpa sugar control diet what should he eat,CALL_ASHA
when should my grandma take her BP medicine,CALL_ASHA
my father mild body weakness after work can you advise,CALL_ASHA
my grandmother joint stiffness in morning what to do,CALL_ASHA
sugar tablet timing for my grandfather please,CALL_ASHA
my mother has age related tiredness needs supplement,CALL_ASHA
when to check sugar for my grandpa,CALL_ASHA
my grandma BP is stable but when next review,CALL_ASHA
my father joint pain oil massage is enough,CALL_ASHA
calcium for my grandmother age weakness when,CALL_ASHA
my grandfather feels mild dizziness no fever,CALL_ASHA
when should my mother take iron for tiredness,CALL_ASHA
my grandpa has mild knee pain can we continue home care,CALL_ASHA
my grandma sugar medicine miss aana what to do,CALL_ASHA
my father BP low sometimes when to worry,CALL_ASHA
age weakness tonic for my grandmother please,CALL_ASHA
when is next sugar test for my grandfather,CALL_ASHA
my mother has back pain from age what medicine,CALL_ASHA
my grandpa joint pain is usual can you confirm,CALL_ASHA
my grandma needs BP tablet refill when can you bring,CALL_ASHA
mild body ache for my father after farm work,CALL_ASHA
when should my grandfather take calcium tablet,CALL_ASHA
my mother sugar levels stable but diet advice needed,CALL_ASHA
my grandma feels light weakness no other issue,CALL_ASHA
my grandfather BP medicine timing please,CALL_ASHA
joint pain relief for my father what to use,CALL_ASHA
when to check BP for my grandmother,CALL_ASHA
my grandpa has mild sugar increase what food avoid,CALL_ASHA
my mother age related joint stiffness can you suggest,CALL_ASHA
my father no fever just tiredness when to call,CALL_ASHA
sugar check when for my grandma,CALL_ASHA
my grandfather needs iron supplement for weakness,CALL_ASHA
my grandmother mild knee pain after walking,CALL_ASHA
when should my father take his BP tablet,CALL_ASHA
my grandpa joint pain usual for age what to do,CALL_ASHA
calcium tablet for my mother when,CALL_ASHA
my grandmother sugar control what fruits ok,CALL_ASHA
my father feels weak after work can you advise,CALL_ASHA
when is BP review for my grandfather,CALL_ASHA
my grandma has mild back pain from sitting long,CALL_ASHA
my mother age weakness needs tonic,CALL_ASHA
my grandpa sugar tablet epo,CALL_ASHA
when should my grandmother take joint pain medicine,CALL_ASHA
my father mild dizziness when standing what to do,CALL_ASHA
my grandfather BP stable but when next check,CALL_ASHA
my mother has light joint pain can manage at home,CALL_ASHA
sugar diet advice for my grandma please,CALL_ASHA
my grandfather tiredness from age what supplement,CALL_ASHA
when to give calcium for my father,CALL_ASHA
my grandmother mild body weakness no fever,CALL_ASHA
my grandpa joint pain relief needed,CALL_ASHA
my mother BP medicine when to take,CALL_ASHA
when is sugar test for my grandfather,CALL_ASHA
my grandma feels age related fatigue can you suggest,CALL_ASHA
my father has mild knee pain after work,CALL_ASHA
calcium for my grandmother when should she take,CALL_ASHA
my grandfather sugar is controlled but diet,CALL_ASHA
my mother joint stiffness in morning what to do,CALL_ASHA
when to check BP for my grandpa,CALL_ASHA
my grandma needs iron for tiredness,CALL_ASHA
my father mild back pain from age,CALL_ASHA
my grandfather has no serious issue just weakness,CALL_ASHA
sugar medicine timing for my mother please,CALL_ASHA
when should my grandmother take BP tablet,CALL_ASHA
my grandpa joint pain usual can we use oil,CALL_ASHA
my father age weakness tonic needed,CALL_ASHA
my grandma mild dizziness sometimes,CALL_ASHA
when is next check for my grandfather sugar,CALL_ASHA
my mother has light body ache after chores,CALL_ASHA
my grandfather BP tablet refill when,CALL_ASHA
my grandma sugar high but manageable what to do,CALL_ASHA
my father knee pain mild when to use medicine,CALL_ASHA
calcium supplement for my grandmother age weakness,CALL_ASHA
when should my grandpa take his joint pain tablet,CALL_ASHA
my mother feels tired no fever what supplement,CALL_ASHA
my grandfather mild headache from sun what to do,CALL_ASHA
my grandma BP is ok but when next,CALL_ASHA
my father sugar levels when to check,CALL_ASHA
when to give iron for my grandmother weakness,CALL_ASHA
my grandpa has mild joint stiffness,CALL_ASHA
my mother back pain from age can manage,CALL_ASHA
my grandfather tiredness after walk what to do,CALL_ASHA
sugar control advice for my grandma,CALL_ASHA
my father BP medicine timing please,CALL_ASHA
when is vaccination or check for my elderly mother,CALL_ASHA
my grandmother mild knee swelling after sitting,CALL_ASHA
my grandpa needs calcium for bones,CALL_ASHA
my mother joint pain what home remedy,CALL_ASHA
when should my father take sugar medicine,CALL_ASHA
my grandma age weakness can you suggest tonic,CALL_ASHA
my grandfather mild body pain after work,CALL_ASHA
my mother has no fever just light weakness,CALL_ASHA
BP check when for my grandpa,CALL_ASHA
my grandmother sugar tablet when to take,CALL_ASHA
my father joint pain from old age,CALL_ASHA
when to check for my mothers BP,CALL_ASHA
my grandpa feels weak after farm work,CALL_ASHA
my grandma mild cough but no fever what to do,CALL_ASHA
my grandfather sugar diet what is good,CALL_ASHA
calcium when for my mother,CALL_ASHA
my father age related tiredness supplement needed,CALL_ASHA
my grandmother joint pain medicine refill,CALL_ASHA
when should my grandpa take BP tablet,CALL_ASHA
my mother mild dizziness no other problem,CALL_ASHA
my grandfather has light knee pain,CALL_ASHA
sugar test timing for my grandma please,CALL_ASHA
my father back pain mild what to use,CALL_ASHA
my grandmother feels age weakness can you help,CALL_ASHA
when to give iron supplement for my grandfather,CALL_ASHA
my mother BP is stable but when next check,CALL_ASHA
my grandpa joint stiffness in morning,CALL_ASHA
my grandma sugar control diet advice,CALL_ASHA
my father has mild body weakness,CALL_ASHA
when should my grandmother take calcium,CALL_ASHA
my grandfather tiredness from age what tonic,CALL_ASHA
my mother mild joint pain can we continue,CALL_ASHA
BP medicine for my grandpa when,CALL_ASHA
my grandmother no fever just light ache,CALL_ASHA
my father sugar levels ok but when test,CALL_ASHA
when to check joint pain for my mother,CALL_ASHA
my grandpa mild dizziness when getting up,CALL_ASHA
my grandma needs BP tablet timing,CALL_ASHA
my grandfather age weakness supplement please,CALL_ASHA
my mother has mild back pain from daily work,CALL_ASHA
sugar medicine for my father when should he take,CALL_ASHA
my grandmother joint pain usual for her age,CALL_ASHA
when is next BP review for my grandfather,CALL_ASHA
my grandpa feels weak can you suggest something,CALL_ASHA
my mother mild knee pain after sitting,CALL_ASHA
my grandmother sugar is bit high no issue,CALL_ASHA
my father has light body tiredness,CALL_ASHA
calcium tablet timing for my grandma,CALL_ASHA
when should my grandfather take iron,CALL_ASHA
my mother age related fatigue what to do,CALL_ASHA
my grandpa mild joint pain can manage,CALL_ASHA
my grandmother BP medicine when to take,CALL_ASHA
my father sugar check when,CALL_ASHA
when to use oil for my mothers joint pain,CALL_ASHA
my grandfather has no serious pain just weakness,CALL_ASHA
my grandma needs tonic for age tiredness,CALL_ASHA
my father mild dizziness sometimes,CALL_ASHA
sugar diet for my grandfather please,CALL_ASHA
when should my mother take BP tablet,CALL_ASHA
my grandpa joint stiffness what to use,CALL_ASHA
my grandmother mild body ache after work,CALL_ASHA
my father BP low but stable,CALL_ASHA
when is calcium for my grandma,CALL_ASHA
my grandfather sugar medicine timing,CALL_ASHA
my mother feels light weakness no fever,CALL_ASHA
my grandpa age related joint pain,CALL_ASHA
when to check sugar for my grandmother,CALL_ASHA
my father has mild back pain can you advise,CALL_ASHA
my grandma BP check when,CALL_ASHA
my grandfather needs supplement for tiredness,CALL_ASHA
my mother joint pain mild what medicine,CALL_ASHA
when should my grandpa take his medicine,CALL_ASHA
my grandmother sugar levels when to test,CALL_ASHA
my father mild knee ache after farm,CALL_ASHA
calcium for my mother age weakness,CALL_ASHA
my grandpa feels tired can you suggest,CALL_ASHA
when to give BP medicine for my grandmother,CALL_ASHA
my grandfather mild joint pain usual,CALL_ASHA
my mother has light dizziness,CALL_ASHA
my grandma sugar controlled but diet needed,CALL_ASHA
my father age weakness what tonic,CALL_ASHA
when is next check for my grandfathers BP,CALL_ASHA
my grandmother joint stiffness mild,CALL_ASHA
my grandpa body tiredness after work,CALL_ASHA
sugar tablet for my mother when,CALL_ASHA
when should my grandma take iron supplement,CALL_ASHA
my grandfather has no fever just weakness,CALL_ASHA
my mother BP medicine timing please,CALL_ASHA
my grandma mild knee pain can manage,CALL_ASHA
my father sugar diet advice,CALL_ASHA
when to check for my grandfathers joint pain,CALL_ASHA
my grandmother feels age tiredness,CALL_ASHA
my grandpa calcium when to take,CALL_ASHA
my mother mild body ache,CALL_ASHA
my grandmother sugar test when,CALL_ASHA
my grandfather joint pain mild what to do,CALL_ASHA
my mother age weakness tonic needed,CALL_ASHA
my grandpa mild dizziness no problem,CALL_ASHA
when to give calcium for my grandmother,CALL_ASHA
my father has light joint stiffness,CALL_ASHA
my grandma BP is ok when next,CALL_ASHA
my grandfather tiredness from age,CALL_ASHA
sugar check for my mother please,CALL_ASHA
my father mild back pain can continue home,CALL_ASHA
when should my grandpa take sugar medicine,CALL_ASHA
my grandmother joint pain usual for age,CALL_ASHA
my mother feels weak after chores,CALL_ASHA
my grandfather BP tablet when,CALL_ASHA
my father age related mild pain,CALL_ASHA
son needs vitamin syrup when to give,CALL_ASHA
wife asking for calcium tablets,CALL_ASHA
baby next vaccine date please tell,CALL_ASHA
my daughter iron supplement when to start,CALL_ASHA
father bp medicine timing,CALL_ASHA
mild cold what medicine can i give,CALL_ASHA
when is next injection for my son,CALL_ASHA
my mother calcium tablet when,CALL_ASHA
baby polio shot when to give,CALL_ASHA
boy multivitamin syrup how often,CALL_ASHA
wife needs folic acid,CALL_ASHA
feeling tired no fever what supplement,CALL_ASHA
daughter next vaccine when,CALL_ASHA
father iron tablet schedule,CALL_ASHA
baby dpt shot date,CALL_ASHA
my husband protein powder when to take,CALL_ASHA
light headache what to do,CALL_ASHA
mother vitamin d tablet,CALL_ASHA
baby measles vaccine when,CALL_ASHA
my daughter calcium when to give,CALL_ASHA
wife iron syrup timing,CALL_ASHA
baby bcg date please,CALL_ASHA
son sleep issue any tablet,CALL_ASHA
my father sugar medicine when,CALL_ASHA
light cough what remedy,CALL_ASHA
boy next shot when,CALL_ASHA
mother folic acid tablet,CALL_ASHA
baby polio booster when,CALL_ASHA
wife multivitamin syrup,CALL_ASHA
body feels weak what to take,CALL_ASHA
daughter iron tablet when,CALL_ASHA
my father calcium tablet,CALL_ASHA
baby dpt booster date,CALL_ASHA
son protein powder needed,CALL_ASHA
wife mild cold what to do,CALL_ASHA
baby measles shot when,CALL_ASHA
boy vitamin d when,CALL_ASHA
mother bp tablet timing,CALL_ASHA
light body pain what medicine,CALL_ASHA
my wife folic acid when,CALL_ASHA
baby next injection date,CALL_ASHA
son iron syrup how to give,CALL_ASHA
father multivitamin tablet,CALL_ASHA
baby bcg when to give,CALL_ASHA
daughter calcium needed,CALL_ASHA
mother feeling weak what supplement,CALL_ASHA
baby polio when,CALL_ASHA
my son light headache what to do,CALL_ASHA
wife iron tablet,CALL_ASHA
baby dpt when,CALL_ASHA
boy protein when to take,CALL_ASHA
my father mild cough what to give,CALL_ASHA
baby measles when,CALL_ASHA
wife vitamin d tablet,CALL_ASHA
daughter next vaccine date,CALL_ASHA
my mother mild weakness what to do,CALL_ASHA
baby calcium syrup when,CALL_ASHA
son folic acid needed,CALL_ASHA
mother multivitamin when,CALL_ASHA
baby polio booster,CALL_ASHA
boy iron tablet,CALL_ASHA
father protein powder,CALL_ASHA
baby next shot date,CALL_ASHA
my wife calcium tablet,CALL_ASHA
daughter light cold what medicine,CALL_ASHA
mother vitamin tablet needed,CALL_ASHA
baby dpt injection,CALL_ASHA
my son feeling tired what to give,CALL_ASHA
wife iron syrup,CALL_ASHA
baby measles date,CALL_ASHA
boy bp medicine when,CALL_ASHA
my father light headache what to do,CALL_ASHA
baby bcg shot when,CALL_ASHA
wife multivitamin,CALL_ASHA
daughter folic acid tablet,CALL_ASHA
my mother calcium needed,CALL_ASHA
baby polio next,CALL_ASHA
son iron medicine,CALL_ASHA
wife protein needed,CALL_ASHA
baby dpt booster when,CALL_ASHA
boy vitamin d,CALL_ASHA
father mild cold what to do,CALL_ASHA
baby measles vaccine,CALL_ASHA
daughter iron syrup,CALL_ASHA
mother folic acid,CALL_ASHA
baby bcg date,CALL_ASHA
my son multivitamin,CALL_ASHA
wife mild weakness,CALL_ASHA
baby dpt when to give,CALL_ASHA
boy light cold medicine,CALL_ASHA
my father iron tablet,CALL_ASHA
baby polio shot,CALL_ASHA
wife protein powder,CALL_ASHA
daughter calcium,CALL_ASHA
my mother multivitamin tablet,CALL_ASHA
son folic acid,CALL_ASHA
wife bp tablet when,CALL_ASHA
baby next vaccine,CALL_ASHA
boy iron needed,CALL_ASHA
father calcium,CALL_ASHA
baby dpt,CALL_ASHA
my wife vitamin d,CALL_ASHA
daughter mild cough,CALL_ASHA
mother protein powder,CALL_ASHA
baby bcg,CALL_ASHA
my son calcium tablet,CALL_ASHA
wife folic acid,CALL_ASHA
baby polio,CALL_ASHA
boy multivitamin syrup,CALL_ASHA
my father mild body pain,CALL_ASHA
baby measles shot,CALL_ASHA
daughter vitamin d,CALL_ASHA
my mother folic acid tablet,CALL_ASHA
baby dpt booster,CALL_ASHA
son protein,CALL_ASHA
wife mild cold,CALL_ASHA
baby next injection,CALL_ASHA
boy iron syrup,CALL_ASHA
father multivitamin,CALL_ASHA
my wife calcium,CALL_ASHA
daughter folic acid,CALL_ASHA
mother iron tablet,CALL_ASHA
baby measles,CALL_ASHA
my son vitamin d,CALL_ASHA
wife protein,CALL_ASHA
baby bcg when,CALL_ASHA
boy mild headache,CALL_ASHA
my father folic acid,CALL_ASHA
baby dpt date,CALL_ASHA
daughter iron,CALL_ASHA
my mother calcium tablet,CALL_ASHA
son mild cold,CALL_ASHA
wife vitamin tablet,CALL_ASHA
baby measles when to give,CALL_ASHA
boy protein powder,CALL_ASHA
father iron syrup,CALL_ASHA
my wife folic acid,CALL_ASHA
mother multivitamin,CALL_ASHA
baby bcg shot,CALL_ASHA
my son iron tablet,CALL_ASHA
wife mild weakness what,CALL_ASHA
baby next vaccine date,CALL_ASHA
boy calcium,CALL_ASHA
my father protein,CALL_ASHA
baby measles vaccine date,CALL_ASHA
wife iron,CALL_ASHA
daughter multivitamin,CALL_ASHA
wife vitamin d,CALL_ASHA
father calcium tablet,CALL_ASHA
my wife protein powder,CALL_ASHA
daughter mild headache,CALL_ASHA
boy vitamin d tablet,CALL_ASHA
my father mild cough,CALL_ASHA
wife calcium tablet,CALL_ASHA
daughter protein,CALL_ASHA
my mother iron tablet,CALL_ASHA
baby next shot,CALL_ASHA
son calcium medicine,CALL_ASHA
wife folic acid when,CALL_ASHA
father vitamin d,CALL_ASHA
my wife mild cold remedy,CALL_ASHA
daughter iron supplement,CALL_ASHA
my son folic acid tablet,CALL_ASHA
wife multivitamin when,CALL_ASHA
baby polio when to give,CALL_ASHA
my father mild weakness,CALL_ASHA
wife calcium,CALL_ASHA
my mother folic acid,CALL_ASHA
baby next vaccine please,CALL_ASHA
boy calcium tablet,CALL_ASHA
mother iron syrup,CALL_ASHA
my son vitamin tablet,CALL_ASHA
boy mild cold,CALL_ASHA
my father calcium,CALL_ASHA
wife multivitamin tablet,CALL_ASHA
my mother vitamin d,CALL_ASHA
wife mild body pain,CALL_ASHA
baby measles shot date,CALL_ASHA
father iron,CALL_ASHA
my wife calcium medicine,CALL_ASHA
mother mild cold what,CALL_ASHA
my son calcium,CALL_ASHA
wife folic acid tablet,CALL_ASHA
my father vitamin tablet,CALL_ASHA
daughter mild weakness,CALL_ASHA
my mother multivitamin,CALL_ASHA
son iron tablet,CALL_ASHA
father folic acid,CALL_ASHA
my wife mild cough,CALL_ASHA
mother iron,CALL_ASHA
boy folic acid,CALL_ASHA
wife iron supplement,CALL_ASHA
daughter vitamin,CALL_ASHA
my mother protein,CALL_ASHA
